Date,Open,High,Low,Close,Volume
19/9/2014,92.7,99.7,89.95,93.89,271879400
22/9/2014,92.7,92.95,89.5,89.89,66657800
23/9/2014,88.94,90.48,86.62,87.17,39009800
24/9/2014,88.47,90.57,87.22,90.57,32088000
25/9/2014,91.09,91.5,88.5,88.92,28598000
26/9/2014,89.73,90.46,88.66,90.46,18340000
29/9/2014,89.62,89.7,88.02,88.75,25302000
30/9/2014,89,90.88,88.46,88.85,24419400
1/10/2014,88.7,88.94,86.04,86.1,24029600
2/10/2014,86.27,88.2,85.61,87.06,21469700
3/10/2014,88.1,89.94,87.65,88.1,18485700
6/10/2014,89.15,89.65,88.06,88.31,9268400
7/10/2014,87.95,89.7,87.06,87.67,12791700
8/10/2014,88,88.5,87.06,88.3,10252600
9/10/2014,88.51,90.35,88,88.79,21507000
10/10/2014,88.25,88.74,85.24,85.88,15431400
13/10/2014,86.85,86.89,84.92,85.12,14845000
14/10/2014,85.81,85.88,83.22,84.95,15559200
15/10/2014,84.04,86.49,82.81,85.6,16824300
16/10/2014,84.98,89.18,84.01,88.85,15232000
17/10/2014,90.4,90.9,87.67,87.91,17360700
20/10/2014,88,89.5,87.86,88.26,9891400
21/10/2014,89.1,92.5,88.5,90.9,23243800
22/10/2014,92.25,93.5,91.01,91.63,20364500
23/10/2014,92.92,94.7,92.82,94.45,20641000
24/10/2014,95.07,98,94.78,95.76,32132600
27/10/2014,97,98.85,96.3,97.79,28302400
28/10/2014,99.84,100.67,98.61,99.68,32127600
29/10/2014,99.88,100,96.82,98.31,28655400
30/10/2014,98.48,99.44,97.3,98.73,15484600
31/10/2014,100.1,100.22,98.14,98.6,18128300
3/11/2014,99.67,102.8,99.05,101.8,40883700
4/11/2014,100.43,106.36,99.51,106.07,67814000
5/11/2014,108.48,110.14,106.48,108.67,48344000
6/11/2014,109.3,111.7,107.21,111.57,33609000
7/11/2014,112.93,114.77,111.75,114.56,51457000
10/11/2014,117.27,119.45,115.2,119.15,75971000
11/11/2014,117.25,117.55,113.69,114.54,70983600
12/11/2014,115.05,119.07,114.02,118.2,53908000
13/11/2014,119.3,120,114.55,114.84,62163000
14/11/2014,115.06,115.39,113.35,115.1,29849000
17/11/2014,115.44,115.63,113.13,114.25,22573000
18/11/2014,114.33,114.38,110.41,110.81,41098000
19/11/2014,109.83,110.68,107.22,108.82,46841000
20/11/2014,107.81,112.44,107.26,109.82,36489000
21/11/2014,113.21,113.5,110.43,110.73,27432000
24/11/2014,112,113.93,111.55,113.92,20646000
25/11/2014,114.94,115.17,112.33,113.47,23485000
26/11/2014,113.33,113.74,112.33,112.67,11794700
28/11/2014,113.14,113.23,111.11,111.64,8077800
1/12/2014,110.02,110.05,103.9,105.99,38464200
2/12/2014,107.35,110,106.61,109.89,18785000
3/12/2014,110.4,111.68,108.8,110.64,16221100
4/12/2014,110.1,110.5,108.91,109.17,10779300
5/12/2014,109.6,110.35,107.76,107.9,12148100
8/12/2014,105.97,107.4,104.21,105.07,19217300
9/12/2014,102.27,107.95,101.2,107.48,24866800
10/12/2014,107.09,107.38,103.51,103.88,18466700
11/12/2014,104.44,106.84,104.29,104.97,15684300
12/12/2014,104.7,107.45,104.18,105.11,14537600
15/12/2014,106.39,107.77,103.7,104.7,16521800
16/12/2014,103.75,107.68,103.7,105.77,21700600
17/12/2014,107.11,109.19,106.28,109.02,17311100
18/12/2014,110.58,111.2,108.26,109.25,22788100
19/12/2014,109.93,110.65,108.04,110.65,14857800
22/12/2014,110.63,110.98,108.53,108.77,13041200
23/12/2014,108.3,108.47,103.88,105.52,19096300
24/12/2014,105.68,107.21,105.6,105.95,5870400
26/12/2014,105.99,106.94,105.5,105.95,6529100
29/12/2014,105.95,107.66,105.64,105.98,8068600
30/12/2014,105.64,106.71,105.13,105.75,10205700
31/12/2014,106.46,106.47,103.69,103.94,10221600
2/1/2015,104.24,104.72,102.52,103.6,12303400
5/1/2015,102.76,103.02,99.9,101,18337000
6/1/2015,101.25,103.85,100.11,103.32,15720400
7/1/2015,104.59,104.74,102.03,102.13,11052200
8/1/2015,102.95,105.34,102.68,105.03,12942100
9/1/2015,105.24,105.3,102.89,103.02,10222200
12/1/2015,103.2,103.36,101.21,101.62,7997200
13/1/2015,102.59,102.85,100.01,100.77,11294400
14/1/2015,99.28,100.18,98.06,99.58,17808000
15/1/2015,99.67,100.14,96.02,96.31,18260100
16/1/2015,96.09,97.8,95.52,96.89,13327900
20/1/2015,98.3,100.21,97.59,100.04,12105600
21/1/2015,100.75,103.86,100.32,103.29,15186900
22/1/2015,104.6,104.92,103.1,104,11433000
23/1/2015,104.02,105.2,103.02,103.11,9873800
26/1/2015,104.4,105.13,103.33,103.99,10664900
27/1/2015,102.89,103.57,100.58,102.94,15659900
28/1/2015,100.3,101.49,97.79,98.45,42144700
29/1/2015,90.53,90.74,87.36,89.81,76561400
30/1/2015,89.6,92,88.11,89.08,36806900
2/2/2015,91.13,91.66,88.61,90.13,18865300
3/2/2015,91.65,91.65,89.9,90.61,13512300
4/2/2015,90.99,91.88,89.48,90,14643600
5/2/2015,89.58,89.84,86.1,87,28926200
6/2/2015,87.11,87.4,85.42,85.68,17632100
9/2/2015,85.83,86.75,85.47,86,12109500
10/2/2015,87.01,87.47,86.52,87.26,12043300
11/2/2015,87.58,87.7,85.82,86,12391900
12/2/2015,85.6,88.3,85.55,87.1,15177800
13/2/2015,88.2,89.3,87.65,89.05,14665200
17/2/2015,88.78,88.99,86.7,86.85,15191700
18/2/2015,87.1,87.43,86.5,86.74,7422300
19/2/2015,86.81,87.87,86.71,86.89,7604100
20/2/2015,87.25,87.29,86.38,86.64,7821700
23/2/2015,86.51,86.68,85.25,85.47,9367900
24/2/2015,85.53,85.53,83.88,84.69,15846400
25/2/2015,84.38,86.83,84.36,86.19,13645700
26/2/2015,86.92,87.16,85.2,85.37,8763300
27/2/2015,85.95,86.56,85,85.12,8377200
2/3/2015,85,85.02,83.75,84,11213400
3/3/2015,82.95,83.25,80.03,81.58,39246100
4/3/2015,80.27,85.83,80.17,85.49,36607200
5/3/2015,85.75,86.27,84.01,86.1,18514800
6/3/2015,85.74,86,84.05,84.4,10673700
9/3/2015,84.35,84.35,81.48,82.53,17616500
10/3/2015,81.09,83.15,80.65,82.97,13817000
11/3/2015,83,83.38,81.19,81.99,12768700
12/3/2015,82.1,82.9,81.53,81.92,11232000
13/3/2015,81.8,81.92,80.77,81.86,12663300
16/3/2015,82.01,85.2,81.94,84,16905700
17/3/2015,84.01,85.1,83.51,84.5,17639000
18/3/2015,83.87,85.95,83.3,84.59,35663000
19/3/2015,85.11,87.04,85,85.74,30454700
20/3/2015,86.33,86.8,85.09,85.2,21181500
23/3/2015,85.25,85.53,84.21,84.25,11184000
24/3/2015,84.35,84.5,82.39,83.63,14545100
25/3/2015,83.94,84.48,82.67,83.75,13507200
26/3/2015,83.2,85,82.96,84.17,12208000
27/3/2015,84.78,85.15,83.34,84.58,9703800
30/3/2015,85.03,85.15,83.75,83.9,10020500
31/3/2015,83.64,84.45,83.2,83.24,11812900
1/4/2015,83.37,83.72,82.18,82.36,14896400
2/4/2015,82.88,83,81.25,82.28,19868200
6/4/2015,82.05,82.59,81.61,81.82,12810500
7/4/2015,81.94,82.95,81.88,82.21,9443000
8/4/2015,83.3,85.54,83.07,85.39,26161500
9/4/2015,87.03,87.69,85.2,86.14,27800400
10/4/2015,86.68,86.69,84.15,84.58,18300300
13/4/2015,85.16,85.71,83.82,84.28,15797100
14/4/2015,84.63,85.13,83.53,85,11819000
15/4/2015,85.08,85.36,84.16,84.67,12225800
16/4/2015,85.15,85.4,83.89,84.06,12048600
17/4/2015,83.08,83.25,81.61,81.9,22791800
20/4/2015,82.25,82.69,81.52,82.2,13471000
21/4/2015,82.86,82.92,82.14,82.42,10056000
22/4/2015,82.78,82.84,81.52,82.05,13316900
23/4/2015,81.88,82.75,81.62,82.28,11483300
24/4/2015,82.88,84.99,82.8,84.57,21058400
27/4/2015,85.53,86.27,84.65,84.9,17434200
28/4/2015,85.54,85.57,83.82,85.08,11110500
29/4/2015,84.06,84.4,81.64,82.45,21098000
30/4/2015,82.22,82.65,80.44,81.29,14209700
1/5/2015,81.03,82.25,80.11,81.17,17910500
4/5/2015,81.17,81.56,80.12,80.59,21551500
5/5/2015,80.44,80.9,77.77,79.54,32661900
6/5/2015,79.65,80.85,79.51,80,24953500
7/5/2015,88.83,89.29,84.91,86,69448800
8/5/2015,87.82,88.27,86.89,87.06,30140600
11/5/2015,86.7,87.67,86.06,86.72,19776900
12/5/2015,87.05,87.5,86.14,86.77,16077800
13/5/2015,87.08,88.47,87,87.53,19015900
14/5/2015,87.74,88.48,87.53,88.4,12087900
15/5/2015,88.51,88.96,88.05,88.46,13424600
18/5/2015,87.61,87.93,86.61,87.11,13490200
19/5/2015,86.99,88.8,86.47,88.21,20727700
20/5/2015,88.14,90.8,87.3,90.7,29812300
21/5/2015,91.35,94.77,90.92,93.88,40729400
22/5/2015,94.28,95.06,93.19,93.27,22183300
26/5/2015,93.65,93.92,91.55,92.52,15674900
27/5/2015,92.22,92.99,91.6,92.6,9519300
28/5/2015,91.69,91.93,90.58,90.95,14213000
29/5/2015,91.35,91.5,89.32,89.32,13893200
1/6/2015,90.09,90.99,89.49,90.78,9905900
2/6/2015,90.55,91.54,90.19,90.51,9865300
3/6/2015,90.51,91.04,89.9,90.79,9428000
4/6/2015,90.71,91.41,90.27,90.59,8689000
5/6/2015,90.46,91.6,90.46,90.71,11353900
8/6/2015,90.65,91.6,88.24,88.29,15603000
9/6/2015,88.04,88.18,86.12,87.58,16081800
10/6/2015,87.7,88.99,87.2,88.9,12551300
11/6/2015,89.03,89.48,87.1,87.21,13716200
12/6/2015,87.42,87.79,86.48,86.63,9977100
15/6/2015,86.3,87.17,86.05,86.12,10230400
16/6/2015,86,86.7,85.61,86.09,10974200
17/6/2015,86.58,87.8,86.48,86.8,10241500
18/6/2015,86.97,87.59,86.32,86.75,11737200
19/6/2015,86.51,86.6,85.17,85.74,10317000
22/6/2015,86.07,86.4,85.58,85.68,7154200
23/6/2015,85.98,86.34,84.83,85.08,11411300
24/6/2015,85.16,85.81,84.85,85.17,9434300
25/6/2015,85.47,85.6,84.9,85.24,8949800
26/6/2015,84.63,84.65,82.82,83.28,12668600
29/6/2015,83.28,83.28,80.8,81.07,15199800
30/6/2015,82.58,83.69,81.96,82.27,12551400
1/7/2015,82.6,83,81.99,82.46,5950000
2/7/2015,82.12,82.32,81.78,82.07,6760200
6/7/2015,80.56,81.5,80.12,80.23,11864200
7/7/2015,79.45,79.79,76.21,79.62,34221700
8/7/2015,76.58,78.79,76.22,77.94,22714900
9/7/2015,80.93,81.19,79.04,79.04,19778700
10/7/2015,81.13,81.2,79.84,80.3,11224500
13/7/2015,80.92,82.2,80.7,81.86,10350500
14/7/2015,81.58,82.02,81.13,81.5,7519300
15/7/2015,80.9,81.5,80.21,80.73,9514200
16/7/2015,81.39,82,80.9,81.53,8604500
17/7/2015,81.99,83.7,81.58,83.36,14505400
20/7/2015,83.56,83.68,82.05,82.67,8126100
21/7/2015,83.11,83.25,82.22,82.54,5750700
22/7/2015,82.16,84.75,82,84.15,11209200
23/7/2015,84.66,84.97,83.25,83.88,7452300
24/7/2015,85.17,85.38,82.65,83.02,8759900
27/7/2015,80.85,81.7,79.68,81.4,12185700
28/7/2015,80.67,80.8,79.25,80.56,12122800
29/7/2015,80.98,81.37,80.01,80.26,7177100
30/7/2015,80.11,80.64,79.45,79.96,6934700
31/7/2015,79.85,79.9,78.2,78.34,12687000
3/8/2015,78.2,78.5,77.11,77.99,9277000
4/8/2015,78.07,79.35,77.8,78.87,8501200
5/8/2015,79.59,80.42,79.48,79.82,7502600
6/8/2015,79.85,80.75,78.64,78.96,9297800
7/8/2015,79.65,80.2,78.66,78.82,8738800
10/8/2015,79.86,80.99,79.5,80.47,11276700
11/8/2015,79.48,80,76.15,77.34,22976600
12/8/2015,72.32,73.85,71.03,73.38,41093200
13/8/2015,74,76.73,73.66,75.11,23230700
14/8/2015,74.53,75.49,74.46,74.76,12367300
17/8/2015,74.85,75.24,74.16,75.19,12677400
18/8/2015,74.05,75.13,73.73,73.88,11155100
19/8/2015,73.15,73.56,72.81,73.12,18179400
20/8/2015,71.98,72.78,70.03,70.32,20995600
21/8/2015,69.32,70.66,68.18,68.18,29128600
24/8/2015,58.16,65.8,58,65.8,31376400
25/8/2015,68.84,70.33,67.49,68.57,29948400
26/8/2015,68.95,69.45,65.75,68.66,26389200
27/8/2015,70.84,71.59,70.02,70.84,18123800
28/8/2015,69.68,70.5,69.04,70.07,10604600
31/8/2015,69.18,69.3,66.02,66.12,18479900
1/9/2015,64.38,66.84,64.05,64.83,23460900
2/9/2015,65.69,66,64.97,65.54,13376300
3/9/2015,65.82,66.89,65.41,66.47,15803200
4/9/2015,65.4,65.57,63.34,63.91,18186400
8/9/2015,65.78,66.81,60.25,60.91,50328400
9/9/2015,62.73,64.67,62.53,64.04,33147900
10/9/2015,63.52,64.25,63.34,63.83,13281600
11/9/2015,63.37,64.79,62.7,64.63,17747000
14/9/2015,62.55,63.26,61.48,62.6,26763300
15/9/2015,61.45,65.36,61.11,64.85,29035000
16/9/2015,65.61,68.08,65.26,67.23,25801000
17/9/2015,66.41,66.65,65.6,66,16594600
18/9/2015,65.4,65.75,64.01,65.75,20127300
21/9/2015,65.38,66.4,62.96,63.9,22355100
22/9/2015,62.94,63.27,61.58,61.9,14897900
23/9/2015,61.96,62.3,59.68,60,22684600
24/9/2015,59.42,60.34,58.21,59.92,20645700
25/9/2015,60.63,60.84,58.92,59.24,17009100
28/9/2015,58.81,60.12,57.31,57.39,20661600
29/9/2015,57.3,58.65,57.2,57.82,16771000
30/9/2015,58.87,60.08,58.35,58.97,16767100
1/10/2015,59.5,59.83,58.23,58.87,8147700
2/10/2015,58.36,63.24,58.2,63.2,22356300
5/10/2015,63.47,64.78,62.2,63.93,13583500
6/10/2015,63.72,64.73,63.28,63.92,9620900
7/10/2015,64.84,66.66,64.38,66.28,15770100
8/10/2015,66.04,68.41,65.96,67.7,18667500
9/10/2015,67.7,69.45,67.31,68.71,14762900
12/10/2015,69.64,70.47,69,70.3,15549100
13/10/2015,69.49,70.32,68.38,69.68,13052800
14/10/2015,69.5,69.7,67.43,68.54,12286100
15/10/2015,69.34,72.44,69.26,71.78,18203000
16/10/2015,72.5,73.64,71.21,71.99,15953500
19/10/2015,71.8,73,71.52,72.65,10886900
20/10/2015,72.99,73,71.55,71.79,11093400
21/10/2015,71.79,71.79,68.89,69.48,16800200
22/10/2015,70.16,71.63,70.07,70.99,10811400
23/10/2015,73.98,75.76,72.84,75.62,22510800
26/10/2015,75.44,77.42,75.13,76.35,24819700
27/10/2015,76.35,82.79,76.35,79.44,50815800
28/10/2015,79.48,82.54,79.2,82.35,25027100
29/10/2015,81.97,82.53,80.82,82.22,16431700
30/10/2015,82.7,84.44,82.6,83.83,20740500
2/11/2015,83.52,84.83,82.75,84.35,13827400
3/11/2015,84,84.59,83.13,83.44,11641300
4/11/2015,84.45,85.6,84.03,85.4,23728500
5/11/2015,85.22,86.42,84.2,85.38,20657200
6/11/2015,85.53,86.35,80.77,83.61,38531000
9/11/2015,83.44,83.47,80.22,81.38,19091500
10/11/2015,81.1,82.43,79.62,81.43,22004400
11/11/2015,82.28,82.49,78.12,79.85,29636600
12/11/2015,78.99,80.5,78.45,78.76,18839800
13/11/2015,77.15,78,75.64,75.85,24235500
16/11/2015,75.83,78.75,75.77,78.3,17045500
17/11/2015,78.9,79.14,77.47,78.13,12471400
18/11/2015,78.25,78.31,76.15,77.69,16735400
19/11/2015,78.06,79.15,77.4,77.87,15692700
20/11/2015,78.44,80.79,78.4,79.95,21025800
23/11/2015,80.45,82.19,79.97,81.31,18766400
24/11/2015,80.85,81.11,79.27,80.86,15283600
25/11/2015,80.91,82.68,80.82,81.71,16330900
27/11/2015,80.57,81.41,79.28,81.38,12599900
30/11/2015,81.5,84.47,81.38,84.08,97914100
1/12/2015,83.77,84.39,83.5,84,26235500
2/12/2015,84.27,85.82,84.25,85,36611500
3/12/2015,85.05,85.1,82.1,82.59,23029200
4/12/2015,82.58,85,82.42,84.85,15555000
7/12/2015,84.8,85.13,84.2,84.76,11875500
8/12/2015,82.77,84.67,82.61,84.38,14667400
9/12/2015,84.37,85.2,82.97,83.42,21919200
10/12/2015,83.34,84.34,82.85,84.33,10474700
11/12/2015,82.85,83.05,79.42,79.74,20793600
14/12/2015,80.15,80.76,78.99,80.57,12077700
15/12/2015,81.06,83.39,80.9,82.49,13054800
16/12/2015,83.3,85.05,83,84.63,16575600
17/12/2015,85,85.32,82.85,83.56,13003000
18/12/2015,83.2,83.75,82.03,82.65,12168700
21/12/2015,83.15,83.73,82.43,82.87,8094600
22/12/2015,82.89,85.1,82.89,84.84,12778200
23/12/2015,85.05,85.09,83.72,84.8,11238500
24/12/2015,84.56,84.8,83.41,83.71,3775300
28/12/2015,82.56,82.75,81.52,82.14,9319400
29/12/2015,82.5,83.51,82.41,83.26,6942700
30/12/2015,82.95,83.11,81.5,81.68,6984300
31/12/2015,81.48,82.17,81.25,81.27,6744500
4/1/2016,78.18,78.31,75.18,76.69,23066300
5/1/2016,77.92,78.68,77.26,78.63,14258900
6/1/2016,77.12,78.49,76.97,77.33,11569300
7/1/2016,73.29,75.5,71.54,72.72,27288100
8/1/2016,74.33,74.66,70.67,70.8,20814600
11/1/2016,71.29,71.73,69.02,69.92,16961400
12/1/2016,71.45,72.77,71,72.68,13456000
13/1/2016,72.77,73.24,70.22,70.29,12480200
14/1/2016,70.29,72.72,68.27,72.25,17719600
15/1/2016,68.7,71,67.54,69.59,20722500
19/1/2016,71.94,72.31,69.81,70.13,17421700
20/1/2016,68.03,69.11,65.34,68.71,19464400
21/1/2016,68.78,71.65,67.14,70.72,16576500
22/1/2016,72.51,73.34,69.89,70.37,15834700
25/1/2016,70.8,70.8,69.02,69.72,14782800
26/1/2016,69.01,70.19,68.88,69.77,11473300
27/1/2016,69.96,71.42,68.75,69.54,18257600
28/1/2016,72.55,73.15,66.67,66.92,33165100
29/1/2016,67.98,68.93,65.4,67.03,25594700
1/2/2016,66.5,67.7,65.35,67.03,16213800
2/2/2016,67.05,67.74,64.66,65.09,19150800
3/2/2016,65.6,65.73,60.87,63.44,31918600
4/2/2016,64.33,65.72,63.1,64.86,22911500
5/2/2016,64.71,64.86,62.18,62.64,12842800
8/2/2016,60.9,62.05,60.45,61.1,16157900
9/2/2016,60.11,62.22,59.25,61.39,12738300
10/2/2016,61.9,63.09,60.87,61.78,8998600
11/2/2016,60.25,61.63,59.85,60.57,15008500
12/2/2016,61.27,62.78,60.28,60.89,13669600
16/2/2016,64.42,66.89,64.04,66.29,21735400
17/2/2016,67.3,67.39,65.68,66.38,14457100
18/2/2016,67,68.5,66.23,66.52,14547800
19/2/2016,66.8,67.75,66.09,67.28,12334900
22/2/2016,68.3,69.53,67.98,68.84,13405400
23/2/2016,68.5,68.66,66.46,66.97,12930600
24/2/2016,66.17,67.69,65.21,67.23,10781500
25/2/2016,65.67,66.72,64.66,66.66,14686100
26/2/2016,68.09,68.83,66.86,66.91,12084100
29/2/2016,67.64,70.58,67.56,68.81,17984200
1/3/2016,70.02,71.84,69.86,70.86,14007700
2/3/2016,72.04,72.04,70.75,71.25,10503000
3/3/2016,71.31,72.59,70.46,71.02,11596400
4/3/2016,70.96,72.96,70.72,72.22,10763600
7/3/2016,72.2,73.98,72,72.89,11244500
8/3/2016,72.4,72.65,70.96,71.07,8670700
9/3/2016,71.59,72.61,70.68,72.43,7283400
10/3/2016,72.5,73.05,70.61,71.97,11247900
11/3/2016,72.58,74.01,72.22,74.01,11219200
14/3/2016,74.01,74.42,72.89,73.35,11069800
15/3/2016,72.62,72.84,71.75,72.23,8373700
16/3/2016,72.01,73.66,71.86,73.5,7701200
17/3/2016,73.76,74.37,73.51,74.25,9423900
18/3/2016,74.97,76.3,74.71,76.25,13350100
21/3/2016,77.09,79.68,76.94,78.11,15493300
22/3/2016,77,78.55,76.91,78.18,9148400
23/3/2016,78.16,78.98,76.15,76.56,10806800
24/3/2016,75.15,76.15,73.53,75.86,8833400
28/3/2016,76.45,76.89,74.9,76.48,6082100
29/3/2016,75.6,78.24,75.57,78.08,12535000
30/3/2016,79.01,79.55,78.54,78.86,10696000
31/3/2016,78.5,79.84,78.41,79.03,11318500
1/4/2016,78.24,79.02,78.2,78.73,9262200
4/4/2016,78.33,79.55,78.32,79.08,9817300
5/4/2016,78.2,78.3,76.91,77.32,9603900
6/4/2016,77.3,79.15,77.19,78.68,9071900
7/4/2016,77.6,78.6,77.18,77.61,10937900
8/4/2016,78.27,78.76,76.62,77.47,8401200
11/4/2016,78.07,78.59,77.43,77.71,7896500
12/4/2016,78,78.24,76.87,77.86,7115400
13/4/2016,78.74,79.72,78.5,79.64,14150900
14/4/2016,79.31,79.86,78.36,79.61,12611500
15/4/2016,79.45,79.75,78.46,78.97,11709100
18/4/2016,78.52,79.12,77.71,79.01,7767000
19/4/2016,79.2,80.48,78.47,79.46,14742000
20/4/2016,79,81.74,78.99,81.21,14911900
21/4/2016,81.08,81.78,80.2,80.78,8819000
22/4/2016,80.12,81.44,79.15,79.89,8649300
25/4/2016,79.8,79.84,78.68,78.84,9207600
26/4/2016,78.85,79.56,77.8,78.61,9632700
27/4/2016,78.3,78.62,76.57,77.65,11491900
28/4/2016,77.65,77.9,76.09,76.4,9959900
29/4/2016,76.81,77.28,75.66,76.94,10124300
2/5/2016,76.89,77,75.94,76.61,7718100
3/5/2016,75.96,76.27,75.43,75.91,8019200
4/5/2016,75.64,75.91,75.01,75.82,14326600
5/5/2016,79.52,79.94,78.1,78.83,27950900
6/5/2016,78.35,79.72,78.25,79.2,12862100
9/5/2016,78.94,79.98,78.89,79.41,11795800
10/5/2016,79.79,79.98,79.15,79.72,9319700
11/5/2016,79.43,80.49,79.41,79.8,11072500
12/5/2016,80.01,80.45,78.32,79.16,8791400
13/5/2016,78.82,79.16,76.97,77.16,10078000
16/5/2016,77.86,79.93,77.59,79.29,11661000
17/5/2016,79.83,80.2,79.31,79.35,10970700
18/5/2016,78.71,80,78.47,79.03,9085800
19/5/2016,78.65,79.26,77.6,78.32,8317500
20/5/2016,78.32,79.45,78.32,78.79,11043900
23/5/2016,78.95,79.5,78.6,79,7187500
24/5/2016,79.17,81.31,79.07,81.12,16707700
25/5/2016,78.53,79.2,74.12,75.59,49606600
26/5/2016,75.59,78.86,75.59,78.35,26968600
27/5/2016,78.49,81,78.39,80.97,24552900
31/5/2016,81,82.03,80.2,82,78861400
1/6/2016,82,82,76.55,76.69,62531500
2/6/2016,76.65,77.75,76.56,77.3,45379500
3/6/2016,77.24,77.8,75.71,76.62,23685700
6/6/2016,77.11,78.33,76.7,78.06,19166100
7/6/2016,78.19,78.37,77.32,77.84,12878000
8/6/2016,78,78.53,77.38,77.64,11614100
9/6/2016,77.39,78.07,76.78,77.56,8994400
10/6/2016,76.43,77.05,75.76,75.92,10421100
13/6/2016,75.25,76.46,74.85,75.45,11300800
14/6/2016,76.89,78.45,76.75,77.77,22358900
15/6/2016,78.31,78.77,77.51,78.39,14734800
16/6/2016,77.84,78.4,76.2,78.27,13570700
17/6/2016,78.45,78.45,76.48,77,15582600
20/6/2016,77.9,78.79,77.84,78.15,9625600
21/6/2016,78.75,79.08,78.4,78.62,8881800
22/6/2016,79.04,79.12,78.21,78.73,8170900
23/6/2016,79.16,79.46,78.55,79.14,8279500
24/6/2016,76.83,77.5,75.43,76.29,18224800
27/6/2016,75.8,75.97,73.3,74.23,15131300
28/6/2016,75.5,76.6,75.5,76.28,11266200
29/6/2016,76.98,78.48,76.9,78.04,11460000
30/6/2016,78.31,79.76,78.28,79.53,12485300
1/7/2016,79.12,80.05,79.12,79.65,7271300
5/7/2016,79.04,79.55,78.37,78.97,6845200
6/7/2016,78.47,78.82,77.68,78.64,7737600
7/7/2016,79,79.49,78.71,79.35,6819200
8/7/2016,78.44,79.35,77.8,78.99,14029100
11/7/2016,79.33,81.9,79.24,81.46,17417500
12/7/2016,81.79,82.88,81.51,81.74,15294100
13/7/2016,81.83,81.88,80.37,80.57,10739200
14/7/2016,81.18,82.24,80.86,81.74,9361500
15/7/2016,81.78,82.49,80.96,81.25,8919900
18/7/2016,80.6,82.79,80.6,82.65,12113600
19/7/2016,82.48,83.69,82.05,82.77,9799400
20/7/2016,83.27,84.7,83.23,84.42,13991000
21/7/2016,84.71,85,83.66,84.18,10163500
22/7/2016,84,84.5,83.81,84.49,5988400
25/7/2016,84.47,84.79,82.61,83.19,13185900
26/7/2016,82.86,83.63,82.63,83.59,7714700
27/7/2016,83.6,83.64,83,83.1,11629000
28/7/2016,83.46,83.49,82.12,83.12,7476500
29/7/2016,83.37,83.42,81.94,82.48,8709300
1/8/2016,82.79,84.8,82.59,84.34,13401200
2/8/2016,84.34,84.34,82.91,83.8,7691600
3/8/2016,83.3,83.84,83.17,83.67,5365800
4/8/2016,83.75,84.98,83.69,84.75,10731600
5/8/2016,85.01,85.08,84.44,84.59,9401700
8/8/2016,84.99,85.02,84.3,85,11528200
9/8/2016,85.05,85.63,84.8,85.24,15349200
10/8/2016,86.01,87.73,86.01,87.33,28195900
11/8/2016,92.14,92.8,91.26,91.77,54169200
12/8/2016,92.98,98.35,92.91,98.25,71968300
15/8/2016,98.28,98.86,96.82,97.17,33813400
16/8/2016,96.15,97.15,95.05,96.66,27514000
17/8/2016,96.17,97.25,96.05,97,14980900
18/8/2016,97.25,97.94,96.62,97,15009000
19/8/2016,96.91,97.24,96.34,96.86,14267100
22/8/2016,96.47,96.63,94.75,95.65,16222900
23/8/2016,95.59,96.48,95.41,95.79,9646800
24/8/2016,95.68,96.3,93.56,93.88,12726600
25/8/2016,93.75,94.69,93.12,93.94,13039900
26/8/2016,94.15,95.45,94.08,95.06,14133900
29/8/2016,94.6,95.16,94.21,94.88,8818300
30/8/2016,95.35,96.68,95.17,96,13994200
31/8/2016,96.14,97.2,96.01,97.19,28617000
1/9/2016,97.3,98,97.01,97.42,13387400
2/9/2016,97.97,99.67,97.97,99.25,17482600
6/9/2016,100.45,104.3,100.45,103.78,32803800
7/9/2016,103.84,104,102.26,102.32,15758800
8/9/2016,101.93,103.78,101.63,102.57,15475500
9/9/2016,101.8,102.21,99.05,99.62,21250400
12/9/2016,97.38,101.38,97,100.8,17318200
13/9/2016,100.38,101.49,98.84,100.28,20004900
14/9/2016,100.08,102.59,100.02,102.4,19604700
15/9/2016,102.62,104.48,102.53,104.45,20795900
16/9/2016,104,105.39,103.86,104.64,20363500
19/9/2016,105.16,105.5,102.19,103.03,15234600
20/9/2016,102.94,103.73,100.93,101.36,12863800
21/9/2016,102.46,106.19,102.21,106,22997100
22/9/2016,107.57,109.76,107.48,109.36,35627700
23/9/2016,108.25,108.4,106.71,107.71,23083000
26/9/2016,106.52,107.06,105.3,105.89,16805300
27/9/2016,106.52,108.49,106.37,108.26,17556700
28/9/2016,108.44,109.87,107.16,108.75,16371600
29/9/2016,106.51,106.69,104.57,105.55,30236700
30/9/2016,106.5,107.1,105.79,105.79,15577500
3/10/2016,105.45,106.29,104.98,105.38,10849500
4/10/2016,105.93,106.23,105.05,105.45,11068800
5/10/2016,105.87,107.45,105.66,106.96,13176500
6/10/2016,107.3,107.51,106.18,107.08,9885600
7/10/2016,106.89,107.55,105.56,106,8954400
10/10/2016,106.79,109,106.56,108.41,11516600
11/10/2016,107.89,107.97,104.75,105.23,14916600
12/10/2016,105.05,105.11,101.82,103.62,18435000
13/10/2016,102.06,102.55,99,102.15,22390000
14/10/2016,104.27,104.7,101.03,101.85,12789500
17/10/2016,101.5,103.47,101.27,102.84,10351700
18/10/2016,104.47,104.99,103.31,103.34,11107200
19/10/2016,104.33,104.8,103.65,103.93,8918900
20/10/2016,104.2,104.74,103.57,103.85,7109800
21/10/2016,103.7,103.94,102.75,103.94,8073100
24/10/2016,104.98,105.3,103.55,104.5,10898800
25/10/2016,104.86,105.2,104.02,104.22,8985700
26/10/2016,103.68,104,102.7,102.78,7579800
27/10/2016,103.38,104.11,101.85,102.38,8807100
28/10/2016,102.35,103.05,101.55,101.93,8479500
31/10/2016,102.65,103.21,101.42,101.69,15837900
1/11/2016,100.43,101.24,99.21,101.15,21287300
2/11/2016,103.85,104.1,97.3,98.51,36939900
3/11/2016,98.04,99.3,96.46,97.75,17412600
4/11/2016,96.9,98.79,96.67,97.57,9048500
7/11/2016,100.07,100.62,99.16,99.35,11198300
8/11/2016,99.39,99.99,98.36,99.85,8091100
9/11/2016,97.38,98.58,95.8,96.67,20948000
10/11/2016,98.34,98.5,92.22,94.34,27346700
11/11/2016,93.86,94.09,91.1,92.99,23725800
14/11/2016,92.45,92.54,87.88,89.77,27356200
15/11/2016,91,93.49,90.75,91,16723000
16/11/2016,91.39,93.68,91.33,92.86,14079700
17/11/2016,94.71,94.98,93.64,94.07,10380200
18/11/2016,94.85,95.3,92.67,93.39,10032600
21/11/2016,94.05,94.66,93,93.41,8960000
22/11/2016,94.24,94.42,93.16,93.21,10403600
23/11/2016,92.53,93.4,91.45,93.03,11721700
25/11/2016,93.55,93.75,92.77,93.01,4868500
28/11/2016,93.02,95.74,93,93.76,14340100
29/11/2016,93.67,96.06,93.39,94.99,14146900
30/11/2016,95.28,95.48,93.3,94.02,11447700
1/12/2016,94,94.06,89.18,89.86,24030700
2/12/2016,90.38,91.74,89.95,90.48,11718800
5/12/2016,90.05,91.4,89.57,90.99,8902600
6/12/2016,91.56,91.93,89.96,90.4,7787800
7/12/2016,90.52,91.65,89.5,91.07,13240000
8/12/2016,91.8,93.08,91.03,92.31,10919500
9/12/2016,92.51,93.64,92.28,93.28,9177600
12/12/2016,92.05,92.89,91.7,92.47,9355900
13/12/2016,92.8,93.73,91.87,92.16,10491300
14/12/2016,91.83,92.26,90.83,91.19,9153700
15/12/2016,90,90.6,88.74,88.85,19215500
16/12/2016,89,90.1,88.56,88.67,11341500
19/12/2016,88.61,89.82,88.41,88.93,10226300
20/12/2016,89.19,90.31,88.94,89.84,8434700
21/12/2016,89.96,90.43,89.25,89.25,9044900
22/12/2016,87.89,88.26,86.01,86.8,14404500
23/12/2016,86.62,87.68,86.62,86.79,6344000
27/12/2016,86.72,87.94,86.71,87.54,5228000
28/12/2016,88.3,88.75,87.22,87.37,6421100
29/12/2016,87.82,88.2,87.16,87.33,5467100
30/12/2016,87.57,88.1,87.2,87.81,7211100
3/1/2017,89,89,88.08,88.6,8789400
4/1/2017,88.99,90.89,88.58,90.51,11490200
5/1/2017,91.91,94.81,91.64,94.37,16821500
6/1/2017,94.4,94.5,93,93.89,7639800
9/1/2017,94.16,95.65,93.31,94.72,10829500
10/1/2017,96.4,97.9,95.55,96.75,14780600
11/1/2017,96.92,97.45,95.6,96.94,8735900
12/1/2017,96.85,96.85,94.8,95.9,8424700
13/1/2017,95.95,97.38,95.76,96.27,10701100
17/1/2017,96.32,96.59,95,96.12,6342400
18/1/2017,96.27,96.27,95.26,96,6610700
19/1/2017,96.42,96.7,95.58,96.17,7090000
20/1/2017,96.45,97.15,95.67,96.06,9685800
23/1/2017,96.48,98.67,96.26,98.41,14090300
24/1/2017,103.15,103.19,99.94,101.43,37181500
25/1/2017,102.46,104.27,101.9,104.06,23322800
26/1/2017,103.92,104.57,102.17,102.75,12504800
27/1/2017,102.25,102.7,101.29,102.07,8031000
30/1/2017,101.2,101.46,100.09,101.02,8619800
31/1/2017,100.24,102.09,100.06,101.31,7530000
1/2/2017,102.07,102.38,100.87,101.57,5736400
2/2/2017,101.28,101.47,100.56,100.84,5371600
3/2/2017,101.5,101.56,100.3,100.39,6197600
6/2/2017,100.17,101.71,100.02,100.9,6866700
7/2/2017,101.04,101.6,100.5,100.83,5655600
8/2/2017,101.55,103.99,101.16,103.57,10178500
9/2/2017,103.57,104.18,102.56,103.34,8435800
10/2/2017,103.88,103.94,102.31,102.36,7680300
13/2/2017,102.82,104.44,102.62,103.1,9729000
14/2/2017,103.14,103.6,100.9,101.59,10240700
15/2/2017,102.06,102.13,100.11,101.55,12384400
16/2/2017,101.86,102.1,100.5,100.82,7464000
17/2/2017,100.69,101.73,100.3,100.52,8258200
21/2/2017,101.03,102.54,100.91,102.12,8189600
22/2/2017,102.48,105.2,102.42,104.2,15779400
23/2/2017,104.72,104.86,101.82,102.46,10095600
24/2/2017,101.39,103,101.3,102.95,7356600
27/2/2017,102.5,103.82,102.22,103.6,6865900
28/2/2017,103.89,103.99,102.03,102.9,8017500
1/3/2017,103.68,104.99,103.21,104.04,10331800
2/3/2017,103.8,104.58,102.77,103.19,7983000
3/3/2017,102.99,103.42,102.44,103.31,6320900
6/3/2017,102.76,103.25,102.1,102.31,6290700
7/3/2017,102.3,103.31,102.11,102.63,4985200
8/3/2017,102.63,104.29,102.54,103.22,7066700
9/3/2017,102.97,103.75,102.76,103.24,4523600
10/3/2017,103.43,103.7,102.63,103.39,4120700
13/3/2017,103.52,106.25,103.47,105.18,16118900
14/3/2017,104.61,106,103.82,104.25,7748400
15/3/2017,104.37,104.49,102.6,103.69,11695200
16/3/2017,105.25,105.65,104.3,105.63,12445200
17/3/2017,105.17,106.5,104.86,105.61,8778900
20/3/2017,106.23,108.2,105.94,107.25,12447900
21/3/2017,108.46,108.7,104.7,105.09,13877700
22/3/2017,104.64,106.12,103.98,106.09,7153000
23/3/2017,106.95,108.83,106.44,108.25,13410800
24/3/2017,108.4,109.13,107.23,108.04,7578400
27/3/2017,106.65,108.19,106.51,108.08,7709400
28/3/2017,108.23,108.95,107.46,107.8,6472000
29/3/2017,107.97,109.74,107.69,109.51,8788700
30/3/2017,109.73,110.45,108.66,108.85,10592500
31/3/2017,108.5,109.12,107.78,107.83,9002800
3/4/2017,108.85,109.47,107.52,108.09,8391400
4/4/2017,107.87,108.26,106.88,107.52,6480100
5/4/2017,108.36,108.82,107.32,107.44,8205400
6/4/2017,107.59,108.42,107.15,108.04,5211100
7/4/2017,107.88,109.07,106.76,108.99,8354900
10/4/2017,109,111.88,108.84,111.7,14798600
11/4/2017,111.4,111.79,109.46,110.44,10012100
12/4/2017,110.5,111.7,110.31,110.63,8099800
13/4/2017,110.72,111.45,109.82,110.21,6857000
17/4/2017,110.91,111.87,110.3,111.76,7128100
18/4/2017,111.2,112.2,110.87,111.23,8305100
19/4/2017,111.99,112.2,110.57,110.76,9603800
20/4/2017,111.53,113.6,111.48,112.96,13773500
21/4/2017,112.8,113.17,112.3,113.11,8968300
24/4/2017,114.04,115.16,114.02,114.86,13386600
25/4/2017,115.54,115.82,114.8,115.48,11434600
26/4/2017,115.37,115.75,114.62,114.97,6678800
27/4/2017,115,115.96,114.83,115.43,9441500
28/4/2017,115.9,115.99,115,115.5,6984900
1/5/2017,115.63,117.24,115.5,116.68,7332100
2/5/2017,117.07,118.69,117,118.09,10048200
3/5/2017,117.95,118,115.12,116.57,10591100
4/5/2017,115.94,116.41,115.15,115.86,6977800
5/5/2017,116.05,116.15,114.8,116.04,7099400
8/5/2017,116.9,117.51,116.2,116.86,6461900
9/5/2017,118.62,120,118.07,120,15219900
10/5/2017,120.01,120.33,119.1,119.98,9347300
11/5/2017,120.13,120.5,118.25,120.16,11375500
12/5/2017,120.16,120.47,119.51,120.34,9823900
15/5/2017,121.03,121.49,120.03,121.4,11125500
16/5/2017,121.98,124.34,121.74,124.02,18222100
17/5/2017,123.25,123.89,120.5,120.72,19834700
18/5/2017,116.31,122.63,114,121.27,37121900
19/5/2017,123.96,126.4,123.07,123.22,21101700
22/5/2017,124.98,125.59,123.56,124.75,13493200
23/5/2017,124.67,125.68,122.85,122.93,14370100
24/5/2017,123.07,123.68,121.95,122.81,8371500
25/5/2017,123.74,124.45,122.31,123.63,12486500
26/5/2017,123.93,124.65,123.1,123.99,7558900
30/5/2017,124.08,124.88,123.53,123.91,8343400
31/5/2017,123.64,124.18,122,122.46,11582200
1/6/2017,122.82,124,122.26,123.97,8901400
2/6/2017,123.72,124.53,123.24,124.13,7342100
5/6/2017,124.02,125.56,123.87,125.37,10030600
6/6/2017,125.37,126.2,124.27,124.62,9257100
7/6/2017,125.08,125.91,124.11,125.64,9431600
8/6/2017,142.51,143.7,135.21,142.34,81381500
9/6/2017,142.34,148.29,137.01,139.44,54367400
12/6/2017,139.17,139.39,136.05,139.08,32177600
13/6/2017,141.88,142.24,135.9,136.6,40879600
14/6/2017,137.8,139.25,135.26,136.67,32862000
15/6/2017,135.64,135.67,133.1,135.08,30510400
16/6/2017,136.28,136.5,133.55,134.87,36431300
19/6/2017,137.81,140.4,137.4,139.47,24951600
20/6/2017,140.08,140.63,137.93,138.38,20580500
21/6/2017,138.82,143.5,138.02,143.29,30911600
22/6/2017,142.05,144.68,140.88,142.27,21897600
23/6/2017,142.1,143.34,141.6,143.01,11759000
26/6/2017,144.03,145.36,141.27,142.73,17828100
27/6/2017,143.9,144.38,141.1,141.53,17374800
28/6/2017,142.65,144.37,141.48,143.95,17759800
29/6/2017,143.16,143.56,137.52,140.81,24130300
30/6/2017,141.03,142.38,139.92,140.9,12276700
3/7/2017,141.75,142.49,139.49,140.99,6975700
5/7/2017,141.16,145,140.33,144.87,16995800
6/7/2017,143.01,143.62,141.83,142.2,11934200
7/7/2017,142.65,143.38,141.83,142.43,8046200
10/7/2017,143,144.16,142.25,143.81,10351500
11/7/2017,144.29,145.87,143.26,145.81,13519900
12/7/2017,147.38,149.3,146.85,149,14955800
13/7/2017,149.52,150,148,149.52,11683400
14/7/2017,150.12,152.25,149.69,151.83,11469400
17/7/2017,153.53,153.7,150.42,151.23,15342700
18/7/2017,151.08,154.6,150.48,153.75,15313000
19/7/2017,155.14,156.41,152.64,153.15,16896100
20/7/2017,153.96,154.12,151.84,152.11,16739800
21/7/2017,151.79,152.15,150.31,151.89,11452700
24/7/2017,152.77,153.23,151.6,152.26,10649100
25/7/2017,152.36,152.75,150.85,152.44,8460300
26/7/2017,152.53,156,152.36,155.79,14466300
27/7/2017,157.85,160.39,151.33,154.15,26058500
28/7/2017,153.96,158.96,152.82,157.56,14449400
31/7/2017,158.9,159.39,153.5,154.95,17782400
1/8/2017,156.25,156.61,153.8,154.73,12035300
2/8/2017,155.47,155.75,149.1,151.91,19529300
3/8/2017,152.1,153.8,149.6,153.32,12435400
4/8/2017,154.32,154.32,152.16,153.33,10035600
7/8/2017,154.83,158.99,154.37,158.84,15906400
8/8/2017,158.56,159.84,156.8,157.5,15447100
9/8/2017,156.05,157.71,155.2,157.49,11022600
10/8/2017,156.2,156.5,151.25,151.77,19298900
11/8/2017,150.51,152.57,147.5,151.7,22327400
14/8/2017,154.77,155.08,153.1,154.61,14601800
15/8/2017,155.74,158.32,154,157.75,18635700
16/8/2017,160,160.35,158.54,159.5,21318300
17/8/2017,166.12,168,163.51,163.92,56840300
18/8/2017,165.36,169.5,164.1,167.5,31492500
21/8/2017,168.29,170.6,166.98,169.25,22352300
22/8/2017,170.02,174.77,169.64,174.46,24481900
23/8/2017,172.9,176.23,172.75,175.8,21939000
24/8/2017,177,177,174.3,175,20795200
25/8/2017,174.8,174.94,171.11,171.74,24184700
28/8/2017,171.15,171.34,167.06,168.3,24615900
29/8/2017,165.15,169.23,164.35,167.41,19587300
30/8/2017,169.15,172.39,169.15,171.25,17770000
31/8/2017,172.54,172.9,170.25,171.74,16486800
1/9/2017,171.99,172.39,170.65,171.04,11166600
5/9/2017,169.47,171.93,168.74,169.92,14943600
6/9/2017,170.17,171.11,167,168.14,19988300
7/9/2017,169.26,170.97,168,170.48,15141900
8/9/2017,169.99,171.22,168.92,169,12345300
11/9/2017,171.5,174.2,171.5,174.06,18257900
12/9/2017,174.89,175.62,173.37,175.31,15629700
13/9/2017,175.75,179.1,175.56,178.97,22060700
14/9/2017,177.54,179.93,176.02,177.1,22827700
15/9/2017,177.9,179.75,176.7,176.7,26567600
18/9/2017,178.89,180.29,177.75,179.98,22919800
19/9/2017,180.69,180.87,179.25,180.07,14751900
20/9/2017,180.02,180.5,176.15,177.95,15396700
21/9/2017,178.05,178.86,175.3,177.39,14578800
22/9/2017,176.2,178.42,175.68,178.14,12749700
25/9/2017,176.48,177,167.5,169.59,34033700
26/9/2017,170.01,171.9,166.79,167.02,23696200
27/9/2017,169.84,171.95,169.45,170.99,19444200
28/9/2017,170.91,171.88,169.57,170.24,13957000
29/9/2017,171.11,173.54,170.74,172.71,13401800
2/10/2017,174.57,175.13,172.57,173.61,12563400
3/10/2017,176.06,178.78,173.61,178.56,16714600
4/10/2017,178.06,180,177.3,178.71,11420600
5/10/2017,179,179.73,176.03,178.89,11895300
6/10/2017,177.85,179.87,177.61,179.2,8749300
9/10/2017,178.97,183.13,178.75,182.09,15011600
10/10/2017,181.65,184.46,181.36,183.12,13201300
11/10/2017,183,184.7,182.6,184.69,11974400
12/10/2017,184.04,184.39,180.35,180.53,15441200
13/10/2017,180.96,181.4,177.97,178.45,18107700
16/10/2017,180,180.05,178.51,179.56,12855900
17/10/2017,179.58,180.12,175.3,175.32,20132200
18/10/2017,177.09,180,176.28,179.61,21736500
19/10/2017,177,179.61,175.45,177.93,13539000
20/10/2017,179.02,179.52,177.08,177.32,11953200
23/10/2017,177.8,178.01,173.05,173.13,17610900
24/10/2017,174,175.98,173.26,173.7,11946000
25/10/2017,174.69,175.44,169.3,170.22,18109400
26/10/2017,170.62,171.45,168.58,170.32,13527400
27/10/2017,173.19,177,171.11,176.15,19712600
30/10/2017,178.43,181.9,177.59,181.58,20219700
31/10/2017,183.57,185.12,181.81,184.89,21256700
1/11/2017,187.88,188.88,183.58,186.08,28594700
2/11/2017,190.99,191.22,183.31,184.81,41239900
3/11/2017,186.51,186.93,182.06,183.21,19697300
6/11/2017,184.07,188.25,184,187.84,19873100
7/11/2017,189.58,189.86,187,188.51,17781000
8/11/2017,187.98,188.15,185.1,185.9,13944600
9/11/2017,184.21,185.13,181.05,185.13,19755600
10/11/2017,187.03,187.17,185.4,186.41,15031000
13/11/2017,186.77,187.88,184,184.54,17139100
14/11/2017,184.3,184.38,181.15,181.79,14475300
15/11/2017,179.37,181.88,176.74,181.48,16567000
16/11/2017,183.31,186.27,183.12,185.43,18389500
17/11/2017,185.92,186.5,184.67,185.13,13422700
20/11/2017,187.6,190,186.61,188,25992300
21/11/2017,190.35,191.56,188.8,190.9,19639500
22/11/2017,191.54,191.75,189.37,189.84,14417600
24/11/2017,189.39,191.7,188.7,191.19,9887300
27/11/2017,190.49,191.45,187.55,188.03,14952800
28/11/2017,188.83,189.1,186.5,186.69,13378100
29/11/2017,185.25,185.41,173.62,179.91,40204100
30/11/2017,179.53,179.8,176.32,177.08,25851100
1/12/2017,175.27,179.8,173.8,174.61,26782300
4/12/2017,177.2,177.58,168.26,169.58,35895100
5/12/2017,165.28,172.96,164.25,168.96,31609900
6/12/2017,172.63,173.23,167.87,172.63,23897800
7/12/2017,175.29,175.82,172.26,174.47,15697900
8/12/2017,177.57,178.96,176.37,177.62,23543400
11/12/2017,179.9,180.68,178.15,179.29,15626200
12/12/2017,174.64,178.16,173.77,174.64,22656500
13/12/2017,175.19,177.7,174.3,176.47,18653400
14/12/2017,173.11,173.39,169.61,171.75,32830000
15/12/2017,172.89,173.55,170,173.55,41356700
18/12/2017,174.6,174.7,172.37,173.37,17023300
19/12/2017,171.97,173,170.51,171.28,23936200
20/12/2017,171.79,172.9,170.8,172.64,17121400
21/12/2017,172.8,176.25,172.65,175.32,14812400
22/12/2017,175.84,176.66,175.04,176.29,12524700
26/12/2017,174.55,175.15,171.73,172.33,12913800
27/12/2017,172.29,173.87,171.73,172.97,10152300
28/12/2017,173.04,173.53,171.67,172.3,9508100
29/12/2017,172.28,173.67,171.2,172.43,9704600
2/1/2018,176.4,184.1,175.7,183.65,29916900
3/1/2018,185.19,185.63,181.4,184,20121900
4/1/2018,185.9,187.75,184.43,185.71,19473800
5/1/2018,187.17,190.75,186.3,190.7,18168300
8/1/2018,190.46,191.66,189.07,190.33,16230100
9/1/2018,191.13,192.49,188,190.8,19495100
10/1/2018,188.1,190.39,186.58,189.79,17943800
11/1/2018,189.73,190.43,188.1,188.75,12400400
12/1/2018,189.91,190.2,187.25,187.79,11789600
16/1/2018,190.4,191.74,181.75,182.4,27428500
17/1/2018,183.3,184.8,179.32,183.83,21346500
18/1/2018,184.28,185.85,182.69,184.4,14190700
19/1/2018,185.15,185.24,182.8,184.05,15349300
22/1/2018,184.98,185.04,181.68,184.02,16016300
23/1/2018,185.28,192.4,183.54,192.28,31305900
24/1/2018,194.71,198.86,192.4,195.53,34497300
25/1/2018,196.34,199.59,194.1,198.33,23421600
26/1/2018,200.33,205.23,199.21,205.22,23768600
29/1/2018,204.83,205.69,201.82,203.01,21908600
30/1/2018,198.68,202.54,196.49,199.66,23377500
31/1/2018,202.82,206.2,202.8,204.29,26982500
1/2/2018,192.75,199.49,191.14,192.22,52628900
2/2/2018,194.79,195.68,186.8,187.31,32233900
5/2/2018,183.7,190.47,179.9,180.53,31084000
6/2/2018,174.72,185.59,174.17,185.17,35804500
7/2/2018,183.5,186.83,180.3,180.3,19672100
8/2/2018,182.27,183.1,171.39,173.7,32051300
9/2/2018,175.12,177.62,168.88,176.67,28049500
12/2/2018,180.44,180.79,175.09,177.44,18280300
13/2/2018,177.42,182.15,177,179.25,15507000
14/2/2018,179.22,186.93,178.9,186.76,21047400
15/2/2018,189.25,189.56,184.43,187.45,14361100
16/2/2018,186.75,188.27,183.54,183.68,16008400
20/2/2018,183.67,188.83,183,187.19,14854900
21/2/2018,189.37,193.17,188.46,188.82,22071600
22/2/2018,190.2,190.74,187.77,188.75,12282800
23/2/2018,190.18,193.4,189.95,193.29,16937300
26/2/2018,194.46,195.15,190.65,194.19,19463100
27/2/2018,192.59,193.57,187.21,188.26,23218500
28/2/2018,187.25,188.24,185,186.14,19367600
1/3/2018,186.18,187.48,180.05,181.99,17286300
2/3/2018,178.01,180.23,175.45,179.76,18909100
5/3/2018,179.41,181.95,177.07,181.6,15656700
6/3/2018,185.19,188.01,184.82,187.37,17856100
7/3/2018,184.37,189.07,184.32,189.05,13728900
8/3/2018,189.05,190.23,186.57,187.18,14331400
9/3/2018,189.64,190.7,188.01,190.55,14208400
12/3/2018,192.3,194.4,190.9,192.74,17826200
13/3/2018,193.88,194.25,187.39,188.41,14826700
14/3/2018,190.29,193.63,190.22,192.56,20032300
15/3/2018,198.44,201.5,196.52,199.06,33504600
16/3/2018,198.4,200.38,197.26,200.28,26948700
19/3/2018,198,198.43,192.8,194.53,19681400
20/3/2018,194.95,199.21,194.54,198.95,11952000
21/3/2018,198.8,198.88,194.57,195.3,12047300
22/3/2018,190.75,192.39,184.6,184.65,25355700
23/3/2018,186.85,187.14,180.4,181.2,18714400
26/3/2018,187.89,190.62,184.32,190.5,16758700
27/3/2018,192.24,192.25,180.66,181.89,16627900
28/3/2018,180.73,183.44,177.57,178.91,20081100
29/3/2018,180.88,185.13,178.62,183.54,16378900
2/4/2018,182.81,183.51,175.75,177.61,16028700
3/4/2018,179.26,179.58,173,174.67,19975100
4/4/2018,166.88,172.41,166.13,172.07,24573600
5/4/2018,175.48,176.56,171.17,172.57,18250900
6/4/2018,169.84,172.27,166.4,167.52,18210000
9/4/2018,169.75,172.72,168.61,169.87,14717300
10/4/2018,175.1,177.88,173.85,177.1,20436200
11/4/2018,176.48,178.16,174.74,175.36,10170500
12/4/2018,175.93,177.9,174.56,175.92,11133900
13/4/2018,176.72,176.8,171.07,172.04,13526200
16/4/2018,172.01,174.79,171.01,174.7,9876200
17/4/2018,174.83,179.34,174.83,178.7,16285800
18/4/2018,178.9,182.88,177.64,182.68,16972700
19/4/2018,183.26,183.63,179.52,181.39,11989000
20/4/2018,179.36,181.39,177.53,179.11,14473100
23/4/2018,178.63,179.32,174.71,175.57,12033900
24/4/2018,177.63,178,170.68,173.09,14567500
25/4/2018,170.52,171.3,166.64,170.22,17132900
26/4/2018,173.25,174.36,172.05,173.9,13398000
27/4/2018,177.11,178.2,174.01,177.16,15062500
30/4/2018,178.09,180.04,177.05,178.54,14654000
1/5/2018,177.58,180.32,177.44,179.5,10787700
2/5/2018,180.8,184.26,180.11,181.45,20681800
3/5/2018,183.5,183.59,175.77,182.45,26257600
4/5/2018,180.4,190.6,178.62,188.89,57788300
7/5/2018,190.41,196.6,190.3,195.35,29862200
8/5/2018,194.2,197.34,193.01,196.31,21856300
9/5/2018,195.84,197.38,194.5,195.43,13780600
10/5/2018,196.3,199.77,195.16,195.96,21295000
11/5/2018,196.4,196.46,193.38,194.36,12741100
14/5/2018,195.9,200,195.87,198.64,17627100
15/5/2018,195.23,196.78,193.86,196.61,12694900
16/5/2018,196.75,199.75,196.3,198.11,12887500
17/5/2018,196,198.43,195.57,196.02,13470500
18/5/2018,196.43,197.78,194.72,195,14242300
21/5/2018,197.8,199.79,196.4,197.64,13830500
22/5/2018,198.3,198.63,195.7,195.87,9700100
23/5/2018,193.88,196.9,192.8,196.8,12807400
24/5/2018,198.12,199.72,195.7,197.37,18527700
25/5/2018,197.57,201.5,197.21,199.2,21270000
29/5/2018,197.94,202.28,197,198,18768700
30/5/2018,199.7,200.54,197.5,197.98,13930600
31/5/2018,198,199.48,196.85,198.01,17982500
1/6/2018,199.5,204.99,199.45,204.34,23131900
4/6/2018,205.12,209.75,204.73,208.95,19357000
5/6/2018,209.95,211.7,207.13,208.37,17787700
6/6/2018,209.86,210.46,207.29,208.3,13800500
7/6/2018,207.46,209,200.88,203.62,26747800
8/6/2018,201.11,206.23,200.43,205.07,17525200
11/6/2018,206.5,207.6,205.01,205.7,12061400
12/6/2018,206.95,209.8,206.9,209.08,15910900
13/6/2018,209.44,209.65,206.6,206.62,13844200
14/6/2018,207.72,211.12,207.51,210.86,18838300
15/6/2018,207.49,210.08,206.01,208,28665600
18/6/2018,205.16,208.6,203.88,208.57,14645200
19/6/2018,203.53,204.51,199.5,204.43,24484200
20/6/2018,205.05,207.23,205.02,206.23,15559600
21/6/2018,205.84,206,201.04,202.21,13963800
22/6/2018,203.38,203.8,200.25,202.01,9585000
25/6/2018,197.85,198.1,187.86,191.25,32750900
26/6/2018,193.34,193.66,188.42,191.42,20740400
27/6/2018,193.46,193.6,184.89,185.02,23887000
28/6/2018,183.2,188.96,182.04,188.38,19553800
29/6/2018,185.36,188.97,184.26,185.53,26023400
2/7/2018,181.66,186.36,181.06,186.36,17325900
3/7/2018,187.88,188.5,184.36,184.75,11673700
5/7/2018,187.17,187.44,182.9,186.88,18412100
6/7/2018,186.01,192.49,185.54,192.27,17035600
9/7/2018,194.45,194.69,190.87,192.75,15466400
10/7/2018,192.89,195.13,191.48,192.55,12611400
11/7/2018,188.6,190.05,187.42,187.42,15947000
12/7/2018,190.77,192.58,189.79,190.17,17440400
13/7/2018,191.61,192.12,189.3,190.04,12550500
16/7/2018,189.57,191.37,189.15,190.35,12205600
17/7/2018,188.65,192.95,187.9,192.66,13270700
18/7/2018,192.45,193.23,189.91,190.79,10796600
19/7/2018,188.68,189.68,186.87,187.34,13373100
20/7/2018,189.49,189.5,186.61,187.25,12807500
23/7/2018,187.18,187.81,184.8,187.04,10996200
24/7/2018,190.19,193.07,188.35,189,18414800
25/7/2018,190.61,198.35,190.14,197.98,20735400
26/7/2018,193.21,196.12,192.62,194.18,13885500
27/7/2018,196.1,196.27,186.93,189.42,19907100
30/7/2018,190.22,190.59,182.06,184.82,19906300
31/7/2018,186.4,188.95,183.99,187.23,17016600
1/8/2018,186,189.06,183.96,185.27,14370700
2/8/2018,181.54,182.9,179.78,182.6,20976500
3/8/2018,184.15,184.5,180.08,180.84,18185100
6/8/2018,180.7,180.86,177.49,178.62,35419000
7/8/2018,180.29,183,179.74,179.92,20620300
8/8/2018,180,180.18,176.55,177.52,21152400
9/8/2018,179.31,180.63,176.76,177.19,35220900
10/8/2018,175.57,180.45,174.75,180.01,22049200
13/8/2018,179.65,180.65,177,177.68,14674000
14/8/2018,175.14,176.2,170.77,172.53,38508600
15/8/2018,167.11,169.85,165.39,169.83,41278600
16/8/2018,172.33,175.7,171.57,171.99,34263300
17/8/2018,172.52,174.2,168.38,172.78,24695400
20/8/2018,175.22,178.86,174.36,176.29,25900700
21/8/2018,177.63,179.67,176.97,177.92,20337400
22/8/2018,178.15,179.74,175.5,177.85,27138500
23/8/2018,184.97,186.5,171.91,172.23,78843400
24/8/2018,175,176.37,172.45,174.23,30442800
27/8/2018,177.1,180.88,176.22,180.65,23533800
28/8/2018,182.15,182.38,177.5,178.19,15319000
29/8/2018,179.35,179.66,176.83,178.5,11892600
30/8/2018,177.33,178.1,174.12,174.6,17086200
31/8/2018,173.11,176.68,172.76,175.01,13730800
4/9/2018,173.5,173.95,169,170.44,23450500
5/9/2018,167.48,168.28,162.03,164.23,35694700
6/9/2018,164.16,166.48,158.67,159.87,33052000
7/9/2018,159.95,164.61,159.51,162.37,19452400
10/9/2018,158.59,160.72,155,156.36,39092700
11/9/2018,153.18,158.45,152.85,157.46,25884100
12/9/2018,158.2,162.82,156.18,161.46,32490500
13/9/2018,165.41,167.22,164.01,165.53,25696500
14/9/2018,167.88,168,163.38,164.74,23417700
17/9/2018,161.5,161.65,158.29,158.89,20423200
18/9/2018,156.88,159.4,155.52,156.65,27240600
19/9/2018,158.82,163.13,158.82,162.63,23028300
20/9/2018,166.89,167.7,164.72,165.88,22818100
21/9/2018,169.46,169.84,164.5,164.63,22081900
24/9/2018,162.81,163.4,160.1,163.16,13123400
25/9/2018,164.05,165.44,162.83,164.25,9588700
26/9/2018,165.52,167.39,164.87,165.4,13592500
27/9/2018,166.39,167.05,164.92,166.32,12689200
28/9/2018,164.9,165.66,163.3,164.76,10486500
1/10/2018,165.92,165.95,161.56,162,10615200
2/10/2018,159.79,161.03,158.27,160.23,14730500
3/10/2018,163.15,164.54,161.93,162.37,13118800
4/10/2018,160.06,160.08,153.87,156.13,32176100
5/10/2018,156.14,157.12,152.25,154.63,20271000
8/10/2018,150.2,152.64,148.34,151.14,25060400
9/10/2018,147.97,150.59,146.47,146.94,31070200
10/10/2018,142.5,144,137.92,138.29,55828800
11/10/2018,135.53,142.91,135.14,141.9,43210300
12/10/2018,148.62,149,144.52,147.29,30764400
15/10/2018,144.77,145.69,142.3,144.16,18567100
16/10/2018,145.71,149.76,145.26,149.6,18365900
17/10/2018,150.68,150.68,146.37,148.14,16872400
18/10/2018,145.85,146.28,140.8,142.02,20618900
19/10/2018,145.34,146.77,142.61,142.93,14855100
22/10/2018,148.99,150.2,146.1,148.8,22589300
23/10/2018,143.22,147.51,142.62,146.65,19950500
24/10/2018,145.18,146.69,139.34,139.61,18512300
25/10/2018,142.5,144.91,141.01,144.6,13655100
26/10/2018,139,145.83,138.55,142.87,19476900
29/10/2018,142.42,144,131.36,133.38,35121700
30/10/2018,132.28,136.4,130.06,136.33,25230000
31/10/2018,141.35,142.65,139.14,142.28,23654600
1/11/2018,144.98,152.32,138.62,151.25,47039300
2/11/2018,152.56,154.36,146.28,147.59,45985800
5/11/2018,146.22,149.37,144.23,144.64,16197300
6/11/2018,145.87,149.96,145.32,147.44,17849800
7/11/2018,150.77,152.8,148.94,152.5,17884400
8/11/2018,150.99,151.88,146.69,148.99,17067100
9/11/2018,145.57,145.72,142.48,144.85,16220000
12/11/2018,145.01,146.41,139.97,142.82,16516500
13/11/2018,144.83,149.94,143.91,146.98,19575100
14/11/2018,150.21,152.15,148.44,150.44,21786000
15/11/2018,152.9,157.4,150.89,156.22,30083500
16/11/2018,155.04,155.8,152.14,154.1,20039400
19/11/2018,152.02,153.21,148.77,149.53,18087800
20/11/2018,144.48,148.07,142.82,145.98,19473200
21/11/2018,149.06,151.48,148.65,149.41,14718600
23/11/2018,147.3,151.17,147,150.33,7437500
26/11/2018,153.21,156.53,152.37,156.01,16152700
27/11/2018,154.64,157.94,153.58,156.46,17911800
28/11/2018,159.01,159.8,155.26,159.34,20767100
29/11/2018,158.08,159,153.54,156.28,20532200
30/11/2018,157.9,160.86,156.72,160.86,35071200
3/12/2018,168.64,168.8,163.51,163.74,31174000
4/12/2018,164.88,164.98,156.46,158.34,22198600
6/12/2018,153,155.87,150.51,155.83,25335500
7/12/2018,155.4,158.05,151.73,153.06,17447900
10/12/2018,150.39,152.81,147.48,151.43,15525500
11/12/2018,155.26,156.24,150.9,151.83,13651900
12/12/2018,155.24,156.17,151.43,151.5,16619200
13/12/2018,153.05,153.46,150.52,151.48,12255800
14/12/2018,147.71,150.7,145.72,149,15560700
17/12/2018,146.5,147.94,142.24,143.98,15788100
18/12/2018,144.28,144.75,140.11,140.82,17846600
19/12/2018,141.04,141.32,135.73,137.14,27657800
20/12/2018,135.83,137.76,132.91,135.11,24103800
21/12/2018,137.08,137.19,130.23,132,28790600
24/12/2018,130,134.57,129.77,131.89,11240700
26/12/2018,132.87,138.02,130.18,138,14862400
27/12/2018,135.05,138.45,133.89,138.45,11457400
28/12/2018,139.2,140.98,136.79,139.09,11955300
31/12/2018,141.83,142.02,136.04,137.07,11186400
2/1/2019,134.13,137.75,133.03,136.7,16708400
3/1/2019,134.27,134.87,129.83,130.6,19531300
4/1/2019,134.26,141.08,133.66,139.75,22845400
7/1/2019,140.55,144.08,139.01,143.1,17239000
8/1/2019,145,147.55,142.06,146.79,16487600
9/1/2019,149.89,153.35,148.5,151.92,20214100
10/1/2019,149.81,152.03,148.88,151.69,14221100
11/1/2019,151.83,153.38,150.14,151.32,9589400
14/1/2019,148.5,150.57,146.54,149.27,13356700
15/1/2019,150.68,154.17,149.96,150.88,15003100
16/1/2019,152.81,155.39,151.5,154.84,14810800
17/1/2019,152.11,158.55,151.9,155.97,16153200
18/1/2019,158.45,159.49,154.73,157.02,19611400
22/1/2019,154.4,155.44,150.21,152.15,21295000
23/1/2019,154.65,155.18,150.95,152.03,10195800
24/1/2019,151.47,156,151.21,155.86,10997900
25/1/2019,158.91,160.5,157.43,159.21,16451800
28/1/2019,157.8,159.69,155.3,158.92,10141100
29/1/2019,159.04,160.38,155.92,156.88,18348200
30/1/2019,161.29,167.84,160.5,166.82,36997700
31/1/2019,167.8,169.73,165.7,168.49,21219500
1/2/2019,168,169.4,167.63,167.97,10771500
4/2/2019,166.32,167.55,165.61,166.7,7380400
5/2/2019,168.55,171.95,168,171.83,12801800
6/2/2019,171.86,173.09,169.99,171.52,11267800
7/2/2019,169.16,169.61,164.34,166.96,11911100
8/2/2019,163.83,167.65,163.75,167.36,8331500
11/2/2019,168.85,170.33,167.45,167.45,7260300
12/2/2019,169.6,170.49,168.61,168.71,8594400
13/2/2019,169.91,171.05,168.99,169.4,8661800
14/2/2019,167.64,168.5,166.61,168.38,8722100
15/2/2019,168.61,168.77,165.41,166.15,12099500
19/2/2019,166.98,171.15,166.5,170.18,12982300
20/2/2019,171,172.68,170.61,170.71,12454900
21/2/2019,171,171.78,169.8,171.66,8434800
22/2/2019,172.8,177.02,172.52,176.92,16175600
25/2/2019,181.26,183.72,180.73,183.25,22831800
26/2/2019,179.79,184.35,179.37,183.54,13871000
27/2/2019,181.72,184.93,180.88,184.58,16741600
28/2/2019,183.01,184.3,181.47,183.03,12370400
1/3/2019,185.09,186.9,183.38,183.88,14348500
4/3/2019,186,187.34,184.46,187.25,14761700
5/3/2019,186.94,188.08,185,185,11513200
6/3/2019,184.38,185.59,183.02,184.17,10009100
7/3/2019,180.91,181.8,176.73,177.32,16488900
8/3/2019,171.57,175.35,171.57,175.03,14674200
11/3/2019,177.83,181.72,177.58,180.41,13764000
12/3/2019,182.04,182.18,179.51,180.63,8660000
13/3/2019,180.73,182.54,179.26,180.7,8868200
14/3/2019,179.06,180.82,178.01,180.36,9272000
15/3/2019,180.66,181.45,179.66,180.97,10844100
18/3/2019,181.93,182.89,180.76,181.83,7847800
19/3/2019,181.63,183.36,180.85,182.14,10238600
20/3/2019,180.94,181.95,178.43,181.28,15901500
21/3/2019,178.95,181.73,178.52,181.5,9754500
22/3/2019,179.77,180.48,175.34,176.26,11688400
25/3/2019,174.33,178.9,174.1,178.77,7511400
26/3/2019,179.7,180.65,177.1,178.08,7897900
27/3/2019,177.7,179.83,176.91,177.03,8371000
28/3/2019,177.47,178.53,175.97,177.73,7146800
29/3/2019,180.73,182.6,179,182.45,13850900
1/4/2019,185.09,185.56,180.89,180.89,12714800
2/4/2019,181.46,183.56,180.95,181.74,8021500
3/4/2019,179.51,180.7,176.76,178.32,26811600
4/4/2019,177.04,181.96,176.89,181.07,16993200
5/4/2019,182.51,185.5,182,185.35,18705000
8/4/2019,184.19,187.82,184.01,186.5,14725600
9/4/2019,186.49,187.89,186.16,187.19,11578200
10/4/2019,186.69,187.4,184,186.19,10655000
11/4/2019,185.15,186.06,183.75,184.98,8900300
12/4/2019,187.71,189.79,187.14,188.91,12600000
15/4/2019,188.06,188.17,182.56,183.07,14616600
16/4/2019,185.55,185.79,183.4,185.78,12195900
17/4/2019,187.34,188.2,185.78,187.55,11614200
18/4/2019,186.41,187.28,185.39,186.94,7882500
22/4/2019,184.5,186.47,183.61,185.38,8677800
23/4/2019,186,188.15,185.44,187.29,11410600
24/4/2019,186.76,186.9,184.58,185.67,9085300
25/4/2019,185.24,188.13,183.96,187.88,10328900
26/4/2019,187.88,188.74,185.51,187.09,9421100
29/4/2019,187.42,188,185.76,186.94,8660600
30/4/2019,186.3,188.25,183.82,185.57,15076500
1/5/2019,186.75,193.2,185.88,189.31,17397500
2/5/2019,189.42,192.7,186.65,190.39,11468100
3/5/2019,191.88,195.72,191.88,195.21,14521100
6/5/2019,185.17,189,184.83,188.24,23941200
7/5/2019,186.05,186.45,179.63,181.43,22663200
8/5/2019,180.95,183.2,178.58,179.59,16611100
9/5/2019,175.43,180.7,173.07,179.04,22727800
10/5/2019,180.18,180.79,174.1,178,18987000
13/5/2019,169.79,172.47,168.78,170.01,22330700
14/5/2019,172.75,175.15,171.48,174.84,17874100
15/5/2019,177.06,180.24,173.32,177.6,37610400
16/5/2019,178.18,178.25,174.75,175.57,20579200
17/5/2019,171.69,172.29,168.49,169.57,22539400
20/5/2019,164.44,164.57,160.02,160.65,33413800
21/5/2019,163.16,165.59,162.52,163.43,22006100
22/5/2019,162.41,162.82,158.07,158.83,25831200
23/5/2019,155.45,158.48,154.41,156,26891900
24/5/2019,157.62,158.43,154.9,155,21489700
28/5/2019,156.4,157.07,153.22,154.81,38603000
29/5/2019,153.58,154.38,150.71,152.48,30073100
30/5/2019,152.36,153.37,150.25,151.07,17344700
31/5/2019,149.63,150.68,147.95,149.26,26881200
3/6/2019,149.6,151.77,148.85,149.91,25254400
4/6/2019,151.56,155.2,150.64,154.15,27417200
5/6/2019,155.17,156.11,149.31,151.65,23208600
6/6/2019,152,152.7,150.57,151.5,15763000
7/6/2019,152.95,155.69,152.21,154.23,17817800
10/6/2019,158.78,161.98,157.4,159.85,36473300
11/6/2019,164.2,165.68,161.93,162.65,23408400
12/6/2019,160.47,161.7,158.81,160.04,16329300
13/6/2019,160.55,161.32,159.8,160.33,17571400
14/6/2019,158.37,158.71,157.23,158.1,14981600
17/6/2019,157.53,160.55,157.42,159.91,16079800
18/6/2019,162.89,169.11,161.95,165.51,35754800
19/6/2019,167.77,167.9,163.42,165.46,20798100
20/6/2019,170.19,170.48,166.27,168.25,24004700
21/6/2019,167.48,169.47,166.77,167.55,17415800
24/6/2019,168.4,168.88,165.78,168.1,18422600
25/6/2019,167.04,167.34,164.62,165.8,20439200
26/6/2019,168.28,171.24,168.15,168.99,22416400
27/6/2019,170.62,171.98,169.38,170.9,18349400
28/6/2019,170.2,170.89,167.96,169.45,19974300
1/7/2019,175.87,177.95,174.36,175.05,25846800
2/7/2019,175.13,175.55,174.25,175.45,14155200
3/7/2019,175.69,175.85,173.85,174.67,8532600
5/7/2019,173.75,173.82,172.82,173.3,12618600
8/7/2019,170.09,170.28,168.35,168.45,16531000
9/7/2019,167.09,168.98,166.5,168.8,15782800
10/7/2019,171.24,171.37,166.86,166.93,16675600
11/7/2019,167.56,168.42,165,166.55,14796400
12/7/2019,168,170.2,167.65,169.07,18103600
15/7/2019,171.5,173.75,170.42,173.5,22199000
16/7/2019,174.2,175.52,173.46,174.19,19039700
17/7/2019,172.75,176.22,172.49,174.82,15031600
18/7/2019,173.41,174.4,172.06,172.8,15603800
19/7/2019,174.87,175.15,172.99,172.99,13647200
22/7/2019,173.5,174.28,171.44,174,18490900
23/7/2019,175.39,178.64,174.85,178.09,20881500
24/7/2019,178,178.96,176.94,178.67,14933100
25/7/2019,178.49,179.15,175.37,177.29,14049000
26/7/2019,178.25,179.4,176.88,178.74,15281000
29/7/2019,178.43,179.88,175.35,177.02,15130300
30/7/2019,174.25,175.71,172.89,174.1,14300600
31/7/2019,173.71,174.89,170.09,173.11,14628900
1/8/2019,174.54,175.71,162.1,165.65,32728200
2/8/2019,162.56,163.85,160.35,161,27104700
5/8/2019,155.03,157.23,151.85,153.67,28912600
6/8/2019,158.48,158.73,156.11,157.43,24996300
7/8/2019,155.73,159.48,155.3,159.17,17917400
8/8/2019,161.71,162.3,159.12,162.22,19267700
9/8/2019,160.98,161.99,159.11,159.12,11894300
12/8/2019,157.5,159.36,155.54,159.31,13566900
13/8/2019,160.64,167.36,159.57,164.03,22842900
14/8/2019,161.34,163,159.21,162.06,20803700
15/8/2019,170.11,171,164.36,166.97,36343500
16/8/2019,170,177.55,168.57,174.6,25952500
19/8/2019,177.43,178.8,175.59,178.28,16012800
20/8/2019,175.91,177.99,175.62,177.21,10338100
21/8/2019,177.22,178.5,174.89,175.24,10615700
22/8/2019,174.1,174.98,170.5,171.91,11568900
23/8/2019,169.69,171.49,163.83,164.54,20871500
26/8/2019,166.49,167.45,165.53,165.9,8640500
27/8/2019,167.2,168.19,165.19,166.2,12777600
28/8/2019,164.64,168,164.2,167.48,9507400
29/8/2019,171,173.96,170.95,172.81,11565400
30/8/2019,174.35,175.25,172.66,175.03,10293400
3/9/2019,173,174.72,172.15,172.41,8499300
4/9/2019,176.26,176.55,173.99,174.33,7208900
5/9/2019,176.88,178.95,176.52,178.94,11154300
6/9/2019,179.01,179.22,176.21,176.69,8304000
9/9/2019,177.88,177.99,175.86,177.78,6931700
10/9/2019,176.28,176.3,172.22,174.99,9835000
11/9/2019,176,176.66,174.15,176.09,7039300
12/9/2019,177.89,180.5,177,178.24,12509400
13/9/2019,179.74,180.18,178.61,179.17,9479700
16/9/2019,177.75,179.17,175.37,177.07,10725100
17/9/2019,176.85,179.12,176.05,179,7481000
18/9/2019,179.15,180.17,177.58,180,9233300
19/9/2019,180.9,184.13,180.43,180.46,15119800
20/9/2019,182.31,183.82,178.84,182.51,24517800
23/9/2019,181.25,181.33,176.8,176.98,14047400
24/9/2019,179.17,179.49,171.3,171.55,14324600
25/9/2019,172.3,176.99,171.72,176.66,11766400
26/9/2019,177,178.23,174.83,175,9982400
27/9/2019,176,176.5,163.15,165.98,33287500
30/9/2019,169.89,170.2,166.45,167.23,14866800
1/10/2019,168.01,168.23,163.64,165.15,14155500
2/10/2019,162.82,166.88,161.9,165.77,11526500
3/10/2019,166.65,170.18,165,169.48,10305000
4/10/2019,169.6,170.7,167.56,170.34,8715200
7/10/2019,168.83,172.3,167.21,168.32,11993000
8/10/2019,164.3,165.22,161.68,161.93,15833100
9/10/2019,165.5,166.58,163.42,165.19,10943100
10/10/2019,165.96,168.57,164.09,166.07,11462400
11/10/2019,170.77,174.88,169.57,172.94,19247400
14/10/2019,172.84,173.34,170.79,171.16,7667600
15/10/2019,172.91,176.75,172.69,175.29,13753000
16/10/2019,175.8,177.35,174.12,177.12,10858700
17/10/2019,178,178.59,175.23,176.85,8020600
18/10/2019,176,176.23,169,169.13,14575700
21/10/2019,172.64,173.91,170.87,173.52,8970800
22/10/2019,174.53,175.36,169.26,169.89,10867100
23/10/2019,170.45,171.04,168.12,169.92,8853700
24/10/2019,171.28,172.75,170.21,172.55,7397700
25/10/2019,171.56,175.81,170.88,174.31,9891800
28/10/2019,176.5,179.64,176.41,178.68,11739600
29/10/2019,177.06,177.74,175.44,176.89,8026400
30/10/2019,175.42,177.88,173.94,177.53,10213200
31/10/2019,179.16,179.24,175.5,176.67,15119000
1/11/2019,179.01,182.12,176.06,176.46,28924100
4/11/2019,180.66,182.4,178.02,179.69,44541200
5/11/2019,181.42,183.2,180.31,182,23690200
6/11/2019,183.61,185,182.2,184.16,14834900
7/11/2019,187.07,188.07,184.69,186.66,20162600
8/11/2019,187.9,188.28,185.15,187.16,19718100
11/11/2019,184.82,187.2,181.37,186.71,20561500
12/11/2019,185.91,187.65,185.14,186.97,11797600
13/11/2019,185.47,185.67,181,182.48,14977700
14/11/2019,182.87,184.5,181.32,182.8,12712800
15/11/2019,184,185.6,183.71,185.49,11296400
18/11/2019,186.98,186.98,184.16,184.61,11822900
19/11/2019,186.31,186.71,183.87,185.25,13407200
20/11/2019,183.67,183.7,181.06,182.35,16684600
21/11/2019,181.77,184.89,181.6,184.86,10254700
22/11/2019,185.8,186.78,183.93,186.78,10541000
25/11/2019,188.32,190.72,187.88,190.45,19157700
26/11/2019,190.39,195,189.04,194.7,51832300
27/11/2019,197.24,200.98,197,200.82,33040500
29/11/2019,199.81,200.43,198.35,200,18593100
2/12/2019,198.58,198.67,193.51,196.31,19357700
3/12/2019,190.97,195,189.85,194.9,18355300
4/12/2019,195.53,196.66,193.23,193.74,14849300
5/12/2019,196.93,200.94,196.43,200,22290200
6/12/2019,201.11,202,199.51,201.89,14087300
9/12/2019,200.32,203.43,198.55,198.74,14258100
10/12/2019,200.71,202.48,199.23,200.45,11623900
11/12/2019,201.1,204.8,200.72,204.64,11760000
12/12/2019,203.71,206,202,204.5,22448600
13/12/2019,205.76,207.1,203.77,204.91,19270400
16/12/2019,206.33,209.15,206.19,206.97,16734300
17/12/2019,208.69,208.87,206.82,208.18,11287600
18/12/2019,208.53,210.05,208.04,210,13481800
19/12/2019,209.61,211.37,209.23,210.13,12167300
20/12/2019,211.35,213.98,210.42,212.25,26670000
23/12/2019,213.25,215.05,212.91,214.83,12535000
24/12/2019,215.01,215.43,213.35,214.26,5523000
26/12/2019,214.65,216.99,214.33,216.38,6907100
27/12/2019,217.99,218.11,215.17,215.47,11674200
30/12/2019,215.78,215.78,211.76,212.91,8732600
31/12/2019,212,213.64,210.73,212.1,6773600
2/1/2020,216.6,219.98,216.54,219.77,15873500
3/1/2020,216.35,218.2,216.01,217,8604500
6/1/2020,214.89,217.16,214.09,216.64,11885500
7/1/2020,217.64,218.94,216.69,217.63,9388000
8/1/2020,216.6,220.65,216.32,218,11959100
9/1/2020,221.5,223.08,220.82,221.78,13122500
10/1/2020,223.9,225.96,222.06,223.83,12296000
13/1/2020,228.81,231.14,227.04,230.48,17544800
14/1/2020,230.05,230.18,224.88,226.49,17266900
15/1/2020,226.65,227.82,224.39,225.06,10743400
16/1/2020,226.3,226.33,222.73,223.94,13700500
17/1/2020,225.9,228,225.35,227.43,12956200
21/1/2020,222.45,222.6,220.73,222.26,15831100
22/1/2020,224.69,225.58,222,222.37,10059600
23/1/2020,217.93,220.13,216.77,219.13,18519900
24/1/2020,218.49,219.83,211.32,213.75,18143900
27/1/2020,201.22,208.02,199.5,205.47,24574700
28/1/2020,209.74,210.91,207.17,210.23,16196700
29/1/2020,212.56,213.98,209.52,212.02,12871900
30/1/2020,207.88,209.86,205.03,208.58,14376000
31/1/2020,206.5,207.93,204.73,206.59,18181400
3/2/2020,208.67,215.02,208.67,213.1,14118800
4/2/2020,221.35,224.38,220.49,222.88,16695100
5/2/2020,226.52,226.7,217.54,220.22,15766100
6/2/2020,223.13,223.65,219.78,220.9,10790800
7/2/2020,217.46,217.84,214.88,216.53,13790300
10/2/2020,213.5,215.77,212.2,215.77,17420300
11/2/2020,219.91,220.01,215.29,217.21,16073500
12/2/2020,221.13,225.52,220.21,224.31,18671900
13/2/2020,220,225,218.99,220.36,28069700
14/2/2020,221.1,221.64,218.23,219.63,10690000
18/2/2020,218.55,220.85,217.51,220.52,12987000
19/2/2020,221.52,223.56,220.75,222.14,10798100
20/2/2020,222.5,222.5,214.22,218.04,14950100
21/2/2020,217.54,217.6,211.56,212.59,17681200
24/2/2020,203.55,207.28,202.51,206.16,19380200
25/2/2020,208.51,209.95,204.1,205.61,18132400
26/2/2020,206.8,213.08,206.79,208.74,19482100
27/2/2020,205.01,209.97,201.86,205.03,22741200
28/2/2020,198.98,208.92,198.56,208,31251100
2/3/2020,208.59,211.11,203.76,210.98,21542200
3/3/2020,211.08,211.39,202.24,207.41,20813800
4/3/2020,209.49,212.7,208.85,211.96,12474400
5/3/2020,210,215.15,209.14,211.46,13462900
6/3/2020,206.7,207,201.1,204.64,21700500
9/3/2020,195.62,199.89,193.93,197.66,25502600
10/3/2020,205.53,207.45,200.8,206.39,19022600
11/3/2020,201.65,203.1,196.11,198.91,18908200
12/3/2020,186.5,190.49,183.93,185.1,30247100
13/3/2020,194.9,195.99,187.81,194,23650500
16/3/2020,176.15,188,174.5,178.85,26628500
17/3/2020,181.26,189.39,179.69,184.81,19276500
18/3/2020,176,182.41,170,180,22054200
19/3/2020,179.26,187.25,177.39,180.88,20905700
20/3/2020,187.74,188.3,180,181.3,21006100
23/3/2020,175.27,178.5,169.95,176.34,22554700
24/3/2020,183.09,188.8,181.18,185.75,20801500
25/3/2020,185.82,195.19,184.51,188.56,19605200
26/3/2020,188.64,196.32,187.6,195.32,15416800
27/3/2020,189.97,192.74,188,188.59,13376400
30/3/2020,187.48,191.48,187.01,191.27,12254400
31/3/2020,192,196.79,190.6,194.48,19084800
1/4/2020,189.5,192.87,185.04,187.56,17948600
2/4/2020,186.08,191.3,185.69,188.9,13412100
3/4/2020,190.12,190.55,185.41,187.11,9483100
6/4/2020,194.74,196.88,192.7,196.45,13248700
7/4/2020,200.05,201.45,197.05,198,14934500
8/4/2020,198.34,198.86,193.88,195.98,13608000
9/4/2020,198.65,200.35,193.4,196.37,17821300
13/4/2020,197.4,200.32,195.53,199.44,16117900
14/4/2020,204.95,207.97,204.25,204.78,16757100
15/4/2020,204.77,209.15,201.31,208.17,10768100
16/4/2020,210.53,213.25,209.12,212.66,16353800
17/4/2020,214.98,214.98,208.85,209.5,13558500
20/4/2020,209.87,216.1,209.36,212.13,19295400
21/4/2020,209.9,212.13,205.03,207.34,14107600
22/4/2020,212,212,209.21,209.96,13471100
23/4/2020,210.24,210.56,203.46,205.24,20424000
24/4/2020,205.89,206.5,202.82,204.36,14673900
27/4/2020,207.55,207.78,202.03,203.69,17286800
28/4/2020,204.81,205.19,199.41,201.15,17203800
29/4/2020,202.93,207.08,202.51,206.7,19117800
30/4/2020,206.25,206.7,199.29,202.67,20107400
1/5/2020,195.75,197.38,192.86,194.48,22276200
4/5/2020,194.76,195,189.53,191.15,25709400
5/5/2020,196.38,198.27,194.2,195.02,22957200
6/5/2020,197.67,198.91,194.93,195.17,18598900
7/5/2020,198,198.09,194.78,196.49,16164600
8/5/2020,199.8,203.02,198.68,201.19,23819700
11/5/2020,202.78,206.64,202.38,205.4,17920700
12/5/2020,206.95,208.05,200.02,200.31,17826800
13/5/2020,203.62,204.68,197.98,199.46,22429700
14/5/2020,195.5,201.77,194.03,201.3,20025900
15/5/2020,200.7,204.49,200.1,203.68,17209500
18/5/2020,212.5,215.47,210.37,215.28,23556600
19/5/2020,216.73,220.59,215.19,217.2,21438100
20/5/2020,220,221.16,210.58,216.79,38324100
21/5/2020,211.29,214.58,209.53,212.16,29850700
22/5/2020,203.23,204.88,198.99,199.7,51979300
26/5/2020,205.94,206.8,201,201.72,28683200
27/5/2020,202.99,202.99,196.75,201.18,23605400
28/5/2020,199,202.37,197.62,199.49,18763200
29/5/2020,200,207.88,196.7,207.39,43179500
1/6/2020,205.9,207.2,203.94,206.57,16169700
2/6/2020,207.21,214.57,207.17,214.33,22485800
3/6/2020,215.6,218.97,213.75,218.61,19999500
4/6/2020,217.28,220,216.32,218.04,14962400
5/6/2020,220,220.59,218.7,219.55,11983200
8/6/2020,219.6,220.4,215.33,219,12731200
9/6/2020,216.31,220.72,216.2,220.72,14140100
10/6/2020,222,225,220.6,223.68,13372400
11/6/2020,218,219.95,213.56,215.24,15560300
12/6/2020,218.5,219.5,213.88,217.64,12716500
15/6/2020,214.11,217.72,212.75,217.03,17419900
16/6/2020,221,224.84,220.1,222.62,17212400
17/6/2020,224.4,225,222.5,224.25,12486700
18/6/2020,223.74,226.03,222.92,223.54,10358800
19/6/2020,226.38,226.5,220.09,220.64,19545200
22/6/2020,220.92,222.08,219.45,221.41,13303600
23/6/2020,225.12,230.23,224.53,228.75,18263400
24/6/2020,228.3,231.03,224.25,226.22,12159500
25/6/2020,224.59,224.69,220.87,222.16,14953100
26/6/2020,222.21,222.26,213.5,215.71,19340600
29/6/2020,215.03,216.5,211.82,215.02,12333000
30/6/2020,215.74,216.43,212.89,215.7,12933800
1/7/2020,215.81,216.55,214.74,215.95,11788100
2/7/2020,221.85,225.02,220.06,223.6,18128700
6/7/2020,233.31,240.48,232.82,240,33702900
7/7/2020,241.01,241.3,236.13,236.51,16491600
8/7/2020,244.86,258.49,244.02,257.68,39922700
9/7/2020,265.55,268,255.91,261.58,36803900
10/7/2020,260.21,261.9,255.71,261.01,20335000
13/7/2020,261.45,265.66,250.68,251.67,21568700
14/7/2020,246.57,249.75,241.23,248.58,19782600
15/7/2020,251.48,252.5,246.54,249.21,12614700
16/7/2020,241.77,245.05,240.74,242.5,18032100
17/7/2020,246.55,247.93,244.48,247.14,18742400
20/7/2020,256.45,257.67,252.43,254.81,19015000
21/7/2020,261.21,261.92,256.52,257.9,17120700
22/7/2020,255.76,256.27,249.6,251.7,19682200
23/7/2020,252.1,257.66,248.69,251.88,25712000
24/7/2020,244.96,249.48,241.89,249,17221500
27/7/2020,247.11,252.87,245.81,250.86,18966900
28/7/2020,251.15,251.65,248.53,249.05,9878700
29/7/2020,250.34,254.3,250.1,252.45,11493600
30/7/2020,251.7,253.86,249.62,252.74,7032900
31/7/2020,254.2,254.4,248.1,251.02,12304100
3/8/2020,254.02,260.65,254,257.94,11530300
4/8/2020,260.08,262.56,258.82,262.2,10994500
5/8/2020,263.74,265.98,261.76,264.91,10673800
6/8/2020,263.42,265.7,259.2,265.68,10359500
7/8/2020,257.41,257.76,247.57,252.1,22529600
10/8/2020,249.34,251.75,246.1,248.13,13621700
11/8/2020,251.29,252.88,247.83,248.42,10681800
12/8/2020,249.25,256.08,248.68,255.19,11112300
13/8/2020,256.39,256.97,252.88,253.72,8794500
14/8/2020,255.49,255.77,251.64,253.97,7876400
17/8/2020,253,257.38,250.09,256.96,9760000
18/8/2020,258.71,261.42,256.06,259.2,13267800
19/8/2020,260.89,261.29,257.38,260.59,14096500
20/8/2020,256.89,258.88,254.18,257.97,21460800
21/8/2020,259.03,267.43,258.31,265.8,25648200
24/8/2020,273.24,276.97,271.62,276.02,22475800
25/8/2020,278.06,289.12,276.04,286,27535500
26/8/2020,289.26,292.48,284.1,291.96,19530300
27/8/2020,290.17,290.25,282.1,284.17,14805800
28/8/2020,285.09,289.5,283.57,289,9681500
31/8/2020,288.62,289.19,283.61,287.03,13253800
1/9/2020,289.2,298,288.87,298,13797100
2/9/2020,299,299,289.79,296.07,12638600
3/9/2020,289,290.73,278.16,282.5,16766200
4/9/2020,279.6,283.78,267.39,281.39,15885800
8/9/2020,270.23,273.97,266.59,270.02,12734000
9/9/2020,274.45,275.64,270.88,273.15,9465700
10/9/2020,274.9,277.1,267.4,267.55,10676800
11/9/2020,272.63,274.53,268.12,271.61,9412800
14/9/2020,275.36,276.29,271.76,274.1,7883300
15/9/2020,278,279.1,274.8,277.96,8291400
16/9/2020,281.03,283.61,278,278.14,9583500
17/9/2020,273.11,275.9,272.32,275.72,8016900
18/9/2020,275.98,277.27,270.55,272.41,11753500
21/9/2020,269.1,274.22,266.4,273.82,9076400
22/9/2020,276.02,276.32,270.05,275.29,9673300
23/9/2020,275.4,277.83,271.5,272.95,7353200
24/9/2020,267.93,271.25,267.33,269.73,9562100
25/9/2020,267.57,271.81,264.56,271.09,11466600
28/9/2020,275.53,278.84,274.2,276.01,8761700
29/9/2020,275.43,279.3,274.9,276.93,7673300
30/9/2020,284.01,295,283.71,293.98,24777700
1/10/2020,295.26,295.59,288.25,290.05,16304000
2/10/2020,286.62,291.98,286.51,288.17,11482800
5/10/2020,289.06,290,284.88,288.27,17876400
6/10/2020,287.41,296.84,286.91,292.39,15860400
7/10/2020,297.99,299.51,292.87,296.5,16669300
8/10/2020,298.11,302.3,295.44,300.54,15105800
9/10/2020,298.55,302.61,297.74,299.74,11442200
12/10/2020,303.95,309.64,301.29,306.34,14780100
13/10/2020,306.36,310.01,303.03,308.78,10898500
14/10/2020,309,309.96,300.8,301.04,15157800
15/10/2020,293.8,299.86,292.61,299.46,9709900
16/10/2020,303.99,310,302.95,307.31,12338000
19/10/2020,309.89,313.81,303.41,305.29,14107300
20/10/2020,307.6,311.8,307.06,309.81,8806100
21/10/2020,311.75,314,307.7,307.97,11139700
22/10/2020,311.46,311.85,304.21,306.28,8008400
23/10/2020,307.27,310.33,304.06,309.92,6231400
26/10/2020,309.92,315.46,303.2,306.87,9350100
27/10/2020,307.75,319.32,305.61,317.14,13175900
28/10/2020,313.5,313.5,306,307.94,13644500
29/10/2020,309.44,315.58,308.91,312.56,11174500
30/10/2020,308.55,310.83,300.19,304.69,14918500
2/11/2020,310.95,311.44,305.39,310.84,11857600
3/11/2020,286.2,294.28,280.78,285.57,58132500
4/11/2020,287.79,299.17,285.3,295.71,28791200
5/11/2020,289.09,291.25,279.6,287.75,50065200
6/11/2020,291.49,300.89,289.79,299.95,25259600
9/11/2020,303.77,304,290.5,290.53,22559900
10/11/2020,279.97,280,264.33,266.54,61064000
11/11/2020,261.92,271.92,261.2,265.65,41699000
12/11/2020,271.04,271.2,263.04,264.31,27119100
13/11/2020,264.72,265.44,257.17,260.84,33942800
16/11/2020,260.42,262.57,257.03,258.31,20864200
17/11/2020,260.28,260.28,256.54,256.8,19739500
18/11/2020,257.76,258.31,252.55,255.83,28307100
19/11/2020,255,261.4,253.56,259.89,20752800
20/11/2020,263.97,272.37,261.9,270.74,34178400
23/11/2020,274.75,275.73,266.41,270.11,25317100
24/11/2020,276.23,280.61,272.8,279.96,20660500
25/11/2020,275.7,279.33,274.05,277.72,15229300
27/11/2020,278.8,278.92,275.67,276.48,9583200
30/11/2020,268.97,268.97,262.52,263.36,30476100
1/12/2020,265.47,265.67,261.57,264.01,14573100
2/12/2020,262,263.1,260.11,261.32,13919700
3/12/2020,263.78,268.6,263.14,266.91,15520500
4/12/2020,271.02,271.3,266.27,267.25,15527600
7/12/2020,265.7,265.97,262.6,264,11388700
8/12/2020,265.2,268.4,263.87,266.09,9447700
9/12/2020,267.56,267.91,263.1,263.8,9060700
10/12/2020,261.99,266.09,261.2,264.87,10290300
11/12/2020,264.29,265.32,262.5,264.54,7771300
14/12/2020,260.32,260.86,256.03,256.03,18369900
15/12/2020,255.34,255.68,252.3,255.11,16595600
16/12/2020,257.74,263.18,257.04,261.89,15804800
17/12/2020,264.7,264.85,260.2,264.43,14306600
18/12/2020,263.9,264.9,259.2,260,15981800
21/12/2020,255.17,260.46,254.5,260.43,10901800
22/12/2020,257.87,258.34,255.41,255.83,11468400
23/12/2020,255.5,257.35,252.53,256.18,10729200
24/12/2020,228.24,229.9,211.23,222,141830000
28/12/2020,216.88,224.99,215.32,222.36,73512100
29/12/2020,231.76,239.19,229.6,236.26,69715900
30/12/2020,243.35,243.39,234.65,238.39,44812300
31/12/2020,237.46,238.92,231.03,232.73,23451800
4/1/2021,226.5,230.38,225.04,227.85,24897900
5/1/2021,229.05,240.76,228.12,240.4,35823800
6/1/2021,234.95,238.3,225.86,227.61,37146100
7/1/2021,229.31,229.95,220.09,226.9,49361800
8/1/2021,227.88,238.6,226.68,236.19,34884900
11/1/2021,229.9,230.82,225.86,227.37,23036900
12/1/2021,228.38,229.75,225.14,225.6,18969900
13/1/2021,229.94,240.49,226.29,235.3,38805100
14/1/2021,245.31,245.7,241.47,242.98,31381600
15/1/2021,246.25,246.99,242.15,243.46,21561600
19/1/2021,250,252.88,246.99,251.65,23681900
20/1/2021,267.5,269,262.7,265.49,44640800
21/1/2021,264.13,264.6,257.9,260,20709900
22/1/2021,256.8,260.33,255.5,258.62,13518200
25/1/2021,263.62,265.2,257.85,261.38,19478600
26/1/2021,263.8,266,261.12,265.92,14681200
27/1/2021,265.13,265.92,259.95,260.25,16050400
28/1/2021,259.17,261.57,257.33,260.76,10244900
29/1/2021,256.03,258.9,252.3,253.83,14693000
1/2/2021,258.8,265,255.2,264.69,15289300
2/2/2021,264.57,265,254.04,254.5,30534300
3/2/2021,264.7,268.28,261.25,263.43,29179700
4/2/2021,269.58,269.99,265.56,266.96,16763000
5/2/2021,264.61,266.45,263.21,265.67,11018700
8/2/2021,264.98,265,261.82,262.59,10721100
9/2/2021,263,267.2,262.54,266.49,12432800
10/2/2021,268.7,270.4,264.6,267.79,13090800
11/2/2021,268.75,274.26,267.2,268.93,15295800
12/2/2021,269.09,270.25,265.68,267.85,9355100
16/2/2021,271,274.29,270.4,270.7,16708700
17/2/2021,270.89,272.32,267.81,270.83,13262400
18/2/2021,265.23,266.18,262.33,264.51,15382300
19/2/2021,266.05,269.39,262.85,263.59,14718400
22/2/2021,257.99,259.46,254,254,14403500
23/2/2021,247.31,254.9,241.62,252.75,15980300
24/2/2021,252,252,248.1,250.34,12831700
25/2/2021,250,250.34,240.07,240.18,17967300
26/2/2021,244.63,244.9,237.65,237.76,17470700
1/3/2021,241.05,242.79,239.26,241.69,14043300
2/3/2021,238.79,241.2,234.27,234.42,14644200
3/3/2021,237.5,239.61,234.45,236.27,13571700
4/3/2021,235,236.37,228.36,230.5,22964800
5/3/2021,235.42,236.43,228.34,233.89,15988400
8/3/2021,229.02,230.81,226.53,226.69,17138400
9/3/2021,233.38,238.74,233.07,238.14,15291300
10/3/2021,241,241.32,233.64,234.3,10491200
11/3/2021,237.2,241.72,235,240.8,15162500
12/3/2021,233.7,235.45,229.71,231.87,17778400
15/3/2021,228.41,230.45,226.26,230.28,14499700
16/3/2021,228.07,229.85,225.53,226.93,19336600
17/3/2021,226.5,235.63,225.81,233.34,16949500
18/3/2021,238.56,239.5,235.56,236.43,14822300
19/3/2021,239.66,241.6,236.88,239.79,15959700
22/3/2021,235.85,238.53,235,237.12,12063200
23/3/2021,237.3,241.12,235.5,237.67,12295600
24/3/2021,236.83,237.3,229.24,229.59,15949900
25/3/2021,225,229.24,222.5,222.72,24819800
26/3/2021,222,229.24,220.42,227.26,22030800
29/3/2021,225.49,232.38,225.1,231.86,18029100
30/3/2021,229.27,230.45,226.64,229.25,14828700
31/3/2021,229.89,231.52,226.47,226.73,16825400
1/4/2021,230.68,231.25,223.5,224.36,23497500
5/4/2021,226.53,226.57,222.52,225.3,14962100
6/4/2021,226.03,232,225.74,230.57,18100400
7/4/2021,226.11,228.19,224.8,225.42,18034900
8/4/2021,228.5,229.42,226.62,228.24,12211300
9/4/2021,224.85,225.07,221.32,223.31,19763000
12/4/2021,237.89,244.91,236.65,244.01,57500300
13/4/2021,243.66,245.69,239.69,241.89,20793000
14/4/2021,244.37,245.09,238.65,239.23,12405200
15/4/2021,240,240.95,238.13,239.09,11288900
16/4/2021,241.89,241.89,237.82,238.69,14418800
19/4/2021,237.44,238.42,232.81,234.78,11216000
20/4/2021,232.87,234.63,228.43,229.88,12093900
21/4/2021,229.33,229.49,226.07,229.44,14315900
22/4/2021,228.76,234,227.82,229.35,11986200
23/4/2021,230.65,233,230.51,232.08,8967000
26/4/2021,231.5,233.49,230.82,232.7,7792900
27/4/2021,233.44,236.93,232.08,235.92,11646300
28/4/2021,237.57,239.22,236.33,236.72,9187700
29/4/2021,237.79,238.05,232.6,234.18,9552800
30/4/2021,231.77,233.85,230.51,230.95,9326400
3/5/2021,231.27,236.17,230.4,230.71,13620900
4/5/2021,230.25,231.48,225.45,227.9,13260500
5/5/2021,228,229.3,226.73,226.78,10013800
6/5/2021,227.11,228.44,222.88,226.42,12247700
7/5/2021,227.9,228.79,225.05,225.31,10550000
10/5/2021,222.87,222.87,218.56,219.53,17266700
11/5/2021,213.71,221.39,213,221.38,13887700
12/5/2021,224.74,225.29,219,219.9,20366900
13/5/2021,213.15,215.5,204.39,206.08,51693900
14/5/2021,209.92,210.94,206.02,209.51,31626800
17/5/2021,210.62,213.15,209.44,211.05,20529800
18/5/2021,212.5,215.17,211.42,213.72,19519400
19/5/2021,211.1,212.91,210.12,212.54,17030400
20/5/2021,212.99,217.63,212.63,216.99,19123400
21/5/2021,215.23,215.89,209.87,211.06,22825500
24/5/2021,210.03,212.01,208.7,210.44,15884200
25/5/2021,212.83,214.05,211.01,211.13,14116100
26/5/2021,212.3,213.75,211.54,211.78,9405800
27/5/2021,214.17,215.46,212.53,212.74,18680200
28/5/2021,212.76,214.53,212.06,213.96,10401500
1/6/2021,223.02,223.13,218.24,219.48,23052800
2/6/2021,219.43,219.94,217.46,219.59,13126400
3/6/2021,218,218.7,216.3,217.04,12448100
4/6/2021,218.28,219.08,217.14,219.02,8999100
7/6/2021,218,218.4,215.69,216.9,9928600
8/6/2021,217.29,218.23,214.74,215.82,9443000
9/6/2021,215.21,216.57,213.31,213.32,10233600
10/6/2021,213.5,214.8,212.21,213.07,10735900
11/6/2021,213.45,213.46,211,211.64,12276600
14/6/2021,212.25,215.16,212.24,213.94,10773100
15/6/2021,214.17,214.49,209.64,210.06,12167000
16/6/2021,209.75,211.62,208.23,209.32,10917800
17/6/2021,209.9,212.49,209.77,211.6,11233700
18/6/2021,212.01,213.84,210.59,212.3,13724600
21/6/2021,210.55,211.78,208.99,211.06,9273800
22/6/2021,210.42,211.66,209.86,211.32,11092100
23/6/2021,214.19,216.33,213.13,214.86,13785800
24/6/2021,216.99,219.58,215.56,218.38,13488200
25/6/2021,221.71,230.25,221.1,228.5,27383900
28/6/2021,229.5,230.89,226.72,228.59,13564900
29/6/2021,226.7,229.64,225.6,229.44,10273800
30/6/2021,226.99,227.98,225.68,226.78,9348600
1/7/2021,228.07,228.85,221.55,221.87,13316400
2/7/2021,219.16,219.5,216.46,217.75,12989200
6/7/2021,215.32,215.4,209.37,211.6,23719900
7/7/2021,211.61,212.05,207.82,208,18340400
8/7/2021,201.71,202.28,198.26,199.85,33992500
9/7/2021,202.05,207.27,201.5,205.94,16911300
12/7/2021,203.9,206.46,203.02,205.48,11259500
13/7/2021,209.23,212.81,208.19,209.51,17375900
14/7/2021,215.5,216.35,211.03,211.5,19484200
15/7/2021,215.11,216.6,213.16,214.76,14283600
16/7/2021,214.85,215.2,211.46,212.1,11150200
19/7/2021,206.1,209.08,203.24,208.91,15865800
20/7/2021,209,211.5,207.47,210.59,9986800
21/7/2021,209.15,211.85,208.42,211.08,7650300
22/7/2021,212.64,216.39,212.6,214.04,10563100
23/7/2021,206.29,206.89,203.56,206.53,25539900
26/7/2021,198.37,198.57,190.88,191.76,55736800
27/7/2021,183.59,186.9,179.67,186.07,59265700
28/7/2021,190.23,198,189.76,196.01,34535200
29/7/2021,201.04,201.14,194.91,197.54,23363200
30/7/2021,190.58,196.04,190.49,195.19,17250600
2/8/2021,196.27,202.07,196.25,200.09,17889200
3/8/2021,195.01,197.44,192,197.38,20115900
4/8/2021,197.49,203.27,196.91,200.71,22327300
5/8/2021,199.27,200.29,197.64,199.28,9881400
6/8/2021,199.25,199.32,195.68,196.39,11967700
9/8/2021,194.58,195.5,192.82,195.25,14657200
10/8/2021,197.27,198.45,195.07,195.73,9983700
11/8/2021,196.6,196.92,194.73,194.86,8985100
12/8/2021,191.17,192.98,189.68,191.66,12873400
13/8/2021,188.61,189.26,186.71,188.62,15377000
16/8/2021,185,186.26,181.51,182.71,21020700
17/8/2021,175.92,177.89,173.15,173.73,40558000
18/8/2021,174.1,175.36,172.11,172.35,34339800
19/8/2021,166.7,167.26,159.51,160.55,66663000
20/8/2021,164.12,166.93,155.5,157.96,75948900
23/8/2021,159.28,161.47,152.8,161.06,88699200
24/8/2021,169.04,174.15,168.16,171.7,62786400
25/8/2021,168.7,169.61,166.08,169.1,26055400
26/8/2021,167.46,168.45,164.82,165.24,18816500
27/8/2021,159.99,161.77,158.55,159.47,31718100
30/8/2021,160.17,163.29,158.23,162.29,23769400
31/8/2021,167.7,169,166.14,166.99,24629100
1/9/2021,169.56,174.79,169.33,173.28,29550200
2/9/2021,178.01,178.18,171.67,172,29302400
3/9/2021,169.52,172.06,168.88,170.3,16423500
7/9/2021,174.15,176.84,173.37,175.16,24608500
8/9/2021,174.25,174.37,169.26,170.71,18993000
9/9/2021,167.3,169.04,165.58,167.32,17295800
10/9/2021,171.2,171.64,167.61,168.1,15064300
13/9/2021,164.49,166.86,163.02,165.41,15458600
14/9/2021,162.86,163.07,159.48,160.15,20925900
15/9/2021,157.95,158.03,153.92,157.86,31796600
16/9/2021,154.92,157.64,153.67,156.26,24358900
17/9/2021,158.48,160.38,158.09,160.05,25489000
20/9/2021,154.4,155.14,149.09,151.49,36177500
21/9/2021,151.58,152.58,149.57,150.18,19494700
22/9/2021,151.47,154,151.02,151.89,19832000
23/9/2021,152.58,152.68,149.61,151.19,24707500
24/9/2021,147.71,148,144.57,145.08,32067400
27/9/2021,144.92,150.99,144.44,150.18,24287400
28/9/2021,152.16,153.73,148.86,152.39,26299600
29/9/2021,150.46,152.1,147.48,147.58,17361300
30/9/2021,147.03,149.58,146.86,148.05,14291500
1/10/2021,147.09,148.45,143.34,144.2,20211000
4/10/2021,141.7,141.9,138.43,139.63,25218500
5/10/2021,139.38,143.83,139.19,143.14,14032100
6/10/2021,140.56,144.89,139.96,144.1,14875900
7/10/2021,151.05,158.29,150.75,156,46035900
8/10/2021,159.86,162.78,157.91,161.52,33499200
11/10/2021,169.61,169.8,163.95,163.95,42193600
12/10/2021,163.82,165.73,162.24,163,24512700
13/10/2021,164.38,168.26,163.6,167.4,18595000
14/10/2021,168.26,168.99,164.46,166.78,17403700
15/10/2021,166.99,169.8,165.43,168,20762800
18/10/2021,166.58,169.25,166.58,166.82,18945900
19/10/2021,170.6,177.44,170.45,177,33538900
20/10/2021,180.95,182.09,176.13,177.18,33714400
21/10/2021,177,179.78,176.71,177.42,16444000
22/10/2021,179.08,182.09,175.81,177.7,20807300
25/10/2021,177.86,178.28,173.83,176.17,13119700
26/10/2021,174.48,174.9,167.48,169.99,17577000
27/10/2021,167.53,172.45,167.34,169.23,11801800
28/10/2021,168.49,170.35,166.77,169.79,12440100
29/10/2021,167.07,168.56,162.72,164.94,17155400
1/11/2021,165.84,171.9,165.8,170.17,17609500
2/11/2021,167.1,167.1,162.76,162.9,19072900
3/11/2021,165.36,166.65,163.11,166.24,13569700
4/11/2021,169.28,169.94,164.5,164.79,16669200
5/11/2021,164.79,164.79,158.3,158.73,22098200
8/11/2021,161.76,162.16,159.48,162.16,16223100
9/11/2021,162.16,164.48,159.54,160.19,14010100
10/11/2021,163.68,166.48,161.82,163.97,17216800
11/11/2021,166.56,169.63,166.56,167.85,16747500
12/11/2021,165.17,167.8,163.4,166.81,13741800
15/11/2021,167.22,168.46,165.67,166.54,9655700
16/11/2021,168.6,169.94,166.67,168.43,11887500
17/11/2021,168.02,168.3,161.13,161.58,18829500
18/11/2021,146.91,148.5,141.89,143.6,61571500
19/11/2021,143.04,145.06,140,140.34,28575700
22/11/2021,139.9,140.7,135.21,136.62,26390400
23/11/2021,136.03,136.85,133.31,133.66,24102900
24/11/2021,133.1,136.76,131.22,136.52,20010400
26/11/2021,132.93,133.98,131.22,133.35,14814900
29/11/2021,134.25,134.55,130.55,131.61,18648900
30/11/2021,129.9,131.32,126.13,127.53,32625400
1/12/2021,128.37,129.15,121.9,122.49,29203800
2/12/2021,123.02,125,119.34,122,34478600
3/12/2021,118,118.19,108.7,111.96,70266500
6/12/2021,113.64,123.82,113.43,123.6,43111400
7/12/2021,129.3,129.45,123.46,125.54,38542800
8/12/2021,123.21,126.97,121.32,125.08,22275000
9/12/2021,124.63,127.76,123.21,123.91,23499300
10/12/2021,123.22,125.21,122.78,125.06,15008300
13/12/2021,123,123.25,119.75,122.24,15820500
14/12/2021,120.93,127.65,120.3,126.58,17691500
15/12/2021,122.63,123.59,117.77,122.47,24893500
16/12/2021,122.32,125.69,118.9,120.25,22533400
17/12/2021,119.49,122.87,117.81,122.1,19781100
20/12/2021,118.5,118.83,113.69,115,23970500
21/12/2021,116.85,122.98,116.6,122.98,18036300
22/12/2021,117.09,118.66,115.15,117.81,24502000
23/12/2021,116.8,119.59,115.39,118.66,17563300
27/12/2021,117.8,121.8,116.1,116.59,17864400
28/12/2021,116.26,116.42,114.47,114.8,17052100
29/12/2021,113.8,114.2,110.38,112.09,21100500
30/12/2021,112.63,124.3,112.3,122.99,45437100
31/12/2021,121.23,122.91,118.59,118.79,24287000
3/1/2022,119.38,121.95,115.82,120.38,16775300
4/1/2022,119.53,120.87,115.77,119.56,20824000
5/1/2022,118,126.62,117.7,121.16,36651100
6/1/2022,124.26,128.4,123.46,126.63,32045800
7/1/2022,130.24,133.88,128.18,129.81,38113000
10/1/2022,131.99,132.6,126.23,128.3,23372200
11/1/2022,129.21,134.23,127.47,132.19,23616400
12/1/2022,136.02,138.7,135.59,137.41,25961100
13/1/2022,135.2,135.92,131.3,131.37,19887700
14/1/2022,132.81,134.36,129.35,131.57,18614900
18/1/2022,126.27,132.13,124.82,128.6,26122200
19/1/2022,128.1,130.86,127.13,127.74,14665200
20/1/2022,135.77,136.75,130.68,131.03,28966400
21/1/2022,128.23,128.96,122.52,123.23,26341400
24/1/2022,119.32,120.78,115.32,120.37,28509300
25/1/2022,119.91,122.46,118.04,119.14,22224100
26/1/2022,120.93,120.93,112.96,113.37,27513200
27/1/2022,113.11,114.54,110.27,111.79,21472700
28/1/2022,113.25,115.32,110.06,115.23,18892400
31/1/2022,118.17,125.87,117.5,125.79,20346500
1/2/2022,124.81,128,122.97,127.22,15036100
2/2/2022,127.63,127.63,121.17,122.88,14050100
3/2/2022,121.55,125.27,120.73,123.47,16651500
4/2/2022,121.27,123.94,119.66,122.22,13538200
7/2/2022,116.1,116.55,113.6,114.82,28589200
8/2/2022,118.16,122.24,116.8,121.9,22340500
9/2/2022,123.09,126.8,121.94,126.5,18253600
10/2/2022,124.11,128.34,123.4,123.98,16116600
11/2/2022,125.33,126.72,121.94,122.25,13889900
14/2/2022,120.56,122.38,119.37,121.92,13154900
15/2/2022,123.77,126.81,123.38,126.24,14634700
16/2/2022,125.61,127.58,124.51,125.56,17993300
17/2/2022,125,129.4,124.06,124.43,15906000
18/2/2022,120.88,120.88,117.2,118.99,21201400
22/2/2022,114,114.85,112.06,112.93,21755100
23/2/2022,115.1,115.4,109.6,109.72,24489200
24/2/2022,100.07,108.95,100.02,108.93,35294700
25/2/2022,107.89,108.55,104,107.94,21428400
28/2/2022,105.97,107.49,103.64,105.19,23063500
1/3/2022,105.85,111.25,105.85,107.09,21218500
2/3/2022,107.39,107.39,103.24,105.42,20791800
3/3/2022,106.03,106.63,101.07,102.05,21725900
4/3/2022,100.29,104.39,99.33,100.6,24574700
7/3/2022,99.56,103.36,98.6,98.66,20679400
8/3/2022,99.32,100.91,95.57,97.5,23275500
9/3/2022,100.26,100.97,98.32,100.93,20853600
10/3/2022,95.19,95.7,90.82,92.92,37671200
11/3/2022,93.26,93.95,86.68,86.71,39341800
14/3/2022,80.7,82.45,77.08,77.76,69992600
15/3/2022,75.1,80.14,73.28,76.76,86209300
16/3/2022,92,105.74,87.12,104.98,159834300
17/3/2022,99.14,101.89,95.77,100.37,80663200
18/3/2022,100.5,111.74,99.6,108.3,83781800
21/3/2022,102.81,105.68,98.7,103.59,58882900
22/3/2022,114.01,118.24,112.37,114.99,88193400
23/3/2022,115.7,124.11,112.68,117.24,81605700
24/3/2022,112.86,116.5,110.82,115.15,55850200
25/3/2022,110.53,113.86,109.4,112.99,42396500
28/3/2022,113.86,116.23,111.92,115.09,30168000
29/3/2022,118.36,119.6,115.74,116.71,28060900
30/3/2022,115.54,120.1,115.54,116.58,28381700
31/3/2022,115.03,115.09,108.71,108.8,31240200
1/4/2022,117.62,118.95,109.75,110.2,55873000
4/4/2022,115.7,118.22,113.38,117.5,39088500
5/4/2022,115,115,110.23,111,35226000
6/4/2022,109.24,109.47,106.12,107.68,23739800
7/4/2022,106.68,107.53,102.61,104.27,26814300
8/4/2022,104.48,106.47,103.33,103.53,20814900
11/4/2022,101.09,103.92,99.16,101.55,23504100
12/4/2022,101.18,102.33,99.39,99.75,23953600
13/4/2022,99.24,101.35,98.21,100.03,18330400
14/4/2022,97.29,99.27,95.31,95.49,20931200
18/4/2022,93.77,95.28,91.82,94.71,19159200
19/4/2022,92.29,93.95,90.95,93.5,23870000
20/4/2022,93.48,93.7,89.27,89.41,20949700
21/4/2022,89.55,90.01,85.4,85.99,25639000
22/4/2022,86.5,90.68,86.31,86.49,25130300
25/4/2022,82.7,86.17,81.8,85.84,24674000
26/4/2022,85.87,86.24,83.28,83.99,21194600
27/4/2022,85.32,89.41,84.78,88.32,29351600
28/4/2022,88.62,90.98,86.94,90.91,17707500
29/4/2022,101.53,103.52,96.66,97.09,44933400
2/5/2022,96.41,101.32,95.15,101.21,25479500
3/5/2022,100.13,102.69,99.43,100.38,15216100
4/5/2022,97.72,101.57,96.61,101.41,17740600
5/5/2022,97.94,98.47,94.05,94.64,18673100
6/5/2022,93.36,93.86,88.71,90.05,18568600
9/5/2022,86.96,88.6,84.43,84.84,23338600
10/5/2022,88.64,88.64,83.51,84.57,23400900
11/5/2022,85.51,87.52,81.47,81.73,24962400
12/5/2022,80.68,83.12,78.01,81.09,23833100
13/5/2022,82.12,88.36,82,87.99,20078400
16/5/2022,87.7,89.08,86.34,86.48,19644800
17/5/2022,92.75,94.48,89.54,91.99,27330300
18/5/2022,90,91.64,87,87.31,18991300
19/5/2022,86.18,90.09,85.74,87.69,20776400
20/5/2022,88.7,90.17,84.73,86.79,21020800
23/5/2022,87.06,87.42,84.76,87.23,13998200
24/5/2022,84.99,85.12,81.54,82.47,15214400
25/5/2022,83.72,84.07,81.07,82.31,23093700
26/5/2022,87.3,95.09,86.73,94.48,50825000
27/5/2022,92.21,94.5,90.37,93.41,26716000
31/5/2022,98.33,99.32,95.45,96.05,33790000
1/6/2022,95.9,96.93,91.88,93.38,23730900
2/6/2022,93.67,97.63,93.4,97.5,23228100
3/6/2022,95.15,96,93.02,93.21,15855900
6/6/2022,99.64,102.42,97.92,99.01,37287200
7/6/2022,99.99,104.46,99.42,104.32,35958700
8/6/2022,108.26,121.06,107.81,119.62,92337000
9/6/2022,115,118.22,109.44,109.9,72512300
10/6/2022,113.66,114.82,108.24,109.84,49859200
13/6/2022,103.61,104.53,97.58,98.52,36396700
14/6/2022,101.99,106.07,100.83,105.23,28567500
15/6/2022,106.81,108.63,104.38,108.03,24026100
16/6/2022,102.79,104.91,100.51,101.45,22357800
17/6/2022,112.54,112.75,101.33,102.24,73019300
21/6/2022,105.96,107.06,103.87,106.39,33975000
22/6/2022,104.23,107.1,103.08,105.15,24233000
23/6/2022,109.96,113.09,108.08,112.11,33228200
24/6/2022,115.3,118.09,114.3,117.62,27029900
27/6/2022,119.97,121.38,117.88,118.73,21724300
28/6/2022,118.98,120.93,116.51,116.76,18659400
29/6/2022,115.81,117.09,113.71,116.03,13793900
30/6/2022,113.77,114.6,111.38,113.68,13836200
1/7/2022,113.63,116.62,112.92,116,16679400
5/7/2022,114.51,120.53,112.14,120.13,20989300
6/7/2022,118.93,120,115.51,119.12,20222700
7/7/2022,120.63,125,120.63,122.39,24202000
8/7/2022,122.26,125.84,120.7,120.9,27221400
11/7/2022,115.46,115.58,109.33,109.57,31249900
12/7/2022,110.86,111,107.06,109.21,22318500
13/7/2022,106.84,110.64,106.75,109.1,16861400
14/7/2022,107.8,108.54,100.71,103.76,35314900
15/7/2022,103.49,103.64,97.84,102.44,33572300
18/7/2022,105.88,106.96,102.95,103.14,20503400
19/7/2022,103.97,104.82,101.53,104.75,19842500
20/7/2022,106.24,107.16,102.85,103.96,21897900
21/7/2022,104.06,106.61,103.68,105.13,17865500
22/7/2022,104.31,104.7,99.68,100.61,18819800
25/7/2022,100.5,101.27,98.74,101.06,16604300
26/7/2022,104.31,105.25,100.81,101.44,28004300
27/7/2022,102.2,102.97,99.8,102.78,19366600
28/7/2022,101.92,102.68,95.62,100.55,33875400
29/7/2022,94.22,94.22,89.11,89.37,59201800
1/8/2022,89.19,90.54,88,90.34,36050900
2/8/2022,88.2,94.87,88.2,92.62,34430500
3/8/2022,92,96.3,90.92,95.72,23921700
4/8/2022,101.07,103,95.06,97.43,42517800
5/8/2022,93.07,94.17,90.73,92.56,27206100
8/8/2022,91.47,92.75,90.34,90.84,16194100
9/8/2022,91.19,93.12,90.6,91.19,16744900
10/8/2022,91.17,92.95,88.56,92.43,17855400
11/8/2022,94.49,97.71,93.63,94.87,17521200
12/8/2022,91.51,94.8,91.43,94.77,17846400
15/8/2022,93.2,94.63,92.38,94.2,14425100
16/8/2022,92.69,93.57,91.4,92.65,12003200
17/8/2022,91.87,92.39,89.76,89.77,14491500
18/8/2022,90.05,91.93,88.52,90.74,13418600
19/8/2022,90.41,91.65,89.18,89.63,12364300
22/8/2022,89.57,90.88,89.3,90.03,15545000
23/8/2022,89.17,90.18,86.71,89.83,17345900
24/8/2022,87.9,94.15,87.55,92.52,22808300
25/8/2022,96.06,101.03,94.95,99.89,39170600
26/8/2022,104.84,104.85,97.61,98,45773400
29/8/2022,98.96,100.91,96.48,96.6,18323500
30/8/2022,95.86,96.97,92.62,93.84,17865800
31/8/2022,96.66,98.62,94.92,95.41,16169000
1/9/2022,92.75,94.52,91.67,93.71,11929100
2/9/2022,91.77,93.67,90.77,91.8,12378900
6/9/2022,89.32,89.47,87.8,88.45,15573500
7/9/2022,88.52,90.86,87.76,90.6,12753300
8/9/2022,88.56,90.18,88.28,89.52,13291800
9/9/2022,91.05,92.9,90.72,92.14,10745500
12/9/2022,92.42,94.84,91.81,94.69,15604000
13/9/2022,90.76,92.18,89.23,89.47,21149800
14/9/2022,89.46,89.78,88.17,88.92,10843600
15/9/2022,88.63,91.1,88.2,88.83,12188800
16/9/2022,87.7,88.25,85.42,86.43,19322000
19/9/2022,85.1,87.76,85,87.66,12822100
20/9/2022,87.95,88.73,85.01,85.8,19129000
21/9/2022,85.12,85.16,81.5,81.6,23847300
22/9/2022,82.63,83.28,80.17,80.71,19141200
23/9/2022,79.26,79.77,77.6,78.8,20492100
26/9/2022,79.94,80.99,78.78,78.91,17880600
27/9/2022,79.43,80.41,77.1,77.87,16975100
28/9/2022,76.49,81.48,76.28,80.99,20725400
29/9/2022,78.05,79.19,76.74,79.06,17913600
30/9/2022,78.74,81.78,78.65,79.99,17116900
3/10/2022,79.76,80.93,78.05,80.45,13249600
4/10/2022,83,85.03,82.34,84.11,18252000
5/10/2022,84.1,86.29,83.25,84.39,13194000
6/10/2022,84.07,85.25,83.52,84.32,11583600
7/10/2022,82.35,83.71,80.75,81.24,11632400
10/10/2022,79.77,79.79,77.7,79.24,14070900
11/10/2022,77.38,77.84,74.14,75.37,18387900
12/10/2022,74.9,76.68,74.03,75.73,13247900
13/10/2022,72.24,75.78,71.4,75.01,17563400
14/10/2022,76.05,76.14,72.78,73.02,13675300
17/10/2022,75.15,77.87,75.11,76.77,14487400
18/10/2022,78.01,78.64,75.06,76.34,14970600
19/10/2022,73.28,74.33,70.52,71.27,23094500
20/10/2022,71.6,74.94,71.55,72.02,19173400
21/10/2022,71.2,72.79,69.46,72.18,19526800
24/10/2022,63.39,64.1,58.01,63.15,101023200
25/10/2022,65.08,66.18,61.26,63.22,69302400
26/10/2022,63.36,69.8,62.92,68.51,52957400
27/10/2022,65.44,67.88,65.42,65.84,25812600
28/10/2022,63.2,64.15,61.82,63.74,28638000
31/10/2022,63.49,64.85,63.22,63.58,20645300
1/11/2022,68.01,68.45,65.64,65.86,27257000
2/11/2022,66.48,67.67,64.33,64.7,28298100
3/11/2022,63.42,66.88,63.4,65.21,23360500
4/11/2022,71.17,71.64,67.45,69.81,51292200
7/11/2022,71.3,71.88,68.67,69.71,26087600
8/11/2022,67.62,68.92,66.27,68.13,23870200
9/11/2022,66.43,66.78,64.8,64.84,22099300
10/11/2022,68.03,69.99,68,69.77,28757200
11/11/2022,72.32,72.7,69.31,70.77,38723400
14/11/2022,73.16,74,71.32,71.33,30310700
15/11/2022,78.93,80.37,77.81,79.3,53150500
16/11/2022,80.32,80.45,77.41,78.16,26637300
17/11/2022,76,85.68,75.76,84.26,62050600
18/11/2022,82.15,82.52,79.86,80.48,29528300
21/11/2022,78.69,79.06,76.47,76.93,19005100
22/11/2022,75.44,76.8,74.58,75.99,20694100
23/11/2022,78.19,78.85,76.85,78.5,19032700
25/11/2022,75.5,76.05,74.92,75.5,13036900
28/11/2022,74.74,77.42,74.68,75.88,19107400
29/11/2022,80.24,80.89,79.45,79.86,24178100
30/11/2022,82.74,89.62,82.25,87.56,60169600
1/12/2022,84.35,87.6,84.26,85.94,20243000
2/12/2022,86.05,91.85,86.05,90.06,35042600
5/12/2022,92.9,92.9,89.63,90.52,30929800
6/12/2022,91.88,92.57,89.2,91.45,26675700
7/12/2022,87.06,89.26,86.62,88.33,19507400
8/12/2022,91.97,94.33,91.08,94.17,29241500
9/12/2022,93.27,93.75,91.22,91.34,15452100
12/12/2022,90.09,90.89,87.75,89.41,15190200
13/12/2022,93.45,94.98,90.3,91.41,21150600
14/12/2022,91.06,91.26,89.5,90.91,15575500
15/12/2022,93.09,94.08,86.05,86.21,30419400
16/12/2022,88.8,90.57,86.61,86.79,25084600
19/12/2022,89.75,89.78,86.5,87.16,20737000
20/12/2022,85.04,87.2,85.04,85.92,15315400
21/12/2022,86.01,88.39,85.46,87.81,18212900
22/12/2022,89.08,89.69,86.67,87.97,16004800
23/12/2022,87.85,88.65,85.52,85.65,17949300
27/12/2022,86.55,90.69,86.21,89.86,22959900
28/12/2022,88.98,90.15,86.46,87.2,16268800
29/12/2022,87.62,89.52,87.06,89.13,12535400
30/12/2022,87.45,89.41,87.41,88.09,11926700
3/1/2023,91.11,94.45,90.75,91.98,27891000
4/1/2023,98.85,104.52,96.97,103.92,53291800
5/1/2023,101.4,105.7,100.64,104.58,30400400
6/1/2023,104.11,108,102.46,107.4,21072400
9/1/2023,111.99,113.11,108.12,110.83,42085300
10/1/2023,112.97,115.48,111.21,114.88,33478600
11/1/2023,114.6,115.21,112.31,115.02,22804400
12/1/2023,113.66,113.79,111.45,113.15,16590600
13/1/2023,114.52,117.98,114.09,117.01,25615100
17/1/2023,115.52,117.01,114.34,115.19,16945600
18/1/2023,116.75,116.75,113.04,113.22,15347900
19/1/2023,114.02,117,113.97,116.58,18489900
20/1/2023,118.3,120.06,117.8,119.86,18342700
23/1/2023,120,120.3,118.14,119.53,13590200
24/1/2023,115,120,115,119.44,7807100
25/1/2023,118.51,120.32,117.5,120.25,9705000
26/1/2023,121,121.3,118.76,120.57,11171000
27/1/2023,119.69,119.71,116.81,118.38,18027400
30/1/2023,111.69,113.15,109.78,111.2,21918200
31/1/2023,109.42,112.08,108.81,110.2,15330000
1/2/2023,111.86,113.95,110.15,112.82,16623000
2/2/2023,112.5,112.53,107.81,109.74,23396900
3/2/2023,108.05,109.53,105.81,106.33,15982200
6/2/2023,103.82,106.28,103.22,105.45,15337500
7/2/2023,106.84,107.35,103.72,105.5,16861700
8/2/2023,107.1,107.14,103.55,105.11,14329500
9/2/2023,108.5,109.81,107.75,108.46,16281300
10/2/2023,105.8,106.64,102.79,103.65,18776000
13/2/2023,105.99,106.35,104.15,104.79,18538600
14/2/2023,103.55,104.48,101.85,104.22,12978400
15/2/2023,102.39,103.44,102,103.08,18230200
16/2/2023,102.71,104.52,102.03,103.11,21747100
17/2/2023,101,101.09,99.25,100.01,18121600
21/2/2023,96.5,97.62,94.7,95.1,27172700
22/2/2023,95.57,95.89,93.56,94.78,24484000
23/2/2023,100.1,100.47,92.13,94.16,40482900
24/2/2023,90.07,91.68,88.03,89,36174500
27/2/2023,90.85,91.24,88.89,89.25,25840000
28/2/2023,88.46,89.34,87.27,87.79,24597200
1/3/2023,92.92,92.92,89.73,89.95,35434900
2/3/2023,88.96,90.92,87.97,89.75,24829000
3/3/2023,90.11,90.46,88.4,89.7,25834300
6/3/2023,89.58,91.3,88.03,89.62,16983900
7/3/2023,89.52,90.05,88.2,88.73,14514700
8/3/2023,87.39,87.77,86.45,86.95,14721500
9/3/2023,85.12,85.69,82.88,83.37,24327700
10/3/2023,82.64,84.52,82.33,82.96,18123100
13/3/2023,83.01,83.75,81.97,82.9,17848300
14/3/2023,82.86,83.91,82.16,83.85,20126100
15/3/2023,81.55,82.54,80.15,81.51,21025300
16/3/2023,81.46,82.48,80.66,82.22,22877500
17/3/2023,84,84.16,80.62,81.67,23711100
20/3/2023,80.15,81.9,79.48,81,19536500
21/3/2023,82.46,84.09,82,83.7,16529400
22/3/2023,84.84,85.39,83.51,83.65,21204700
23/3/2023,87.68,88.38,85.26,86.52,26861400
24/3/2023,85.87,88.11,85.63,86.9,20332500
27/3/2023,87.13,88.22,85.5,86.12,18258300
28/3/2023,95.35,99.51,92.06,98.4,118875200
29/3/2023,97.59,101.33,96.28,99.92,53695000
30/3/2023,101.34,105.05,100.5,103.38,57780700
31/3/2023,102.86,103.6,101.13,102.18,28382600
3/4/2023,100.89,101.75,97.61,98.39,26888100
4/4/2023,98.94,101.47,97.26,100.72,26868400
5/4/2023,99.24,100.45,97.66,98.55,20117700
6/4/2023,98.53,103.24,98.27,102.74,26849200
10/4/2023,100.62,102.83,100.59,101.54,16308300
11/4/2023,102.46,102.54,99.2,99.76,19017700
12/4/2023,97.82,98.89,93.58,93.84,35516000
13/4/2023,95.88,97.19,95.1,96.17,24231700
14/4/2023,95.63,96.12,93.84,94.55,14098700
17/4/2023,96.74,97.23,95.49,96.42,15714100
18/4/2023,99.02,99.17,95.18,95.49,20672300
19/4/2023,94.6,94.82,92.95,93.49,18985200
20/4/2023,93.35,93.79,90.05,90.74,25533900
21/4/2023,89.96,90.19,88.3,89.13,23097300
24/4/2023,88.4,88.48,86.04,86.89,22757100
25/4/2023,85.32,85.7,82.21,82.92,36441300
26/4/2023,85.04,85.22,82.76,82.82,24983000
27/4/2023,83.07,84.64,82.64,84.47,24506800
28/4/2023,84.18,85.08,83.87,84.69,18109300
1/5/2023,84.15,85.28,83.77,84.16,12909200
2/5/2023,83.15,83.28,80.65,81.53,20689500
3/5/2023,81.31,82,80.49,81.48,17759400
4/5/2023,82.39,83.13,81.8,82.49,23773800
5/5/2023,82.75,83.38,82.03,83.22,17527600
8/5/2023,83.63,83.7,82.34,83.31,17392900
9/5/2023,80.54,82.66,80.15,82.22,13457400
10/5/2023,82.14,84.5,81.77,82.95,16868100
11/5/2023,85.43,88.48,84.82,87.89,28104200
12/5/2023,86.71,86.71,84.76,85.34,19042800
15/5/2023,87.13,88.4,85.83,88.34,23691200
16/5/2023,87.11,89.37,87.06,88.76,18177900
17/5/2023,88.46,91.43,88.01,90.68,27670700
18/5/2023,90.81,91,85,85.77,60258600
19/5/2023,83.85,85.2,83.48,83.98,21571800
22/5/2023,85.67,87.48,85.65,86.1,16951300
23/5/2023,84.16,84.97,82.7,82.88,19917800
24/5/2023,82.17,82.6,80.88,81.21,17045800
25/5/2023,80.59,80.71,78.12,78.78,21811600
26/5/2023,79.9,81.57,78.4,80.97,16399200
30/5/2023,80.12,80.7,78.17,78.67,21209600
31/5/2023,79.58,79.67,77.77,79.55,16206300
1/6/2023,79.35,84,79.35,83,23217600
2/6/2023,85.08,86.03,84.14,84.27,17616100
5/6/2023,83.99,84.57,83.24,84.4,8204000
6/6/2023,83.5,87.06,83.37,86.7,18452000
7/6/2023,85.72,86.95,85.09,85.28,12886700
8/6/2023,85.17,86.95,85.17,86.14,11281000
9/6/2023,86.06,86.84,85.07,85.5,12903400
12/6/2023,86.01,87.29,85.63,85.86,11559000
13/6/2023,87.96,89.22,87.25,87.51,16814100
14/6/2023,87.97,90.12,87.71,89.36,21519300
15/6/2023,91.46,92.77,90.6,92.2,26570500
16/6/2023,94,94.29,91.52,92.1,25087700
20/6/2023,89.83,90.2,87.32,87.93,23382900
21/6/2023,87.38,89.16,86.62,86.77,15159900
22/6/2023,86.78,87.32,85.32,86.89,10272700
23/6/2023,85.81,85.94,84.37,84.92,14907100
26/6/2023,85.32,86.71,85.21,85.47,10808700
27/6/2023,86.82,87.61,86.71,87.13,13994500
28/6/2023,85.75,85.75,84.38,84.59,14113800
29/6/2023,83.39,83.99,83,83.55,13362500
30/6/2023,83.23,84.23,83.01,83.35,12174300
3/7/2023,84.87,85.64,84,84.07,11514400
5/7/2023,83.98,84.69,82.82,84.3,11203900
6/7/2023,83.12,83.95,82.64,83.84,12930300
7/7/2023,86.76,91.57,86.63,90.55,46992100
10/7/2023,90.05,92.04,89.6,90.56,25401800
11/7/2023,91.02,92.32,89.01,91.79,20768800
12/7/2023,94.11,95.03,92.55,94,24161400
13/7/2023,95.03,97,94.6,96.61,24021400
14/7/2023,95.22,96.09,94.24,94.56,18897100
17/7/2023,92.25,93.55,91.04,93.41,17317300
18/7/2023,91.54,92.21,90.15,91.2,20221900
19/7/2023,93.57,94.71,92.09,92.09,17228100
20/7/2023,91.69,93.12,91.35,91.9,14753000
21/7/2023,92.89,93.23,91.54,92.17,13899100
24/7/2023,92.07,97.47,91.3,96.35,33376100
25/7/2023,98.17,98.49,94.61,94.98,25827300
26/7/2023,94.95,97.54,94.84,97.14,15833400
27/7/2023,97.75,97.99,95.16,95.44,18685500
28/7/2023,98.07,101.22,97.96,100.55,31956500
31/7/2023,99.79,102.5,99.72,102.16,17726500
1/8/2023,99.87,101.16,99.3,100.1,14333700
2/8/2023,97.72,97.74,94.56,95.07,19452300
3/8/2023,96.71,98.49,96.58,97.58,15370900
4/8/2023,97.74,98.49,96.69,96.9,13477300
7/8/2023,97.78,97.8,95.03,96.56,13893900
8/8/2023,93.51,94.48,92.92,94.22,13504700
9/8/2023,96.03,96.3,94.08,94.85,18640100
10/8/2023,98.31,101.84,97.12,99.21,53193100
11/8/2023,97.34,97.65,94.34,95.72,25222800
14/8/2023,94.24,94.45,92.53,93.46,17581000
15/8/2023,93,93.01,90.75,91.59,14756300
16/8/2023,89.63,90.5,88.29,89.12,23292400
17/8/2023,91.94,91.95,90.26,90.65,15732300
18/8/2023,87.78,88.36,86.86,88.03,20424800
21/8/2023,87.6,88.82,87.22,88.57,14167300
22/8/2023,89.28,89.49,87.86,88.08,11577600
23/8/2023,88.37,90.59,88.31,89.84,12185700
24/8/2023,90.49,90.92,89.04,89.11,10684500
25/8/2023,89.25,90.04,88.27,89.82,11382200
28/8/2023,91.5,92.77,91.29,92.24,14613800
29/8/2023,93.45,94.1,92.34,94.03,16928000
30/8/2023,92.55,94.25,92.47,93.65,13779900
31/8/2023,92.98,93.36,92.16,92.9,13332400
1/9/2023,94.55,96.68,94.52,95.01,17470400
5/9/2023,94.53,95.39,94.07,94.65,10097600
6/9/2023,94.15,95.8,94.13,94.45,10123600
7/9/2023,91.64,91.76,88.96,89.97,18667200
8/9/2023,89.6,90.3,88.73,90.05,10333300
11/9/2023,89.73,90.35,87.71,88.71,15773500
12/9/2023,88.19,89.96,88.18,88.3,10262500
13/9/2023,87.94,88.29,87.38,87.64,10634900
14/9/2023,88.55,88.6,87.44,88,8643100
15/9/2023,87.77,88.22,86.82,87.07,10147700
18/9/2023,86.15,87.17,85.39,87.02,9291600
19/9/2023,86.12,87.88,86.08,87.11,9247000
20/9/2023,86.97,87.5,85.65,85.74,9228200
21/9/2023,83.86,84.78,83.76,84.11,10638900
22/9/2023,87.36,88.88,87.11,88.3,22469600
25/9/2023,85.88,87.27,85.77,87.22,9897200
26/9/2023,86.46,87.07,85.7,85.91,9666600
27/9/2023,86.38,86.55,85.3,86.19,7233900
28/9/2023,84.89,85.89,84.31,85.54,10093600
29/9/2023,87.29,87.95,86.61,86.74,9654800
2/10/2023,86.75,87.11,85.89,86.53,8209800
3/10/2023,84.5,85,83.95,84.54,11448800
4/10/2023,84.28,84.54,83.65,84.08,8904700
5/10/2023,83.52,83.71,82.45,83.67,10334500
6/10/2023,84.25,86.51,84,86.06,13423700
9/10/2023,83.91,85.21,83.57,84.85,10880000
10/10/2023,85.67,87.74,85.57,87.17,13557800
11/10/2023,88.01,88.8,87.14,87.78,11111500
12/10/2023,87.58,87.67,84.2,84.51,16158100
13/10/2023,84.06,85.49,83.75,84.02,10325500
16/10/2023,83.7,84.96,82.63,84.31,10075300
17/10/2023,82.75,84.36,82.56,83.91,8270000
18/10/2023,82.96,83.73,82.76,83.01,9321600
19/10/2023,81.48,82.39,81.11,81.61,12624100
20/10/2023,80.23,80.86,79.78,79.94,14636200
23/10/2023,79.42,80.93,79.02,80.51,12715200
24/10/2023,80.45,83.32,80.44,82.87,17925800
25/10/2023,81.3,82,80.78,81.03,11390200
26/10/2023,81.26,83.09,81.2,82.51,13010400
27/10/2023,83.87,84.12,82.48,82.82,10795600
30/10/2023,83.63,84.24,83.01,83.14,8980500
31/10/2023,81.94,82.54,80.88,82.54,12094300
1/11/2023,81.71,82.49,81.21,82.48,9550000
2/11/2023,83.65,83.98,83.03,83.41,10606300
3/11/2023,84.94,86.08,84.5,85.31,15148300
6/11/2023,86.55,86.72,85.23,85.36,9786400
7/11/2023,84.86,85.66,84.11,85.41,8829400
8/11/2023,84.62,85.73,84.48,84.8,8154600
9/11/2023,84.58,84.69,82.47,82.73,10885100
10/11/2023,82.41,82.87,81.66,82.75,9779500
13/11/2023,82.75,83.32,82.08,82.26,11236900
14/11/2023,82.76,84.54,82.32,83.87,20897600
15/11/2023,86.96,87.83,85.89,87.07,28991000
16/11/2023,79.52,80.77,78.23,79.11,63008500
17/11/2023,77.02,78.47,76.75,77.6,35497300
20/11/2023,76.91,78.75,76.56,78.46,31506800
21/11/2023,77.85,79.28,77.6,78.94,20525500
22/11/2023,79.28,79.71,78.13,78.96,18958600
24/11/2023,78.27,79.07,78.21,78.49,12251700
27/11/2023,77.56,79.25,77.09,77.53,18248200
28/11/2023,76.56,76.84,75.26,76.74,23682200
29/11/2023,75,75.46,74.43,74.67,30969100
30/11/2023,74.7,74.94,74.01,74.88,17884200
1/12/2023,73.12,74.14,72.12,73.99,27998600
4/12/2023,72.67,73.58,72.48,73.03,21074900
5/12/2023,72.04,72.7,71.92,72.38,19129000
6/12/2023,72.36,72.95,71.49,71.49,30394400
7/12/2023,71.54,72.37,71.44,72.33,18966700
8/12/2023,72.02,72.44,71.83,72.14,16914800
11/12/2023,70.49,71.61,70.08,71.37,19719300
12/12/2023,71.38,71.96,70.93,71.39,14725900
13/12/2023,70.91,71.48,70.12,71.46,21721600
14/12/2023,71.47,73.24,71.42,72.51,25199300
15/12/2023,74,75.54,73.32,74.51,31327500
18/12/2023,74.05,74.23,73.21,73.84,17233500
19/12/2023,74.4,76.01,74.22,75.39,20939300
20/12/2023,74.58,75.29,73.33,73.35,27540200
21/12/2023,74.86,76.29,74.35,76.26,20812100
22/12/2023,74.5,75.68,74.44,75.28,20004300
26/12/2023,76.16,76.97,75.73,75.85,13121300
27/12/2023,76.28,76.45,75.41,76.11,14904500
28/12/2023,77.23,77.79,76.98,77.24,18937900
29/12/2023,77.06,77.64,76.82,77.51,14094600
2/1/2024,76.05,76.07,74.51,74.76,21739600
3/1/2024,74.33,76.69,74.07,76.59,24444600
4/1/2024,75.56,75.72,74.44,74.66,18454900
5/1/2024,74,74,72.86,73.01,21725200
8/1/2024,71.25,73.06,70.92,72.88,22000000
9/1/2024,71.25,72.12,70.96,72.02,21451800
10/1/2024,71.38,71.78,71.04,71.41,19540000
11/1/2024,72.54,73.13,71.53,72.38,18095300
12/1/2024,72.59,73.43,71.81,71.84,16147300
16/1/2024,70.13,70.53,69.3,69.46,27606900
17/1/2024,67.72,69,67.26,68.93,22684400
18/1/2024,68.6,69.08,68,68.05,19307000
19/1/2024,67.2,69.9,66.92,69.42,34547700
22/1/2024,67.28,68.74,66.63,68.63,27294200
23/1/2024,72.75,74.5,72.55,74.02,53017700
24/1/2024,75.29,75.62,74.22,75.2,36503300
25/1/2024,75.19,75.5,73.56,73.85,23268600
26/1/2024,73.1,74.72,72.92,74.01,19418200
29/1/2024,74.67,74.81,72.83,73.58,17537400
30/1/2024,72.46,73.07,72.08,72.32,17089600
31/1/2024,71.5,72.94,71.5,72.17,15743600
1/2/2024,73.15,73.47,72.12,72.46,14445800
2/2/2024,72.13,72.23,71.05,71.85,18824200
5/2/2024,72.17,75.15,71.86,74.63,27721000
6/2/2024,77.04,78.34,75.73,78.23,39069100
7/2/2024,74.56,76.17,73.15,73.64,53766300
8/2/2024,71.89,73.2,70.65,70.78,33070600
9/2/2024,70.8,72.08,70,72.02,18998400
12/2/2024,72.31,74.13,72.31,73.14,18151100
13/2/2024,71.96,73.03,71.42,71.6,13560600
14/2/2024,72.31,73.41,72.23,73.39,12817500
15/2/2024,73.22,74.14,73.08,73.82,12078100
16/2/2024,74.86,75.37,73.9,73.91,16393300
20/2/2024,73.46,73.67,72.18,73.14,14353300
21/2/2024,74.48,76.39,74.07,75.58,23475500
22/2/2024,75.1,76.38,75,76.12,14836600
23/2/2024,76.48,76.93,75.15,75.96,12301700
26/2/2024,75.62,76.57,75.34,76.51,13973100
27/2/2024,77.53,78.05,77.25,77.68,14490200
28/2/2024,76.02,76.18,74.45,74.59,16905300
29/2/2024,74.68,75.04,73.8,74.03,12549200
1/3/2024,74.48,75.09,74.37,74.62,11980100
4/3/2024,73.73,73.73,71.7,72,19550100
5/3/2024,71.25,72.71,71.04,72.07,15804500
6/3/2024,74.2,74.72,73.61,73.71,19785300
7/3/2024,72.6,72.76,71.76,72.54,12374700
8/3/2024,72.81,73.76,72.76,73.55,16430400
11/3/2024,74.63,76.06,74.55,74.86,13510400
12/3/2024,75.87,76.48,75.21,76.06,13314700
13/3/2024,75.94,77.45,75.94,76.39,15319800
14/3/2024,75.24,75.39,73.23,73.4,18923500
15/3/2024,73.57,74.13,73.39,73.42,10233700
18/3/2024,73.42,74.02,73.33,73.52,8542500
19/3/2024,73.08,73.74,72.85,73.42,8164200
20/3/2024,73.55,74.33,73.3,74.18,11123200
21/3/2024,74.3,74.74,73.77,73.83,11860700
22/3/2024,72.48,72.62,72.04,72.13,12771500
25/3/2024,71.94,72.49,71.36,71.46,12422100
26/3/2024,71.84,71.87,71.09,71.48,10881900
27/3/2024,70.89,71.69,70.58,71.59,13281300
28/3/2024,72.08,72.59,72.06,72.36,14073400
1/4/2024,73.24,73.58,72.81,73.37,14311700
2/4/2024,72.57,73.14,72.51,72.88,17290400
3/4/2024,72.42,72.87,72.11,72.44,11777900
4/4/2024,72.98,73.23,71.9,71.95,11087100
5/4/2024,71.68,72.03,71.41,71.66,12260300
8/4/2024,71.96,72.39,71.56,71.71,10560000
9/4/2024,72.37,73.24,72.31,72.99,14060400
10/4/2024,74.44,75.17,73.74,74.59,20572200
11/4/2024,75.21,75.43,74.37,74.85,14986800
12/4/2024,72.94,72.98,71.29,71.29,18231400
15/4/2024,71.73,72.05,70.17,70.62,15903900
16/4/2024,70.02,70.31,69.29,69.61,17478900
17/4/2024,69.71,70.01,68.72,68.82,12760600
18/4/2024,69.09,69.62,68.8,68.88,9491000
19/4/2024,68.42,69.15,68.36,69.07,13084100
22/4/2024,69.69,70.9,69.12,70.68,15015600
23/4/2024,71.08,72.8,70.99,72.51,15268200
24/4/2024,73.74,74.7,73.5,74.63,16375200
25/4/2024,73.81,75.2,73.81,75.11,11921900
26/4/2024,76.18,76.93,75.06,75.55,14216100
29/4/2024,75.65,76.53,75.22,76.41,13076400
30/4/2024,75.89,76.29,74.48,74.85,12856000
1/5/2024,74.99,76.25,74.87,75.51,10549100
2/5/2024,77.59,81.42,77.16,80.33,36663900
3/5/2024,81.27,81.37,79.7,81.33,19355800
6/5/2024,81.75,82.22,80.5,81.55,11826100
7/5/2024,79.93,79.93,78.82,79.37,14589100
8/5/2024,77.92,78.99,77.81,78.46,11327100
9/5/2024,79.5,79.92,78.71,79.46,9627300
10/5/2024,80.08,80.52,79.77,80.04,10819600
13/5/2024,82.71,85,82.6,84.6,32010700
14/5/2024,79.65,80.51,77.72,79.51,44687700
15/5/2024,80.39,81.13,79.78,80.99,17803300
16/5/2024,81.96,87.49,81.65,86.7,47259500
17/5/2024,87.6,90.46,86.83,88.54,35152900
20/5/2024,87.47,89.24,86.95,88.28,16737200
21/5/2024,86.52,87.17,85.32,86.13,16512400
22/5/2024,84.61,85.13,82.68,82.68,19717800
23/5/2024,81.43,82.94,80.05,80.8,23930300
24/5/2024,80.5,82.56,79.73,81.26,41456400
28/5/2024,80.8,81.72,80.04,80.58,15211800
29/5/2024,78.76,79.36,78.23,79.06,18448500
30/5/2024,78.86,80.2,78.7,79.63,13875900
31/5/2024,77.96,78.5,77.17,78.34,20023900
3/6/2024,79,79.32,77.22,77.9,14244400
4/6/2024,78.18,78.86,77.78,78.45,10784400
5/6/2024,78.98,79.93,78.86,79.83,13716200
6/6/2024,79.42,80.06,78.76,80.01,11205300
7/6/2024,78.95,79.32,78.14,78.41,12190300
10/6/2024,78.57,79.74,78.24,79.3,9475200
11/6/2024,79,79.08,77.67,77.9,11108400
12/6/2024,78.75,78.79,77.64,78.04,12069600
13/6/2024,76.5,76.99,75.49,75.68,14026700
14/6/2024,74.21,74.29,73.26,73.35,18282700
17/6/2024,74.03,75.08,73.83,74.55,13466300
18/6/2024,74.08,75.1,73.85,74.46,10305300
20/6/2024,74.57,75.25,74.03,74.35,9709400
21/6/2024,73.79,74.65,73.67,73.67,10183400
24/6/2024,74.12,75.93,74.12,74.79,20134400
25/6/2024,74.5,74.76,73.61,73.79,16914100
26/6/2024,73.93,74.35,73.67,74.17,7010100
27/6/2024,73.46,73.55,72.35,72.37,11865100
28/6/2024,72.37,72.56,71.8,72,10335000
1/7/2024,72.51,73.02,72.02,72.18,9034200
2/7/2024,72.32,73.78,71.97,73.68,13419100
3/7/2024,74.18,75.81,74.18,75.57,11768500
5/7/2024,74.67,74.71,73.61,74.52,14928700
8/7/2024,73.61,73.71,72.95,73.5,10919400
9/7/2024,74.01,76.06,73.97,75.7,14458100
10/7/2024,75.28,76.65,75.25,76.01,12235200
11/7/2024,77.66,78.83,77.42,78.52,18896900
12/7/2024,80.3,81.01,79.43,79.65,14857200
15/7/2024,78.09,78.6,77.45,78.01,12614900
16/7/2024,77.29,78.58,76.98,78.38,12304500
17/7/2024,77.86,77.95,76.49,77.04,10815500
18/7/2024,77.36,78.32,76.36,76.54,11108600
19/7/2024,75.66,76.04,75.18,75.27,7557300
22/7/2024,76.83,77.19,76.26,76.64,9166800
23/7/2024,75.68,76.32,75.44,76.1,7997100
24/7/2024,76.15,77.06,75.72,75.8,7924700
25/7/2024,75.37,76.21,75.13,75.4,8172600
26/7/2024,75.26,76.77,74.55,76.53,10884500
29/7/2024,78.46,79.4,78.21,78.62,17364100
30/7/2024,78.22,78.79,77.7,78,8431900
31/7/2024,79.33,80.01,78.34,78.85,12178600
1/8/2024,78.77,79.36,77.84,77.98,8559600
2/8/2024,76.79,77.47,75.76,77.45,10808700
5/8/2024,74.03,77.25,73.87,76.98,16143300
6/8/2024,76.51,78.85,76.51,77.9,12128900
7/8/2024,78.92,78.94,77.46,77.83,9693900
8/8/2024,78.85,80.31,78.75,80.31,14004300
9/8/2024,79.97,80.22,79.19,79.99,7755900
12/8/2024,80.59,81.5,80.23,80.91,12127700
13/8/2024,80.96,81.4,80.68,81.1,9365700
14/8/2024,80.55,80.98,78.07,79.47,18058100
15/8/2024,77.9,81.88,77.74,79.54,31619400
16/8/2024,82.05,84.16,81.98,83.18,25249200
19/8/2024,83.98,84.9,83.49,83.91,14751000
20/8/2024,82.46,82.6,80.78,81.04,17880100
21/8/2024,81.85,83.8,81.71,83.53,14690000
22/8/2024,83.5,83.79,81.83,82.96,9729000
23/8/2024,84.9,85.79,84.36,85.41,17318000
26/8/2024,81.89,82.31,80.37,81.76,29321700
27/8/2024,82.27,82.65,81.27,81.45,9026100
28/8/2024,81.12,81.28,79.21,79.62,14024400
29/8/2024,81.24,81.46,80.46,81.02,14154200
30/8/2024,84.72,84.75,82.58,83.34,20027300
3/9/2024,81.78,83.02,81.7,82.27,11638200
4/9/2024,82.87,83.4,82.3,82.47,11114100
5/9/2024,82.11,83.01,82,82.43,8461000
6/9/2024,82.12,82.62,81.17,81.18,11712700
9/9/2024,80.93,81.62,80.32,81.44,10434400
10/9/2024,83.8,84.3,82.71,83.8,15327800
11/9/2024,83.57,84.84,83.5,84.81,11551700
12/9/2024,85.03,85.68,84.86,85.49,10775000
13/9/2024,84.39,84.89,83.82,84.69,8985500
16/9/2024,84.04,84.38,83.26,83.6,11298200
17/9/2024,84.82,85.77,84.63,84.7,10113900
18/9/2024,84.85,85,84.04,84.42,7858800
19/9/2024,87.62,88.57,86.95,88.49,18618400
20/9/2024,89.22,89.52,88.05,88.29,12277000
23/9/2024,89.47,91.15,89.32,90.09,19744100
24/9/2024,96.07,97.5,94.4,97.19,47423200
25/9/2024,94.38,96.18,94.06,95.46,18816600
26/9/2024,102.69,105.97,101.76,105.07,67261600
27/9/2024,105.97,109.43,105.73,107.33,50075200
30/9/2024,111.72,112.22,106.11,106.12,58561500
1/10/2024,106.42,112.79,106.15,112.74,44505000
2/10/2024,115.31,116.57,112.22,115.25,53732800
3/10/2024,110.9,114.09,110.63,112.84,29267000
4/10/2024,115.67,115.73,113.75,114.53,25644200
7/10/2024,117.45,117.82,113.37,117.52,38404000
8/10/2024,110.1,110.76,108.04,109.68,37414400
9/10/2024,105.8,109.38,105.62,107.89,28793000
10/10/2024,108.98,110.84,107.48,109.28,19736600
11/10/2024,108.05,111.05,107.22,110.14,18042600
14/10/2024,108.31,110.08,106.92,107.81,21351600
15/10/2024,103.99,104.41,101.64,101.84,28942600
16/10/2024,102.5,103.85,101.78,102.17,16432600
17/10/2024,101.25,101.45,99.55,100.07,15808200
18/10/2024,103.36,103.36,101.66,102.43,20824600
21/10/2024,100.47,101.65,100.11,100.91,10328600
22/10/2024,100.01,101.89,99.8,100.46,20650100
23/10/2024,100.17,100.22,97.74,98,13638200
24/10/2024,96.79,97.41,95.52,96.36,13602900
25/10/2024,98.3,98.9,97.05,97.42,16977100
28/10/2024,99.03,101.05,98.78,99.93,16044400
29/10/2024,101.45,101.45,99.53,99.83,13685400
30/10/2024,98.21,99.8,97.58,98.7,10179900
31/10/2024,97.8,98.1,96.75,97.98,8379300
1/11/2024,98.22,98.3,97.42,97.58,8501000
4/11/2024,98.82,99.88,98.36,98.4,8681900
5/11/2024,99.97,101.09,98.96,99.21,10804200
6/11/2024,95.8,97.32,94.76,96.73,18162900
7/11/2024,99.26,101.1,99.18,100.14,16340400
8/11/2024,96.11,96.38,93.69,94.19,24879800
11/11/2024,96.16,96.8,95.04,95.42,12556700
12/11/2024,92.68,93.33,91.03,91.78,21641900
13/11/2024,92.55,92.87,91.28,92,12874500
14/11/2024,90.89,91.56,90.01,90.58,16946800
15/11/2024,90.2,90.7,87.23,88.59,31018300
18/11/2024,88.9,89.5,87.85,89.35,13482000
19/11/2024,87.16,87.94,86.82,87.11,19289000
20/11/2024,87.04,87.54,86.5,86.77,15174500
21/11/2024,86.98,87.04,85.44,85.58,15869200
22/11/2024,83.6,83.68,82.64,83.13,24999200
25/11/2024,84.25,85.88,83.75,85.58,15120100
26/11/2024,85.82,86.08,84.86,85.18,10241500
27/11/2024,86.97,87.54,86.47,86.59,13607600
29/11/2024,86.42,87.49,85.97,87.37,7553500
2/12/2024,86.94,87,85.27,85.95,16537200
3/12/2024,86,86.64,85.38,85.68,13660700
4/12/2024,85.95,85.99,84.27,84.93,13613700
5/12/2024,84.79,85.1,83.93,84.15,12979600
6/12/2024,86.01,86.69,85.9,85.93,11751500
9/12/2024,92.01,94.12,91.83,92.32,32767300
10/12/2024,89.79,90.56,89.5,89.83,13859200
11/12/2024,88.89,89.17,88,88.98,9866000
12/12/2024,89.04,90,88.49,89.23,9951200
13/12/2024,88.19,88.39,87.24,87.82,11608600
16/12/2024,85.96,86.92,85.87,86.06,13216600
17/12/2024,85.5,87.6,85.4,87.15,13288700
18/12/2024,86.39,87.22,84.83,85,11319500
19/12/2024,85,85.39,84.24,84.31,13795100
20/12/2024,82.21,83,81.7,82.28,21270500
23/12/2024,82.85,85.31,82.77,85.14,20055100
24/12/2024,85.7,85.89,85,85.52,5235400
26/12/2024,85.72,87.27,85.56,86.08,12008600
27/12/2024,84.89,85.27,84.29,85.06,8629400
30/12/2024,84.17,84.95,83.53,84.13,10731000
