Date,Open,High,Low,Close,Volume
2/1/2013,12.8,12.9,12.66,12.87,65420000
3/1/2013,12.86,13.04,12.82,12.92,55018000
4/1/2013,12.88,12.99,12.83,12.96,37484000
7/1/2013,13.15,13.49,13.13,13.42,98200000
8/1/2013,13.35,13.45,13.18,13.32,60214000
9/1/2013,13.41,13.48,13.27,13.32,45312000
10/1/2013,13.43,13.44,13.11,13.27,57268000
11/1/2013,13.26,13.42,13.21,13.4,48266000
14/1/2013,13.4,13.71,13.38,13.64,85500000
15/1/2013,13.53,13.64,13.47,13.6,46538000
16/1/2013,13.53,13.56,13.39,13.45,41312000
17/1/2013,13.57,13.6,13.46,13.52,37692000
18/1/2013,13.54,13.73,13.48,13.61,58840000
22/1/2013,13.58,13.6,13.46,13.51,42754000
23/1/2013,13.53,13.55,13.33,13.41,50178000
24/1/2013,13.47,13.83,13.47,13.67,68340000
25/1/2013,13.75,14.24,13.72,14.2,99362000
28/1/2013,14.19,14.22,13.72,13.8,86428000
29/1/2013,13.77,13.77,12.92,13.02,203452000
30/1/2013,14.15,14.21,13.36,13.64,261508000
31/1/2013,13.55,13.8,13.19,13.27,135442000
1/2/2013,13.45,13.45,13.14,13.25,122300000
4/2/2013,13.14,13.23,12.95,13,74472000
5/2/2013,13.1,13.4,13.07,13.34,80258000
6/2/2013,13.26,13.34,13.06,13.11,55408000
7/2/2013,13.2,13.2,12.76,13.01,79514000
8/2/2013,13.07,13.26,13.03,13.1,77584000
11/2/2013,13.16,13.16,12.83,12.86,68074000
12/2/2013,12.96,13.01,12.85,12.94,58874000
13/2/2013,13.08,13.5,13.02,13.47,105860000
14/2/2013,13.37,13.53,13.27,13.46,69260000
15/2/2013,13.38,13.45,13.16,13.25,79598000
19/2/2013,13.3,13.51,13.23,13.49,57084000
20/2/2013,13.51,13.72,13.32,13.32,70578000
21/2/2013,13.26,13.47,13.16,13.3,72748000
22/2/2013,13.33,13.36,13.08,13.27,62496000
25/2/2013,13.35,13.43,12.98,12.99,60648000
26/2/2013,13.04,13.1,12.79,12.97,66972000
27/2/2013,12.97,13.29,12.84,13.16,58162000
28/2/2013,13.09,13.35,13.03,13.21,53344000
1/3/2013,13.16,13.33,13.05,13.29,59140000
4/3/2013,13.27,13.66,13.21,13.66,69060000
5/3/2013,13.7,13.83,13.5,13.78,73724000
6/3/2013,13.79,13.82,13.59,13.69,41014000
7/3/2013,13.7,13.74,13.59,13.69,38780000
8/3/2013,13.75,13.77,13.57,13.71,37596000
11/3/2013,13.67,13.7,13.52,13.56,38098000
12/3/2013,13.55,13.87,13.52,13.71,64924000
13/3/2013,13.76,13.82,13.63,13.76,37684000
14/3/2013,13.48,13.5,13.18,13.29,104534000
15/3/2013,13.25,13.36,13,13.09,97318000
18/3/2013,12.97,13.07,12.86,12.89,54404000
19/3/2013,12.92,12.98,12.63,12.82,74770000
20/3/2013,12.9,12.99,12.73,12.86,54778000
21/3/2013,12.81,12.85,12.63,12.67,56128000
22/3/2013,12.73,12.89,12.6,12.89,62492000
25/3/2013,12.93,12.97,12.73,12.8,50278000
26/3/2013,12.85,13.07,12.81,13.02,48420000
27/3/2013,12.94,13.3,12.9,13.27,57498000
28/3/2013,13.29,13.37,13.2,13.32,49474000
1/4/2013,13.35,13.37,13.05,13.08,50496000
2/4/2013,13.12,13.29,13.03,13.17,52622000
3/4/2013,13.11,13.18,12.89,12.95,48276000
4/4/2013,12.96,13.02,12.81,12.95,39288000
5/4/2013,12.79,12.81,12.68,12.77,51148000
8/4/2013,12.8,12.98,12.78,12.95,45912000
9/4/2013,12.94,13.13,12.85,13.06,43132000
10/4/2013,13.09,13.3,12.97,13.24,46450000
11/4/2013,13.24,13.55,13.24,13.49,61810000
12/4/2013,13.51,13.66,13.35,13.64,57326000
15/4/2013,13.55,13.76,13.35,13.39,66520000
16/4/2013,13.47,13.64,13.4,13.62,42744000
17/4/2013,13.54,13.54,13.21,13.37,62702000
18/4/2013,13.34,13.35,12.83,12.97,62752000
19/4/2013,12.91,13.14,12.88,13.02,52050000
22/4/2013,12.97,13.23,12.9,13.18,42382000
23/4/2013,13.23,13.49,13.23,13.44,45412000
24/4/2013,13.48,13.57,13.34,13.44,37056000
25/4/2013,13.58,13.79,13.52,13.73,122330000
26/4/2013,13.5,13.6,12.64,12.74,280600000
29/4/2013,12.74,12.85,12.46,12.49,142340000
30/4/2013,12.47,12.73,12.43,12.69,84976000
1/5/2013,12.69,12.71,12.29,12.41,87828000
2/5/2013,12.45,12.65,12.29,12.63,78724000
3/5/2013,12.81,12.96,12.73,12.9,70280000
6/5/2013,12.9,12.98,12.67,12.79,46956000
7/5/2013,12.82,12.99,12.65,12.89,62674000
8/5/2013,12.84,13.02,12.77,12.93,53540000
9/5/2013,12.94,13.18,12.84,13.01,55386000
10/5/2013,13.04,13.18,13.01,13.18,62906000
13/5/2013,13.14,13.29,13.1,13.23,42990000
14/5/2013,13.23,13.47,13.2,13.42,54000000
15/5/2013,13.35,13.45,13.23,13.33,54410000
16/5/2013,13.3,13.42,13.19,13.21,32870000
17/5/2013,13.29,13.5,13.25,13.49,50546000
20/5/2013,13.45,13.59,13.32,13.38,44180000
21/5/2013,13.44,13.54,13.38,13.44,34824000
22/5/2013,13.37,13.38,13.04,13.15,66640000
23/5/2013,13.02,13.16,12.98,13.09,40006000
24/5/2013,12.99,13.1,12.92,13.09,33926000
28/5/2013,13.32,13.56,13.3,13.36,69420000
29/5/2013,13.27,13.41,13.24,13.28,38068000
30/5/2013,13.29,13.43,13.28,13.34,33350000
31/5/2013,13.3,13.6,13.3,13.46,67486000
3/6/2013,13.45,13.46,13.15,13.34,50878000
4/6/2013,13.35,13.44,13.15,13.28,41772000
5/6/2013,13.29,13.58,13.25,13.36,70246000
6/6/2013,13.39,13.52,13.21,13.39,49526000
7/6/2013,13.49,14.01,13.46,13.84,92652000
10/6/2013,13.83,14.12,13.76,14.05,61730000
11/6/2013,13.8,13.92,13.71,13.74,61956000
12/6/2013,13.83,13.84,13.52,13.58,44778000
13/6/2013,13.57,13.84,13.51,13.79,52996000
14/6/2013,13.75,13.85,13.67,13.7,43016000
17/6/2013,13.82,14.01,13.78,13.9,57680000
18/6/2013,13.95,14.15,13.91,14.09,42922000
19/6/2013,14.06,14.17,13.89,13.91,56550000
20/6/2013,13.76,13.93,13.62,13.67,59680000
21/6/2013,13.73,13.79,13.49,13.67,84020000
24/6/2013,13.56,13.66,13.25,13.53,77276000
25/6/2013,13.61,13.67,13.45,13.6,48992000
26/6/2013,13.7,13.9,13.68,13.88,60590000
27/6/2013,13.96,14.01,13.73,13.88,50390000
28/6/2013,13.81,13.99,13.81,13.88,63866000
1/7/2013,13.95,14.16,13.86,14.1,57764000
2/7/2013,14.05,14.33,14.03,14.19,64764000
3/7/2013,14.1,14.27,14.1,14.2,27460000
5/7/2013,14.25,14.32,14.1,14.29,39708000
8/7/2013,14.32,14.58,14.31,14.53,60934000
9/7/2013,14.55,14.63,14.4,14.58,55512000
10/7/2013,14.57,14.67,14.47,14.62,36204000
11/7/2013,14.75,15.03,14.6,14.98,80146000
12/7/2013,14.93,15.38,14.93,15.38,90786000
15/7/2013,15.36,15.4,15.22,15.33,44912000
16/7/2013,15.36,15.47,15.28,15.34,53204000
17/7/2013,15.35,15.44,15.28,15.43,40594000
18/7/2013,15.31,15.32,15.09,15.21,61276000
19/7/2013,15.22,15.29,15.1,15.26,59462000
22/7/2013,15.46,15.46,15.1,15.17,50414000
23/7/2013,15.16,15.25,15.03,15.05,39992000
24/7/2013,15.15,15.19,14.9,14.95,40010000
25/7/2013,14.95,15.23,14.84,15.17,108116000
26/7/2013,14.98,15.68,14.78,15.6,176350000
29/7/2013,15.55,15.65,15.3,15.31,64236000
30/7/2013,15.39,15.49,15.08,15.12,61068000
31/7/2013,15.2,15.26,15.05,15.06,37826000
1/8/2013,15.15,15.31,14.94,15.28,59434000
2/8/2013,15.23,15.27,15.07,15.21,50052000
5/8/2013,15.17,15.18,14.91,15.05,44664000
6/8/2013,15.03,15.07,14.88,15.04,36980000
7/8/2013,15.01,15.05,14.81,14.85,39220000
8/8/2013,14.93,14.93,14.63,14.79,46868000
9/8/2013,14.78,14.96,14.72,14.86,39006000
12/8/2013,14.79,14.95,14.76,14.83,30090000
13/8/2013,14.79,14.82,14.53,14.7,46998000
14/8/2013,14.71,14.71,14.53,14.57,28300000
15/8/2013,14.44,14.47,14.26,14.32,45228000
16/8/2013,14.33,14.42,14.23,14.24,48450000
19/8/2013,14.26,14.48,14.17,14.28,49548000
20/8/2013,14.29,14.48,14.29,14.35,31726000
21/8/2013,14.25,14.43,14.19,14.23,36306000
22/8/2013,14.24,14.49,14.24,14.49,28452000
23/8/2013,14.56,14.57,14.4,14.5,39238000
26/8/2013,14.52,14.55,14.28,14.31,34234000
27/8/2013,14.19,14.26,13.99,14.05,49520000
28/8/2013,14.02,14.15,13.97,14.08,29142000
29/8/2013,14.07,14.3,14,14.2,31328000
30/8/2013,14.23,14.24,14,14.05,30694000
3/9/2013,14.24,14.57,14.21,14.44,57952000
4/9/2013,14.42,14.76,14.38,14.68,48772000
5/9/2013,14.68,14.85,14.64,14.7,36332000
6/9/2013,14.77,14.94,14.54,14.79,45840000
9/9/2013,14.86,15,14.83,14.99,32872000
10/9/2013,15.03,15.05,14.86,15.02,35568000
11/9/2013,14.95,15.09,14.89,14.98,34852000
12/9/2013,14.97,15.1,14.88,14.94,32124000
13/9/2013,15.01,15.01,14.81,14.9,27012000
16/9/2013,14.99,15.05,14.76,14.8,36168000
17/9/2013,14.88,15.23,14.8,15.21,45930000
18/9/2013,15.2,15.64,15.15,15.6,58928000
19/9/2013,15.69,15.73,15.55,15.6,47018000
20/9/2013,15.63,16.03,15.62,15.82,106046000
23/9/2013,15.7,15.8,15.44,15.57,37698000
24/9/2013,15.62,15.9,15.56,15.71,40672000
25/9/2013,15.73,15.84,15.54,15.63,40172000
26/9/2013,15.69,15.97,15.66,15.91,39798000
27/9/2013,15.85,15.86,15.67,15.8,33150000
30/9/2013,15.67,15.77,15.55,15.63,32472000
1/10/2013,15.71,16.05,15.68,16.05,47928000
2/10/2013,15.9,16.09,15.88,16.03,44348000
3/10/2013,16.02,16.15,15.65,15.74,53496000
4/10/2013,15.76,15.96,15.63,15.95,36300000
7/10/2013,15.76,15.77,15.49,15.5,41664000
8/10/2013,15.57,15.58,15.01,15.16,63324000
9/10/2013,15.17,15.18,14.82,14.91,64948000
10/10/2013,15.23,15.34,15.13,15.26,51102000
11/10/2013,15.24,15.55,15.19,15.54,43262000
14/10/2013,15.46,15.58,15.35,15.53,38782000
15/10/2013,15.49,15.54,15.26,15.32,45222000
16/10/2013,15.42,15.54,15.28,15.52,43414000
17/10/2013,15.35,15.55,15.26,15.54,52968000
18/10/2013,15.97,16.59,15.84,16.45,119396000
21/10/2013,16.49,16.5,16.19,16.32,50446000
22/10/2013,16.39,16.86,16.28,16.63,78710000
23/10/2013,16.54,16.59,16.2,16.34,56364000
24/10/2013,16.48,16.63,16.34,16.61,117694000
25/10/2013,17.93,18.42,17.63,18.17,240736000
28/10/2013,18,18.14,17.86,17.91,72716000
29/10/2013,17.95,18.14,17.81,18.14,43708000
30/10/2013,18.13,18.25,17.93,18.05,90044000
31/10/2013,18.09,18.3,17.95,18.2,49336000
1/11/2013,18.28,18.29,17.81,17.95,66620000
4/11/2013,18.01,18.05,17.72,17.94,38768000
5/11/2013,17.84,18.01,17.74,17.94,40142000
6/11/2013,18.02,18.14,17.73,17.81,45646000
7/11/2013,17.79,17.9,17.09,17.18,84926000
8/11/2013,17.3,17.55,17.2,17.52,53138000
11/11/2013,17.53,17.77,17.4,17.72,45234000
12/11/2013,17.65,17.77,17.36,17.48,46862000
13/11/2013,17.37,17.81,17.28,17.81,55466000
14/11/2013,17.87,18.45,17.82,18.37,83196000
15/11/2013,18.38,18.65,18.28,18.46,89832000
18/11/2013,18.51,18.67,18.23,18.31,54748000
19/11/2013,18.29,18.44,18.12,18.25,38096000
20/11/2013,18.38,18.38,18.02,18.13,35430000
21/11/2013,18.2,18.46,18.17,18.45,39292000
22/11/2013,18.5,18.73,18.32,18.62,59310000
25/11/2013,18.69,18.89,18.66,18.83,59446000
26/11/2013,18.88,19.12,18.74,19.07,54488000
27/11/2013,19.17,19.35,19.13,19.34,45394000
29/11/2013,19.45,19.7,19.43,19.68,48120000
2/12/2013,19.95,19.95,19.45,19.61,94280000
3/12/2013,19.51,19.55,19.16,19.23,74058000
4/12/2013,19.17,19.48,19.07,19.3,47106000
5/12/2013,19.33,19.33,19.07,19.22,38130000
6/12/2013,19.42,19.42,19.19,19.35,39694000
9/12/2013,19.41,19.41,19.13,19.24,55236000
10/12/2013,19.19,19.45,19.15,19.39,54736000
11/12/2013,19.37,19.45,19.1,19.11,49026000
12/12/2013,19.06,19.25,18.98,19.06,42474000
13/12/2013,19.27,19.47,19.19,19.21,60500000
16/12/2013,19.25,19.58,19.25,19.45,45034000
17/12/2013,19.53,19.57,19.33,19.38,46878000
18/12/2013,19.46,19.82,19.16,19.8,69782000
19/12/2013,19.71,19.86,19.63,19.76,48544000
20/12/2013,19.83,20.24,19.79,20.11,100678000
23/12/2013,20.18,20.25,19.96,20.15,53190000
24/12/2013,20.13,20.19,19.82,19.96,27608000
26/12/2013,20.09,20.23,19.84,20.22,37370000
27/12/2013,20.23,20.28,19.81,19.9,39738000
30/12/2013,19.97,20,19.62,19.67,49742000
31/12/2013,19.73,19.94,19.69,19.94,39930000
2/1/2014,19.94,19.97,19.7,19.9,42756000
3/1/2014,19.91,20.14,19.81,19.82,44204000
6/1/2014,19.79,19.85,19.42,19.68,63412000
7/1/2014,19.75,19.92,19.71,19.9,38320000
8/1/2014,19.92,20.15,19.8,20.1,46330000
9/1/2014,20.19,20.34,19.92,20.05,42060000
10/1/2014,20.13,20.19,19.69,19.88,53590000
13/1/2014,19.9,19.99,19.42,19.55,56898000
14/1/2014,19.61,19.93,19.56,19.88,46802000
15/1/2014,19.95,19.97,19.63,19.79,53566000
16/1/2014,19.68,19.96,19.47,19.79,52024000
17/1/2014,19.71,20.17,19.68,19.98,90102000
21/1/2014,20.15,20.39,20.08,20.35,62442000
22/1/2014,20.4,20.4,20.1,20.23,41210000
23/1/2014,20.05,20.31,19.89,19.99,60508000
24/1/2014,19.91,20.01,19.36,19.38,89168000
27/1/2014,19.52,19.7,19.02,19.31,78736000
28/1/2014,19.37,19.74,19.36,19.72,57890000
29/1/2014,19.61,19.64,19.16,19.21,67646000
30/1/2014,19.69,20.31,19.39,20.15,209478000
31/1/2014,18.59,18.77,17.89,17.93,323096000
3/2/2014,17.95,18.04,17,17.31,205616000
4/2/2014,17.48,17.7,17.2,17.4,96258000
5/2/2014,17.3,17.47,16.89,17.32,88708000
6/2/2014,17.37,17.74,17.37,17.73,66714000
7/2/2014,17.95,18.09,17.62,18.05,86610000
10/2/2014,18.08,18.25,17.97,18.04,68994000
11/2/2014,18.09,18.18,17.81,18.09,64442000
12/2/2014,17.82,17.89,17.32,17.46,131754000
13/2/2014,17.39,17.86,17.33,17.86,83500000
14/2/2014,17.97,17.97,17.67,17.87,70404000
18/2/2014,17.76,17.79,17.47,17.68,99960000
19/2/2014,17.63,17.73,17.31,17.37,83362000
20/2/2014,17.44,17.52,17.22,17.49,69856000
21/2/2014,17.62,17.71,17.34,17.34,84200000
24/2/2014,17.26,17.65,17.16,17.59,72894000
25/2/2014,17.65,18.05,17.58,17.92,74728000
26/2/2014,17.99,18.24,17.86,17.99,72442000
27/2/2014,17.86,18.03,17.77,18.01,62098000
28/2/2014,18.03,18.29,17.85,18.1,77640000
3/3/2014,17.94,18.05,17.72,17.99,55966000
4/3/2014,18.19,18.28,18.12,18.19,54088000
5/3/2014,18.21,18.64,18.19,18.62,76966000
6/3/2014,18.7,18.77,18.44,18.61,58532000
7/3/2014,18.73,18.75,18.48,18.6,45596000
10/3/2014,18.63,18.64,18.35,18.53,42116000
11/3/2014,18.55,18.64,18.36,18.44,44922000
12/3/2014,18.32,18.56,18.18,18.53,44332000
13/3/2014,18.83,19.16,18.4,18.58,136580000
14/3/2014,18.64,18.93,18.58,18.69,88044000
17/3/2014,18.79,18.94,18.74,18.75,46060000
18/3/2014,18.87,18.95,18.75,18.94,49670000
19/3/2014,18.94,18.95,18.47,18.66,52934000
20/3/2014,18.53,18.65,18.31,18.45,51170000
21/3/2014,18.55,18.64,17.92,18.03,108282000
24/3/2014,18,18.08,17.43,17.59,97470000
25/3/2014,17.7,17.95,17.44,17.74,88914000
26/3/2014,17.86,17.88,17.17,17.17,82414000
27/3/2014,17.16,17.2,16.54,16.92,115328000
28/3/2014,17,17.35,16.8,16.91,79736000
31/3/2014,17.12,17.31,16.7,16.82,85950000
1/4/2014,16.9,17.22,16.9,17.15,72002000
2/4/2014,17.3,17.42,17.02,17.1,89510000
3/4/2014,17.09,17.12,16.42,16.68,127986000
4/4/2014,16.76,16.77,15.78,16.15,250692000
7/4/2014,16.05,16.25,15.66,15.89,141548000
8/4/2014,16.09,16.4,15.92,16.35,131552000
9/4/2014,16.42,16.61,16.12,16.59,101132000
10/4/2014,16.53,16.55,15.82,15.86,122534000
11/4/2014,15.7,15.82,15.48,15.59,145750000
14/4/2014,15.88,16.02,15.56,15.8,85870000
15/4/2014,15.84,15.91,15.27,15.8,107972000
16/4/2014,16.06,16.2,15.74,16.18,85698000
17/4/2014,15.99,16.43,15.99,16.25,85984000
21/4/2014,16.2,16.56,16.12,16.54,59988000
22/4/2014,16.6,16.88,16.45,16.47,74232000
23/4/2014,16.65,16.66,16.17,16.23,72092000
24/4/2014,16.48,16.87,16.15,16.86,185874000
25/4/2014,15.81,15.82,15.14,15.19,323604000
28/4/2014,15.2,15.22,14.4,14.83,289596000
29/4/2014,14.82,15.09,14.52,15.02,130186000
30/4/2014,14.9,15.23,14.9,15.21,81772000
1/5/2014,15.21,15.52,15.2,15.39,86572000
2/5/2014,15.52,15.66,15.22,15.4,79902000
5/5/2014,15.32,15.51,15.25,15.5,50398000
6/5/2014,15.48,15.49,14.85,14.87,93646000
7/5/2014,14.78,14.82,14.33,14.64,140304000
8/5/2014,14.54,14.79,14.36,14.42,76964000
9/5/2014,14.53,14.68,14.22,14.61,81260000
12/5/2014,14.72,15.17,14.71,15.14,74592000
13/5/2014,15.13,15.28,15.04,15.23,70198000
14/5/2014,15.12,15.23,14.83,14.88,66466000
15/5/2014,14.9,14.96,14.52,14.76,85902000
16/5/2014,14.64,14.94,14.58,14.89,72736000
19/5/2014,14.79,14.95,14.69,14.84,45684000
20/5/2014,14.85,15.22,14.84,15.06,81914000
21/5/2014,15.11,15.3,15.08,15.25,68176000
22/5/2014,15.25,15.43,15.15,15.25,51536000
23/5/2014,15.27,15.62,15.24,15.61,61058000
27/5/2014,15.72,15.73,15.37,15.54,97242000
28/5/2014,15.48,15.69,15.37,15.51,54520000
29/5/2014,15.52,15.74,15.51,15.69,47310000
30/5/2014,15.72,15.73,15.38,15.63,85204000
2/6/2014,15.63,15.63,15.35,15.44,44068000
3/6/2014,15.29,15.4,15.25,15.36,47584000
4/6/2014,15.34,15.48,15.19,15.34,42142000
5/6/2014,15.4,16.4,15.35,16.18,155934000
6/6/2014,16.25,16.54,16.25,16.48,104880000
9/6/2014,16.58,16.65,16.28,16.38,64244000
10/6/2014,16.38,16.77,16.38,16.62,73268000
11/6/2014,16.8,17.04,16.69,16.76,88736000
12/6/2014,16.78,16.78,16.23,16.3,85526000
13/6/2014,16.35,16.47,16.18,16.31,55296000
16/6/2014,16.24,16.43,16.18,16.38,48996000
17/6/2014,16.38,16.57,16.26,16.28,58482000
18/6/2014,16.4,16.79,16.25,16.72,128030000
19/6/2014,16.76,16.94,16.3,16.35,106412000
20/6/2014,16.39,16.41,16.02,16.21,121080000
23/6/2014,16.17,16.38,16.07,16.36,52096000
24/6/2014,16.38,16.49,16.14,16.21,52532000
25/6/2014,16.22,16.41,16.09,16.37,46556000
26/6/2014,16.42,16.43,16.11,16.28,53990000
27/6/2014,16.29,16.33,16.16,16.23,48324000
30/6/2014,16.25,16.35,16.11,16.24,53426000
1/7/2014,16.29,16.66,16.25,16.62,63472000
2/7/2014,16.66,16.84,16.58,16.64,53626000
3/7/2014,16.74,16.92,16.65,16.87,38886000
7/7/2014,16.88,16.88,16.63,16.68,42578000
8/7/2014,16.66,16.69,16.07,16.19,85432000
9/7/2014,16.24,16.51,16.16,16.5,63322000
10/7/2014,16.22,16.5,16.13,16.4,53300000
11/7/2014,16.74,17.35,16.74,17.31,166016000
14/7/2014,17.35,17.79,17.27,17.77,112198000
15/7/2014,17.69,17.78,17.47,17.72,83418000
16/7/2014,17.78,17.97,17.65,17.8,70072000
17/7/2014,17.67,17.85,17.57,17.62,72720000
18/7/2014,17.72,17.98,17.6,17.93,68148000
21/7/2014,17.91,18.09,17.84,17.99,45568000
22/7/2014,17.76,18.15,17.76,18.04,57778000
23/7/2014,17.95,18.03,17.83,17.91,53746000
24/7/2014,18,18.24,17.93,17.93,141774000
25/7/2014,15.86,16.24,15.74,16.2,356930000
28/7/2014,16.21,16.24,15.82,16.02,118640000
29/7/2014,16.1,16.15,15.98,16,57676000
30/7/2014,16.07,16.14,15.93,16.13,79380000
31/7/2014,16,16.03,15.59,15.65,103840000
1/8/2014,15.68,15.79,15.23,15.35,148830000
4/8/2014,15.44,15.81,15.43,15.68,84018000
5/8/2014,15.66,15.73,15.5,15.62,57042000
6/8/2014,15.54,15.79,15.51,15.69,45938000
7/8/2014,15.76,15.79,15.48,15.57,58712000
8/8/2014,15.6,15.87,15.53,15.84,54118000
11/8/2014,15.92,16.02,15.84,15.92,49372000
12/8/2014,15.94,16.07,15.85,15.97,38316000
13/8/2014,16.38,16.59,16.31,16.31,98782000
14/8/2014,16.39,16.7,16.34,16.66,68408000
15/8/2014,16.7,16.75,16.42,16.68,77934000
18/8/2014,16.77,16.89,16.69,16.73,49708000
19/8/2014,16.74,16.79,16.65,16.76,34276000
20/8/2014,16.73,16.86,16.7,16.79,36210000
21/8/2014,16.82,16.83,16.61,16.65,39422000
22/8/2014,16.65,16.7,16.54,16.58,44224000
25/8/2014,16.66,16.84,16.64,16.7,39154000
26/8/2014,16.85,17.22,16.73,17.09,73094000
27/8/2014,17.1,17.33,17.07,17.16,59232000
28/8/2014,17,17.09,16.94,17,45054000
29/8/2014,17.09,17.09,16.88,16.95,38790000
2/9/2014,17,17.12,16.86,17.12,46520000
3/9/2014,17.13,17.16,16.88,16.95,39874000
4/9/2014,17.18,17.47,17.18,17.3,79312000
5/9/2014,17.32,17.34,17.12,17.32,42140000
8/9/2014,17.23,17.29,16.95,17.12,59106000
9/9/2014,17.08,17.09,16.46,16.49,92936000
10/9/2014,16.72,16.75,16.44,16.57,75948000
11/9/2014,16.5,16.65,16.32,16.53,54404000
12/9/2014,16.48,16.64,16.44,16.56,68586000
15/9/2014,16.55,16.57,15.95,16.19,80008000
16/9/2014,16.05,16.47,16,16.39,65198000
17/9/2014,16.39,16.4,16.08,16.2,82720000
18/9/2014,16.27,16.35,16.19,16.25,51538000
19/9/2014,16.38,16.64,16.28,16.57,137724000
22/9/2014,16.42,16.47,16.05,16.23,62194000
23/9/2014,16.12,16.38,16.06,16.18,47052000
24/9/2014,16.21,16.47,15.98,16.41,52844000
25/9/2014,16.4,16.43,16.07,16.1,58576000
26/9/2014,16.03,16.17,15.88,16.16,72760000
29/9/2014,16.02,16.19,15.95,16.09,38492000
30/9/2014,16.07,16.17,15.93,16.12,52724000
1/10/2014,16.1,16.11,15.78,15.87,61782000
2/10/2014,15.85,15.93,15.57,15.92,71078000
3/10/2014,16.02,16.26,15.98,16.14,60748000
6/10/2014,16.17,16.21,15.98,16.11,45806000
7/10/2014,15.97,16.1,15.83,15.85,47308000
8/10/2014,15.83,16.21,15.71,16.14,69056000
9/10/2014,16.07,16.11,15.73,15.77,71758000
10/10/2014,15.7,15.89,15.57,15.57,73638000
13/10/2014,15.49,15.66,15.17,15.32,87278000
14/10/2014,15.4,15.61,15.29,15.42,67716000
15/10/2014,15.22,15.4,14.95,15.3,106878000
16/10/2014,14.69,15.34,14.69,15.14,94626000
17/10/2014,15.36,15.46,15.14,15.18,88102000
20/10/2014,15.15,15.33,15.1,15.31,64690000
21/10/2014,15.49,15.78,15.35,15.77,71186000
22/10/2014,15.77,15.95,15.63,15.65,62518000
23/10/2014,15.67,15.84,15.57,15.66,180764000
24/10/2014,14.22,14.69,14.2,14.35,396022000
27/10/2014,14.28,14.52,14.25,14.5,119012000
28/10/2014,14.49,14.9,14.49,14.78,111452000
29/10/2014,14.96,14.98,14.65,14.71,97638000
30/10/2014,14.7,14.99,14.62,14.95,81104000
31/10/2014,15.26,15.29,15.07,15.27,91014000
3/11/2014,15.31,15.4,15.16,15.29,64850000
4/11/2014,15.2,15.21,15.01,15.14,68548000
5/11/2014,15.15,15.2,14.71,14.83,93490000
6/11/2014,14.83,14.85,14.61,14.83,75162000
7/11/2014,14.89,15,14.81,14.99,52948000
10/11/2014,15,15.29,15,15.26,56182000
11/11/2014,15.3,15.62,15.18,15.6,76072000
12/11/2014,15.54,15.63,15.44,15.58,43660000
13/11/2014,15.6,15.89,15.58,15.82,73728000
14/11/2014,15.86,16.64,15.82,16.39,177556000
17/11/2014,16.32,16.4,15.9,16.15,95698000
18/11/2014,16.2,16.48,16.16,16.25,70990000
19/11/2014,16.36,16.42,16.2,16.33,65632000
20/11/2014,16.2,16.63,16.17,16.53,68734000
21/11/2014,16.77,16.92,16.57,16.63,89332000
24/11/2014,16.74,16.87,16.68,16.78,55084000
25/11/2014,16.76,16.82,16.56,16.75,51300000
26/11/2014,16.69,16.73,16.59,16.68,39672000
28/11/2014,16.8,17.06,16.8,16.93,61036000
1/12/2014,16.91,17.03,16.3,16.3,98898000
2/12/2014,16.38,16.4,16.16,16.32,55806000
3/12/2014,16.29,16.34,15.72,15.82,113620000
4/12/2014,15.78,15.93,15.67,15.85,65806000
5/12/2014,15.84,15.85,15.54,15.63,65304000
8/12/2014,15.58,15.83,15.24,15.33,72784000
9/12/2014,15.15,15.68,15.06,15.62,80990000
10/12/2014,15.6,15.66,15.23,15.29,64918000
11/12/2014,15.39,15.63,15.3,15.37,65258000
12/12/2014,15.2,15.53,15.15,15.37,63070000
15/12/2014,15.44,15.54,15.11,15.3,76832000
16/12/2014,15.22,15.22,14.75,14.75,130026000
17/12/2014,14.82,14.98,14.65,14.94,88670000
18/12/2014,15.2,15.23,14.66,14.89,154762000
19/12/2014,14.85,15.08,14.78,14.99,174182000
22/12/2014,15.1,15.37,15.1,15.33,80076000
23/12/2014,15.35,15.37,15.16,15.31,54274000
24/12/2014,15.32,15.35,15.14,15.15,30276000
26/12/2014,15.25,15.54,15.19,15.45,57876000
29/12/2014,15.39,15.71,15.33,15.6,60180000
30/12/2014,15.5,15.7,15.47,15.52,41860000
31/12/2014,15.58,15.65,15.5,15.52,40960000
2/1/2015,15.63,15.74,15.35,15.43,55664000
5/1/2015,15.35,15.42,15.04,15.11,55484000
6/1/2015,15.11,15.15,14.62,14.76,70380000
7/1/2015,14.88,15.06,14.77,14.92,52806000
8/1/2015,15.02,15.16,14.81,15.02,61768000
9/1/2015,15.07,15.14,14.83,14.85,51848000
12/1/2015,14.88,14.93,14.46,14.57,68428000
13/1/2015,14.87,15.07,14.66,14.74,82728000
14/1/2015,14.6,14.8,14.32,14.66,110774000
15/1/2015,14.7,14.8,14.34,14.35,88384000
16/1/2015,14.31,14.54,14.26,14.54,69564000
20/1/2015,14.63,14.67,14.32,14.47,61502000
21/1/2015,14.48,15.3,14.36,14.86,201302000
22/1/2015,15,15.61,15,15.52,107252000
23/1/2015,15.4,15.85,15.39,15.62,89928000
26/1/2015,15.59,15.65,15.38,15.48,63394000
27/1/2015,15.31,15.51,15.13,15.34,58406000
28/1/2015,15.49,15.58,15.19,15.2,61276000
29/1/2015,15.24,15.64,14.97,15.59,173132000
30/1/2015,17.32,17.98,17.04,17.73,477122000
2/2/2015,17.5,18.25,17.5,18.22,204638000
3/2/2015,18.01,18.39,18.01,18.18,124252000
4/2/2015,17.92,18.38,17.91,18.24,83398000
5/2/2015,18.3,18.94,18.3,18.69,144952000
6/2/2015,18.74,18.8,18.55,18.71,77848000
9/2/2015,18.55,18.72,18.36,18.53,54492000
10/2/2015,18.56,18.72,18.43,18.65,45744000
11/2/2015,18.56,18.85,18.56,18.76,55730000
12/2/2015,18.75,18.93,18.66,18.86,55822000
13/2/2015,18.92,19.15,18.85,19.09,69502000
17/2/2015,18.89,19,18.63,18.77,73464000
18/2/2015,18.69,18.84,18.64,18.67,53012000
19/2/2015,18.67,19.09,18.67,18.95,59076000
20/2/2015,18.93,19.18,18.79,19.18,65160000
23/2/2015,19.17,19.23,18.9,19.01,43540000
24/2/2015,18.93,19.02,18.81,18.93,38416000
25/2/2015,18.86,19.39,18.83,19.27,63490000
26/2/2015,19.2,19.47,19.16,19.24,53742000
27/2/2015,19.2,19.3,18.99,19.01,50646000
2/3/2015,19.04,19.3,18.97,19.28,42784000
3/3/2015,19.2,19.31,19.08,19.23,38930000
4/3/2015,19.29,19.4,19.11,19.14,45182000
5/3/2015,19.28,19.42,19.19,19.39,53870000
6/3/2015,19.28,19.35,18.94,19,52540000
9/3/2015,18.92,18.97,18.76,18.93,46228000
10/3/2015,18.87,18.89,18.46,18.48,62420000
11/3/2015,18.53,18.67,18.31,18.32,49902000
12/3/2015,18.44,18.77,18.38,18.71,56200000
13/3/2015,18.58,18.7,18.33,18.53,52234000
16/3/2015,18.52,18.7,18.34,18.67,47082000
17/3/2015,18.56,18.73,18.48,18.6,40740000
18/3/2015,18.5,18.8,18.33,18.76,53082000
19/3/2015,18.69,18.86,18.61,18.66,38314000
20/3/2015,18.81,18.97,18.8,18.92,75272000
23/3/2015,18.9,19.09,18.75,18.76,44786000
24/3/2015,18.7,18.76,18.61,18.7,44564000
25/3/2015,18.76,19.02,18.51,18.55,68590000
26/3/2015,18.48,18.57,18.28,18.37,58600000
27/3/2015,18.36,18.66,18.33,18.53,52196000
30/3/2015,18.59,18.81,18.58,18.73,36418000
31/3/2015,18.66,18.89,18.58,18.6,50122000
1/4/2015,18.6,18.66,18.42,18.51,49162000
2/4/2015,18.52,18.66,18.45,18.61,37506000
6/4/2015,18.5,19.01,18.47,18.85,61014000
7/4/2015,18.81,18.97,18.7,18.72,39098000
8/4/2015,18.73,19.08,18.73,19.06,52728000
9/4/2015,19.03,19.22,18.94,19.18,47846000
10/4/2015,19.22,19.36,19.07,19.13,51470000
13/4/2015,19.18,19.26,19.01,19.12,37890000
14/4/2015,19.18,19.39,19.06,19.26,51672000
15/4/2015,19.23,19.29,19.08,19.17,38664000
16/4/2015,19.18,19.37,19.18,19.3,41608000
17/4/2015,19.13,19.18,18.72,18.78,76794000
20/4/2015,18.93,19.6,18.85,19.48,100322000
21/4/2015,19.57,19.73,19.34,19.56,92870000
22/4/2015,19.6,19.71,19.4,19.49,69494000
23/4/2015,19.51,19.59,19.31,19.5,159600000
24/4/2015,21.95,22.63,21.95,22.25,343538000
27/4/2015,22.19,22.35,21.87,21.93,108618000
28/4/2015,21.93,21.95,21.4,21.47,82810000
29/4/2015,21.34,21.71,21.3,21.47,72434000
30/4/2015,21.36,21.59,20.96,21.09,72958000
1/5/2015,21.19,21.28,20.8,21.14,71316000
4/5/2015,21.24,21.49,21.12,21.15,45408000
5/5/2015,21.14,21.38,21.05,21.06,57128000
6/5/2015,21.07,21.14,20.73,20.95,51050000
7/5/2015,21.21,21.42,21.14,21.34,55322000
8/5/2015,21.54,21.76,21.51,21.68,58176000
11/5/2015,21.63,21.95,21.57,21.64,47874000
12/5/2015,21.55,21.66,21.34,21.55,38956000
13/5/2015,21.5,21.68,21.29,21.34,39926000
14/5/2015,21.47,21.65,21.35,21.61,37770000
15/5/2015,21.4,21.52,21.22,21.3,84806000
18/5/2015,21.3,21.36,21.07,21.26,47804000
19/5/2015,21.24,21.41,21.03,21.09,49284000
20/5/2015,21.03,21.35,20.92,21.19,43924000
21/5/2015,21.4,21.84,21.4,21.58,82428000
22/5/2015,21.58,21.62,21.38,21.38,40412000
26/5/2015,21.31,21.35,21.1,21.27,44884000
27/5/2015,21.37,21.59,21.25,21.57,44622000
28/5/2015,21.49,21.57,21.27,21.33,38248000
29/5/2015,21.36,21.62,21.36,21.46,60322000
1/6/2015,21.52,21.66,21.31,21.55,45066000
2/6/2015,21.5,21.66,21.31,21.55,33378000
3/6/2015,21.72,21.92,21.64,21.83,54558000
4/6/2015,21.72,21.84,21.46,21.54,50216000
5/6/2015,21.48,21.54,21.33,21.35,38158000
8/6/2015,21.28,21.34,21.07,21.17,43450000
9/6/2015,21.15,21.37,20.96,21.27,45774000
10/6/2015,21.32,21.61,21.28,21.54,43446000
11/6/2015,21.61,21.94,21.57,21.65,58450000
12/6/2015,21.56,21.62,21.41,21.5,41088000
15/6/2015,21.38,21.4,21.13,21.18,41020000
16/6/2015,21.21,21.4,21.13,21.36,45928000
17/6/2015,21.42,21.57,21.24,21.39,43718000
18/6/2015,21.51,21.99,21.47,21.97,67568000
19/6/2015,22.01,22.25,21.66,21.75,89902000
22/6/2015,21.85,21.96,21.71,21.81,36472000
23/6/2015,21.78,22.35,21.68,22.3,64900000
24/6/2015,22.25,22.32,22.01,22.04,52416000
25/6/2015,21.9,22.17,21.82,22,44750000
26/6/2015,22.09,22.17,21.75,21.91,52490000
29/6/2015,21.75,21.85,21.45,21.49,55064000
30/6/2015,21.71,21.78,21.52,21.7,51938000
1/7/2015,21.97,22,21.78,21.87,39742000
2/7/2015,21.85,21.91,21.67,21.89,26868000
6/7/2015,21.76,21.99,21.68,21.8,38064000
7/7/2015,21.78,21.89,21.28,21.84,69084000
8/7/2015,21.72,21.8,21.44,21.49,47662000
9/7/2015,21.75,21.94,21.71,21.72,45428000
10/7/2015,22.02,22.24,21.95,22.18,48020000
13/7/2015,22.41,22.89,22.38,22.78,79136000
14/7/2015,23.12,23.48,22.91,23.28,94724000
15/7/2015,23.15,23.24,23.01,23.06,59748000
16/7/2015,23.27,23.79,23.24,23.77,81912000
17/7/2015,23.89,24.27,23.86,24.15,98644000
20/7/2015,24.63,24.66,24.27,24.41,95050000
21/7/2015,24.4,24.44,24.13,24.4,63636000
22/7/2015,24.3,24.62,24.25,24.41,62298000
23/7/2015,24.58,24.58,23.78,24.11,187488000
24/7/2015,28.95,29.03,26.47,26.47,438188000
27/7/2015,26.39,27.25,26.33,26.57,149820000
28/7/2015,26.8,26.82,26.16,26.3,105462000
29/7/2015,26.55,26.65,26.25,26.45,75052000
30/7/2015,26.38,26.96,26.21,26.84,74862000
31/7/2015,26.95,27.14,26.73,26.81,60512000
3/8/2015,26.87,27.02,26.47,26.75,60284000
4/8/2015,26.48,26.85,26.46,26.59,58692000
5/8/2015,26.94,26.96,26.71,26.85,57788000
6/8/2015,26.97,27.14,26.38,26.47,76410000
7/8/2015,26.46,26.47,25.91,26.13,79384000
10/8/2015,26.43,26.61,26.15,26.2,52318000
11/8/2015,26.18,26.45,26.1,26.37,53532000
12/8/2015,26.19,26.38,25.65,26.3,79246000
13/8/2015,26.37,26.73,26.27,26.48,57904000
14/8/2015,26.41,26.71,26.41,26.58,39896000
17/8/2015,26.56,26.94,26.36,26.76,51634000
18/8/2015,26.75,26.97,26.65,26.75,41426000
19/8/2015,26.69,26.86,26.45,26.65,46480000
20/8/2015,26.52,26.66,25.79,25.79,88160000
21/8/2015,25.37,25.62,24.72,24.72,134130000
24/8/2015,23.18,23.83,22.55,23.17,201952000
25/8/2015,24.37,24.47,23.31,23.32,113586000
26/8/2015,24.2,25.19,23.94,25.04,127172000
27/8/2015,25.69,26.13,25.36,25.92,122290000
28/8/2015,25.88,26.08,25.65,25.9,54934000
31/8/2015,25.82,25.97,25.45,25.64,60046000
1/9/2015,24.96,25.5,24.67,24.83,77290000
2/9/2015,25.25,25.54,24.89,25.53,74142000
3/9/2015,25.73,25.79,25.13,25.24,62994000
4/9/2015,24.88,25.14,24.78,24.95,53850000
8/9/2015,25.43,25.92,25.43,25.88,76214000
9/9/2015,26.2,26.5,25.75,25.84,87414000
10/9/2015,25.76,26.31,25.74,26.11,51520000
11/9/2015,26.05,26.47,26.03,26.47,64558000
14/9/2015,26.47,26.62,25.93,26.07,62604000
15/9/2015,26.16,26.4,25.86,26.12,57318000
16/9/2015,26.1,26.42,25.93,26.37,45056000
17/9/2015,26.35,27.35,26.33,26.94,83390000
18/9/2015,26.73,27.31,26.57,27.01,123202000
21/9/2015,27.22,27.49,26.98,27.42,65666000
22/9/2015,26.99,27.18,26.63,26.92,76834000
23/9/2015,26.92,27.06,26.7,26.8,44752000
24/9/2015,26.53,26.73,26.14,26.69,70020000
25/9/2015,27.13,27.14,26.07,26.21,80620000
28/9/2015,26,26.01,24.72,25.2,108690000
29/9/2015,25.3,25.57,24.52,24.8,89150000
30/9/2015,25.27,25.64,25.08,25.59,80094000
1/10/2015,25.55,26.04,25.3,26.04,75370000
2/10/2015,25.65,26.63,25.41,26.63,91956000
5/10/2015,26.85,27.3,26.8,27.18,67828000
6/10/2015,27.27,27.58,26.67,26.87,90056000
7/10/2015,27.09,27.1,26.45,27.1,76242000
8/10/2015,26.84,26.97,25.99,26.66,93528000
9/10/2015,26.72,27.09,26.51,26.99,70748000
12/10/2015,27,27.54,26.99,27.51,55522000
13/10/2015,27.31,27.66,27.16,27.44,58760000
14/10/2015,27.57,27.61,26.98,27.24,71642000
15/10/2015,27.39,28.15,27.35,28.12,98740000
16/10/2015,28.26,28.55,28.02,28.54,86316000
19/10/2015,28.54,28.95,28.37,28.66,87508000
20/10/2015,28.6,28.65,27.76,28.04,86924000
21/10/2015,28.19,28.26,27.63,27.79,66872000
22/10/2015,28.14,28.46,27.83,28.2,155588000
23/10/2015,30.88,30.97,29.77,29.95,213854000
26/10/2015,30.11,30.49,29.81,30.43,85394000
27/10/2015,30.43,30.74,30.28,30.55,75742000
28/10/2015,30.61,30.86,30.48,30.85,78524000
29/10/2015,30.89,31.38,30.77,31.33,77920000
30/10/2015,31.3,31.54,31.26,31.3,77488000
2/11/2015,31.36,31.43,31.02,31.42,56330000
3/11/2015,31.48,31.49,31.1,31.27,64938000
4/11/2015,31.39,32.3,31.37,32.05,96810000
5/11/2015,32.35,32.85,32.15,32.78,94476000
6/11/2015,32.75,33.11,32.6,32.97,81844000
9/11/2015,32.93,33.1,32.39,32.77,80976000
10/11/2015,32.55,33,32.36,32.98,69790000
11/11/2015,33.16,33.8,33.16,33.66,107746000
12/11/2015,33.65,33.78,33.21,33.28,85694000
13/11/2015,33.18,33.35,32.02,32.12,125222000
16/11/2015,32.05,32.5,31.11,32.39,148718000
17/11/2015,32.53,32.66,32.05,32.17,86404000
18/11/2015,32.33,33.24,32.32,33.18,89396000
19/11/2015,33.25,33.64,32.95,33.06,94104000
20/11/2015,33.4,33.44,32.88,33.42,77922000
23/11/2015,33.58,34.14,33.51,33.95,87702000
24/11/2015,33.71,33.79,33.06,33.56,90868000
25/11/2015,33.75,33.99,33.56,33.77,53958000
27/11/2015,34.04,34.05,33.6,33.66,39336000
30/11/2015,33.79,34.06,33.23,33.24,113864000
1/12/2015,33.69,34.05,33.39,33.95,95024000
2/12/2015,34.05,34.24,33.71,33.8,85470000
3/12/2015,33.97,34.14,33.07,33.31,101294000
4/12/2015,33.3,33.74,33.07,33.63,90696000
7/12/2015,33.74,33.77,33.03,33.49,74656000
8/12/2015,33.16,34,32.99,33.87,73038000
9/12/2015,33.9,33.95,32.78,33.24,103164000
10/12/2015,33.28,33.43,32.98,33.12,69110000
11/12/2015,32.56,32.89,31.98,32.01,109488000
14/12/2015,32.09,32.93,31.76,32.9,86594000
15/12/2015,33.25,33.58,32.87,32.93,95068000
16/12/2015,33.18,33.87,32.97,33.79,79290000
17/12/2015,34,34.12,33.53,33.53,73632000
18/12/2015,33.43,33.84,33.21,33.21,136826000
21/12/2015,33.42,33.49,32.95,33.23,65018000
22/12/2015,33.34,33.42,32.96,33.16,53356000
23/12/2015,33.33,33.33,32.83,33.19,54458000
24/12/2015,33.17,33.23,33.03,33.14,21824000
28/12/2015,33.28,33.78,33.28,33.76,75672000
29/12/2015,33.9,34.82,33.89,34.7,114700000
30/12/2015,34.59,34.77,34.32,34.45,70380000
31/12/2015,34.3,34.39,33.79,33.79,74992000
4/1/2016,32.81,32.89,31.38,31.85,186290000
5/1/2016,32.34,32.35,31.38,31.69,116452000
6/1/2016,31.1,31.99,31.02,31.63,106584000
7/1/2016,31.09,31.5,30.26,30.4,141498000
8/1/2016,30.98,31.21,30.3,30.35,110258000
11/1/2016,30.62,30.99,29.93,30.89,97832000
12/1/2016,31.26,31.3,30.61,30.89,94482000
13/1/2016,31.04,31.04,28.96,29.09,153104000
14/1/2016,29.01,30.11,28.49,29.65,144760000
15/1/2016,28.61,29.23,28.26,28.51,155690000
19/1/2016,28.85,29.2,28.32,28.72,96144000
20/1/2016,28.22,28.92,27.36,28.59,159328000
21/1/2016,28.68,29.44,28.41,28.75,99044000
22/1/2016,29.44,30,29.21,29.82,102402000
25/1/2016,29.9,30.42,29.73,29.83,87922000
26/1/2016,30.17,30.23,29.52,30.06,75314000
27/1/2016,30.1,30.17,28.94,29.17,103058000
28/1/2016,30.42,31.9,29.88,31.77,280304000
29/1/2016,28.6,29.65,28.5,29.35,293552000
1/2/2016,28.91,29.09,28.52,28.74,127102000
2/2/2016,28.5,28.58,27.5,27.6,126240000
3/2/2016,27.67,27.8,26.09,26.55,200974000
4/2/2016,26.25,26.95,25.96,26.81,123982000
5/2/2016,26.46,26.47,24.96,25.11,194178000
8/2/2016,24.32,24.67,23.76,24.41,196510000
9/2/2016,23.9,24.92,23.7,24.1,141558000
10/2/2016,24.59,25.23,24.3,24.52,135724000
11/2/2016,24.56,25.47,24.2,25.19,147948000
12/2/2016,25.53,25.84,25.07,25.35,107696000
16/2/2016,25.97,26.22,25.58,26.06,102370000
17/2/2016,26.44,26.87,25.97,26.7,96480000
18/2/2016,27.06,27.06,26.19,26.25,94700000
19/2/2016,26.04,26.8,25.77,26.75,99494000
22/2/2016,27.11,28.03,27.05,27.98,111332000
23/2/2016,27.78,27.85,27.27,27.65,81016000
24/2/2016,27.29,27.71,26.66,27.7,124634000
25/2/2016,27.78,27.97,27.26,27.76,90510000
26/2/2016,28.01,28.12,27.66,27.76,97540000
29/2/2016,27.7,28.24,27.63,27.63,82908000
1/3/2016,27.81,28.96,27.8,28.95,100770000
2/3/2016,29.09,29.25,28.68,29.01,91644000
3/3/2016,28.9,28.99,28.66,28.87,54826000
4/3/2016,29.05,29.07,28.55,28.76,68330000
7/3/2016,28.68,28.68,27.78,28.14,98538000
8/3/2016,27.89,28.57,27.74,28.01,94600000
9/3/2016,27.98,28.02,27.51,27.97,87546000
10/3/2016,28.34,28.35,27.4,27.95,78398000
11/3/2016,28.35,28.5,28.14,28.48,75426000
14/3/2016,28.35,28.84,28.15,28.67,69084000
15/3/2016,28.55,29.08,28.35,28.85,77536000
16/3/2016,28.83,29.07,28.56,28.71,70754000
17/3/2016,28.48,28.57,27.75,27.97,118562000
18/3/2016,28.05,28.12,27.3,27.6,145938000
21/3/2016,27.45,27.76,26.93,27.7,103114000
22/3/2016,27.26,28.14,27.25,28.02,80012000
23/3/2016,28.05,28.62,27.91,28.48,79674000
24/3/2016,28.36,29.18,28.35,29.15,103710000
28/3/2016,29.22,29.24,28.78,28.99,62430000
29/3/2016,29.01,29.79,28.83,29.69,87852000
30/3/2016,29.84,30.16,29.75,29.93,77810000
31/3/2016,29.96,30.04,29.61,29.68,53636000
1/4/2016,29.52,29.95,29.42,29.92,58348000
4/4/2016,29.95,29.98,29.53,29.66,49416000
5/4/2016,29.54,29.67,29.26,29.31,46178000
6/4/2016,29.38,30.12,29.38,30.1,56998000
7/4/2016,29.94,29.98,29.45,29.57,63780000
8/4/2016,29.72,29.89,29.45,29.73,51838000
11/4/2016,29.81,30.2,29.75,29.8,54086000
12/4/2016,29.92,30.2,29.62,30.16,52822000
13/4/2016,30.38,30.84,30.26,30.74,84566000
14/4/2016,30.75,31.22,30.75,31.04,70242000
15/4/2016,31.1,31.34,30.91,31.29,57754000
18/4/2016,31.27,31.88,31.25,31.77,87218000
19/4/2016,31.86,31.9,31.04,31.4,81118000
20/4/2016,31.5,31.83,31.15,31.65,52188000
21/4/2016,31.55,31.89,31.42,31.55,51926000
22/4/2016,31.22,31.41,30.58,31.02,101678000
25/4/2016,30.83,31.35,30.81,31.31,53658000
26/4/2016,31.31,31.34,30.74,30.84,50428000
27/4/2016,30.59,30.8,30.06,30.33,81376000
28/4/2016,30.78,31.34,29.96,30.1,157452000
29/4/2016,33.3,33.5,32.7,32.98,206214000
2/5/2016,33.2,34.28,33.1,34.19,131570000
3/5/2016,33.87,34.01,33.52,33.57,98468000
4/5/2016,33.13,33.7,33.11,33.54,92710000
5/5/2016,33.67,33.82,32.8,32.95,97682000
6/5/2016,32.8,33.85,32.8,33.7,87306000
9/5/2016,33.7,34.35,33.57,33.99,79644000
10/5/2016,34.7,35.23,34.67,35.15,122112000
11/5/2016,35.29,35.95,35.08,35.66,146764000
12/5/2016,35.87,36.12,35.58,35.9,100964000
13/5/2016,35.73,35.96,35.33,35.5,95268000
16/5/2016,35.51,35.66,35.01,35.53,108658000
17/5/2016,35.49,35.72,34.7,34.76,102428000
18/5/2016,34.48,35.13,34.44,34.87,85664000
19/5/2016,34.59,34.97,34.48,34.93,60512000
20/5/2016,35.05,35.36,35,35.14,58324000
23/5/2016,35.21,35.3,34.82,34.84,51902000
24/5/2016,34.9,35.38,34.9,35.21,60676000
25/5/2016,35.4,35.54,35.28,35.42,65354000
26/5/2016,35.42,35.75,35.36,35.75,48934000
27/5/2016,35.75,35.83,35.56,35.61,44984000
31/5/2016,35.62,36.21,35.57,36.14,72366000
1/6/2016,36.04,36.32,35.91,35.97,65262000
2/6/2016,36.05,36.41,35.78,36.41,60532000
3/6/2016,36.34,36.35,35.92,36.28,67346000
6/6/2016,36.33,36.58,36.22,36.34,54096000
7/6/2016,36.49,36.5,36.03,36.19,54650000
8/6/2016,36.32,36.47,36.08,36.33,44468000
9/6/2016,36.15,36.45,36.12,36.38,43406000
10/6/2016,36.12,36.25,35.71,35.9,68514000
13/6/2016,35.7,36.1,35.56,35.76,67044000
14/6/2016,35.62,36.04,35.61,35.97,50138000
15/6/2016,36.1,36.13,35.67,35.71,54188000
16/6/2016,35.6,35.9,35.26,35.88,61960000
17/6/2016,35.91,35.91,34.96,35.32,117956000
20/6/2016,35.67,36.07,35.54,35.7,73544000
21/6/2016,35.79,35.92,35.64,35.79,42750000
22/6/2016,35.83,35.85,35.38,35.53,45210000
23/6/2016,35.78,36.11,35.62,36.1,56500000
24/6/2016,34.65,35.63,34.61,34.95,152650000
27/6/2016,34.6,34.84,34.11,34.57,111360000
28/6/2016,35,35.4,34.91,35.4,80740000
29/6/2016,35.79,35.97,35.68,35.78,61402000
30/6/2016,35.86,35.97,35.63,35.78,57102000
1/7/2016,35.87,36.4,35.83,36.28,58408000
5/7/2016,36.14,36.48,35.98,36.4,48628000
6/7/2016,36.29,36.89,36.13,36.88,78764000
7/7/2016,36.97,36.98,36.58,36.83,58916000
8/7/2016,37.01,37.31,36.9,37.29,68584000
11/7/2016,37.5,37.79,37.35,37.69,63906000
12/7/2016,37.84,37.87,37.02,37.41,112474000
13/7/2016,37.34,37.84,37.06,37.13,82846000
14/7/2016,37.44,37.45,36.95,37.06,47810000
15/7/2016,37.33,37.33,36.7,36.77,62428000
18/7/2016,36.77,37.08,36.44,36.8,59098000
19/7/2016,36.62,37.17,36.62,37,44336000
20/7/2016,37.2,37.31,37.03,37.29,44280000
21/7/2016,37.38,37.47,37.14,37.22,46342000
22/7/2016,37.39,37.56,37.18,37.24,45554000
25/7/2016,37.33,37.42,36.77,36.98,53586000
26/7/2016,37.14,37.16,36.64,36.78,50594000
27/7/2016,36.9,37.05,36.69,36.83,58262000
28/7/2016,37.3,37.67,36.99,37.63,152352000
29/7/2016,38.25,38.3,37.75,37.94,135542000
1/8/2016,37.99,38.53,37.85,38.39,71564000
2/8/2016,38.19,38.25,37.85,38.03,72066000
3/8/2016,37.85,37.94,37.61,37.73,71630000
4/8/2016,37.69,38.25,37.52,38.04,63564000
5/8/2016,38.24,38.42,38.15,38.3,54088000
8/8/2016,38.34,38.35,38.05,38.33,39726000
9/8/2016,38.37,38.63,38.35,38.42,37522000
10/8/2016,38.49,38.6,38.31,38.43,32086000
11/8/2016,38.5,38.69,38.46,38.56,40394000
12/8/2016,38.42,38.66,38.42,38.63,31266000
15/8/2016,38.6,38.6,38.39,38.42,42370000
16/8/2016,38.43,38.44,38.19,38.2,32092000
17/8/2016,38.22,38.26,37.96,38.23,37822000
18/8/2016,38.2,38.26,38.03,38.22,29176000
19/8/2016,38.1,38.12,37.84,37.87,46864000
22/8/2016,37.88,37.99,37.6,37.97,33586000
23/8/2016,38.17,38.24,38.05,38.12,30482000
24/8/2016,38.15,38.17,37.77,37.86,34882000
25/8/2016,37.8,38.03,37.74,37.96,32460000
26/8/2016,38,38.5,37.99,38.45,55536000
29/8/2016,38.44,38.75,38.43,38.56,43972000
30/8/2016,38.55,38.59,38.28,38.38,34184000
31/8/2016,38.33,38.48,38.2,38.46,32676000
1/9/2016,38.54,38.6,38.34,38.53,35846000
2/9/2016,38.71,38.8,38.58,38.62,43636000
6/9/2016,38.7,39.47,38.51,39.44,74396000
7/9/2016,39.48,39.54,39.22,39.22,48492000
8/9/2016,39.19,39.33,39.07,39.2,40610000
9/9/2016,38.97,39.05,38.01,38.01,85146000
12/9/2016,37.87,38.63,37.8,38.57,62494000
13/9/2016,38.44,38.49,37.95,38.05,62344000
14/9/2016,38.11,38.38,37.94,38.05,50460000
15/9/2016,38.1,38.54,37.88,38.48,60680000
16/9/2016,38.66,39.02,38.58,38.93,109984000
19/9/2016,39,39.1,38.55,38.76,45944000
20/9/2016,38.8,39.07,38.8,39.01,38744000
21/9/2016,39.16,39.53,38.95,39.49,54372000
22/9/2016,39.71,40.29,39.71,40.24,81578000
23/9/2016,40.16,40.39,40.11,40.29,47070000
26/9/2016,40.09,40.3,39.86,39.96,53028000
27/9/2016,40.09,40.83,40.06,40.81,76392000
28/9/2016,40.9,41.51,40.85,41.44,88442000
29/9/2016,41.41,41.88,41.23,41.45,98444000
30/9/2016,41.63,42,41.62,41.87,88612000
3/10/2016,41.8,41.99,41.56,41.84,55388000
4/10/2016,42.05,42.12,41.51,41.7,59006000
5/10/2016,41.9,42.28,41.81,42.22,69382000
6/10/2016,42.19,42.36,42.03,42.08,53680000
7/10/2016,42.29,42.3,41.87,41.97,48524000
10/10/2016,42.16,42.26,42.01,42.09,36542000
11/10/2016,42.05,42.06,41.42,41.55,71764000
12/10/2016,41.7,41.88,41.51,41.7,47608000
13/10/2016,41.45,41.59,41.06,41.46,61828000
14/10/2016,41.75,41.79,41.15,41.15,59996000
17/10/2016,41.08,41.1,40.58,40.65,67230000
18/10/2016,41.11,41.16,40.75,40.88,50250000
19/10/2016,41.02,41.03,40.76,40.88,41814000
20/10/2016,40.7,40.79,40.15,40.52,63040000
21/10/2016,40.47,40.97,40.45,40.95,55860000
24/10/2016,41.25,41.92,41.11,41.9,81218000
25/10/2016,41.97,42.15,41.66,41.76,64968000
26/10/2016,41.64,41.67,41,41.13,79962000
27/10/2016,41.56,41.59,40.77,40.92,148128000
28/10/2016,39.1,39.47,38.73,38.82,216822000
31/10/2016,39.05,39.69,39.01,39.49,108266000
1/11/2016,39.95,40.04,38.84,39.27,106108000
2/11/2016,39.2,39.24,38.18,38.28,100530000
3/11/2016,38.25,38.85,38.2,38.35,77450000
4/11/2016,38.14,38.3,37.66,37.75,102442000
7/11/2016,38.58,39.39,38.55,39.25,119688000
8/11/2016,39.25,39.59,38.96,39.39,68252000
9/11/2016,38.2,38.88,38,38.59,171258000
10/11/2016,38.94,38.94,35.88,37.12,254940000
11/11/2016,36.79,37.16,36.44,36.95,132456000
14/11/2016,37.28,37.3,35.51,35.95,146426000
15/11/2016,36.5,37.34,36.3,37.16,135116000
16/11/2016,36.99,37.49,36.78,37.32,72976000
17/11/2016,37.47,37.88,37.4,37.82,73802000
18/11/2016,38.05,38.39,37.88,38.01,87468000
21/11/2016,38.3,39.02,38.26,39,92292000
22/11/2016,39.41,39.62,39.05,39.27,106226000
23/11/2016,39.09,39.09,38.66,39.01,70806000
25/11/2016,39.33,39.34,38.9,39.02,36742000
28/11/2016,38.85,38.85,38.21,38.34,88776000
29/11/2016,38.4,38.49,38.07,38.13,65446000
30/11/2016,38.1,38.4,37.51,37.53,92518000
1/12/2016,37.62,37.67,36.9,37.18,93320000
2/12/2016,37.17,37.42,36.83,37.02,71226000
5/12/2016,37.25,38.07,37.1,37.97,86294000
6/12/2016,38.2,38.41,37.86,38.24,75894000
7/12/2016,38.23,38.52,37.79,38.52,73698000
8/12/2016,38.59,38.69,38.26,38.37,63792000
9/12/2016,38.5,38.51,38.27,38.43,49418000
12/12/2016,38.32,38.34,37.86,38.01,59278000
13/12/2016,38.25,39.12,38.1,38.72,105706000
14/12/2016,38.91,39.04,38.14,38.44,109096000
15/12/2016,38.31,38.46,38.02,38.05,76038000
16/12/2016,38.25,38.26,37.7,37.89,96964000
19/12/2016,37.94,38.53,37.81,38.3,62264000
20/12/2016,38.43,38.72,38.39,38.56,54072000
21/12/2016,38.5,38.56,38.28,38.53,40892000
22/12/2016,38.41,38.56,38.15,38.32,50872000
23/12/2016,38.23,38.33,37.9,38.03,39632000
27/12/2016,38.17,38.73,38.06,38.57,52774000
28/12/2016,38.81,39,38.53,38.61,66020000
29/12/2016,38.62,38.67,38.04,38.26,63166000
30/12/2016,38.32,38.37,37.41,37.49,82788000
3/1/2017,37.9,37.94,37.38,37.68,70422000
4/1/2017,37.92,37.98,37.71,37.86,50210000
5/1/2017,38.08,39.12,38.01,39.02,116602000
6/1/2017,39.12,39.97,38.92,39.8,119724000
9/1/2017,39.9,40.09,39.59,39.85,68922000
10/1/2017,39.83,39.9,39.48,39.79,51168000
11/1/2017,39.68,39.97,39.48,39.95,59856000
12/1/2017,40.02,40.71,39.97,40.68,97478000
13/1/2017,40.72,41.08,40.57,40.86,75838000
17/1/2017,40.78,40.8,40.17,40.49,73410000
18/1/2017,40.47,40.59,40.21,40.37,47084000
19/1/2017,40.5,40.68,40.37,40.45,50816000
20/1/2017,40.76,40.8,40.31,40.42,67524000
23/1/2017,40.34,40.92,40.25,40.89,55950000
24/1/2017,41.1,41.2,40.72,41.12,59434000
25/1/2017,41.29,41.87,41.26,41.83,78452000
26/1/2017,41.78,42.19,41.65,41.96,71726000
27/1/2017,41.95,41.99,41.47,41.79,59974000
30/1/2017,41.65,41.67,40.82,41.52,74946000
31/1/2017,41.19,41.35,40.98,41.17,62744000
1/2/2017,41.46,41.69,41.25,41.62,77004000
2/2/2017,41.83,42.12,41.41,42,147010000
3/2/2017,40.34,40.92,40.2,40.51,217376000
6/2/2017,40.49,40.54,40.15,40.38,77946000
7/2/2017,40.47,40.81,40.38,40.62,69322000
8/2/2017,40.63,41.07,40.62,40.99,57160000
9/2/2017,41.08,41.25,40.99,41.07,49698000
10/2/2017,41.19,41.4,41.14,41.37,48592000
13/2/2017,41.58,42.15,41.43,41.83,83452000
14/2/2017,41.85,41.92,41.57,41.82,55848000
15/2/2017,41.7,42.14,41.64,42.13,59378000
16/2/2017,42.09,42.25,41.97,42.21,54294000
17/2/2017,42.1,42.36,42.04,42.25,62246000
21/2/2017,42.44,42.9,42.36,42.82,70154000
22/2/2017,42.85,42.92,42.61,42.78,52340000
23/2/2017,42.88,43.04,42.4,42.61,69240000
24/2/2017,42.23,42.29,41.89,42.26,73760000
27/2/2017,42.12,42.62,41.98,42.43,54272000
28/2/2017,42.57,42.7,42.1,42.25,55874000
1/3/2017,42.65,42.74,42.45,42.65,55202000
2/3/2017,42.65,42.74,42.36,42.45,42642000
3/3/2017,42.36,42.6,42.31,42.49,38822000
6/3/2017,42.26,42.42,42.06,42.33,52208000
7/3/2017,42.27,42.42,42.19,42.3,44952000
8/3/2017,42.4,42.65,42.34,42.53,45730000
9/3/2017,42.55,42.82,42.52,42.65,40964000
10/3/2017,42.85,42.87,42.59,42.62,48728000
13/3/2017,42.59,42.78,42.59,42.73,38194000
14/3/2017,42.68,42.69,42.38,42.63,42612000
15/3/2017,42.72,42.72,42.36,42.65,51244000
16/3/2017,42.76,42.78,42.53,42.67,36846000
17/3/2017,42.67,42.69,42.53,42.62,67688000
20/3/2017,42.58,42.89,42.55,42.85,45654000
21/3/2017,42.94,43.14,42.07,42.16,87658000
22/3/2017,42.02,42.47,41.95,42.4,53174000
23/3/2017,42.41,42.54,42.24,42.37,39060000
24/3/2017,42.58,42.59,42.18,42.28,42766000
27/3/2017,41.9,42.51,41.67,42.34,55116000
28/3/2017,42.59,42.92,42.51,42.8,60832000
29/3/2017,42.95,43.82,42.95,43.72,89716000
30/3/2017,43.75,43.85,43.58,43.82,55254000
31/3/2017,43.85,44.52,43.83,44.33,79152000
3/4/2017,44.4,44.67,44.27,44.58,68446000
4/4/2017,44.58,45.43,44.51,45.34,99694000
5/4/2017,45.54,46.19,45.28,45.46,150168000
6/4/2017,45.69,45.86,44.72,44.91,126882000
7/4/2017,44.98,45,44.47,44.74,74218000
10/4/2017,44.98,45.43,44.95,45.35,63686000
11/4/2017,45.35,45.56,44.88,45.12,60254000
12/4/2017,45.15,45.2,44.76,44.81,49122000
13/4/2017,44.57,44.75,44.22,44.23,63492000
17/4/2017,44.38,45.12,44.38,45.1,57094000
18/4/2017,45.05,45.48,45.04,45.19,59984000
19/4/2017,45.39,45.53,44.87,44.96,57404000
20/4/2017,44.99,45.27,44.81,45.1,56288000
21/4/2017,45.13,45.18,44.84,44.93,48410000
24/4/2017,45.43,45.5,45.19,45.37,62458000
25/4/2017,45.35,45.47,45.15,45.38,67612000
26/4/2017,45.51,45.79,45.38,45.46,52178000
27/4/2017,45.72,46.09,45.61,45.92,106110000
28/4/2017,47.44,47.48,46.22,46.25,147294000
1/5/2017,46.39,47.72,46.39,47.41,109330000
2/5/2017,47.33,47.51,47.07,47.35,76976000
3/5/2017,47.3,47.3,46.79,47.05,71654000
4/5/2017,47.24,47.25,46.71,46.88,48368000
5/5/2017,47.03,47.04,46.51,46.71,57328000
8/5/2017,47.05,47.45,46.96,47.45,68314000
9/5/2017,47.64,47.89,47.51,47.64,65242000
10/5/2017,47.67,47.69,47.25,47.45,41930000
11/5/2017,47.26,47.51,47.04,47.38,43882000
12/5/2017,47.72,48.14,47.58,48.07,72518000
15/5/2017,47.94,48.16,47.8,47.9,85412000
16/5/2017,48.05,48.5,48.05,48.3,62522000
17/5/2017,47.74,48.02,47.21,47.24,102912000
18/5/2017,47.24,48.14,47.24,47.92,78786000
19/5/2017,48.14,48.45,47.99,47.99,79442000
22/5/2017,48.2,48.57,48.15,48.53,52844000
23/5/2017,48.75,48.76,48.34,48.58,48312000
24/5/2017,48.8,49.05,48.51,49.02,48920000
25/5/2017,49.24,49.95,49.11,49.67,96440000
26/5/2017,49.75,49.93,49.46,49.79,69384000
30/5/2017,49.83,50.06,49.78,49.83,65262000
31/5/2017,50,50.01,49.11,49.73,78262000
1/6/2017,49.93,49.95,49.57,49.8,49096000
2/6/2017,49.95,50.42,49.78,50.34,75046000
5/6/2017,50.36,50.66,50.18,50.57,54398000
6/6/2017,50.6,50.83,50.06,50.15,66928000
7/6/2017,50.3,50.51,50.1,50.5,56460000
8/6/2017,50.6,50.68,50.31,50.51,55358000
9/6/2017,50.62,50.65,46.35,48.92,152954000
12/6/2017,48.35,48.8,47.25,48.25,188944000
13/6/2017,48.9,49.22,48.31,49.04,91600000
14/6/2017,49.43,49.52,48.34,48.82,79498000
15/6/2017,47.94,48.29,47.54,48.21,107478000
16/6/2017,49.8,49.99,49.1,49.39,229454000
19/6/2017,50.85,50.85,49.49,49.76,100868000
20/6/2017,49.9,50.24,49.6,49.63,81536000
21/6/2017,49.94,50.14,49.63,50.11,58450000
22/6/2017,50.11,50.35,49.86,50.06,45068000
23/6/2017,50.13,50.23,49.9,50.19,57582000
26/6/2017,50.42,50.49,49.6,49.7,67724000
27/6/2017,49.53,49.94,48.8,48.84,75648000
28/6/2017,48.93,49.53,48.46,49.52,74752000
29/6/2017,48.95,49.38,48.26,48.8,86060000
30/6/2017,49.01,49.17,48.38,48.4,67806000
3/7/2017,48.64,48.72,47.55,47.68,58182000
5/7/2017,48.08,48.75,47.76,48.57,73060000
6/7/2017,48.23,48.72,47.95,48.26,65192000
7/7/2017,48.48,49.01,48.46,48.94,52868000
10/7/2017,49.25,49.97,49.17,49.82,70926000
11/7/2017,49.65,49.8,49.19,49.71,59654000
12/7/2017,50.03,50.43,49.9,50.33,72172000
13/7/2017,50.23,50.34,49.79,50.03,57616000
14/7/2017,50.12,50.22,49.84,50.09,42050000
17/7/2017,50.23,50.74,50.19,50.5,74252000
18/7/2017,50.3,51.3,50.2,51.22,80152000
19/7/2017,51.25,51.58,51.12,51.34,59280000
20/7/2017,51.58,51.75,51.13,51.44,61950000
21/7/2017,51.06,51.31,50.55,51.28,54692000
24/7/2017,51.42,52.15,51.37,51.95,65760000
25/7/2017,51.9,52.17,51.62,51.99,48952000
26/7/2017,52.16,52.66,52.16,52.64,58426000
27/7/2017,53.48,54.17,52.01,52.3,219834000
28/7/2017,50.61,51.64,50.05,51,154188000
31/7/2017,50.95,50.95,49.35,49.39,147042000
1/8/2017,49.81,50.32,49.58,49.81,91452000
2/8/2017,50.09,50.16,49.09,49.79,81400000
3/8/2017,49.97,49.97,49.23,49.35,65116000
4/8/2017,49.48,49.58,49.1,49.38,54606000
7/8/2017,49.53,49.75,49.36,49.61,53532000
8/8/2017,49.72,49.81,49.29,49.49,58056000
9/8/2017,49.13,49.4,48.76,49.1,71394000
10/8/2017,48.81,48.99,47.73,47.85,113682000
11/8/2017,48,48.52,47.57,48.4,69360000
14/8/2017,48.92,49.28,48.81,49.17,63458000
15/8/2017,49.44,49.59,49.1,49.14,50986000
16/8/2017,49.08,49.32,48.66,48.91,62642000
17/8/2017,48.89,48.89,48.02,48.03,70248000
18/8/2017,48.07,48.27,47.73,47.92,65696000
21/8/2017,47.88,48.06,47.27,47.66,63290000
22/8/2017,47.78,48.4,47.78,48.35,55000000
23/8/2017,47.97,48.1,47.71,47.9,53366000
24/8/2017,47.87,47.95,47.06,47.62,103914000
25/8/2017,47.8,47.88,47.21,47.26,66496000
28/8/2017,47.33,47.65,47.11,47.3,51934000
29/8/2017,47,47.8,46.82,47.7,57486000
30/8/2017,47.92,48.47,47.85,48.38,58092000
31/8/2017,48.74,49.05,48.64,49.03,66630000
1/9/2017,49.21,49.22,48.84,48.91,50718000
5/9/2017,48.77,48.84,48.02,48.26,57664000
6/9/2017,48.42,48.59,48.03,48.39,42598000
7/9/2017,48.7,49.03,48.63,48.97,51336000
8/9/2017,48.96,48.99,48.17,48.29,52106000
11/9/2017,48.72,49.1,48.71,48.9,43734000
12/9/2017,49.16,49.23,48.78,49.13,49622000
13/9/2017,49.2,50,48.97,49.98,67494000
14/9/2017,49.84,49.93,49.39,49.61,78266000
15/9/2017,49.65,49.81,49.2,49.34,75204000
18/9/2017,49.52,49.64,48.41,48.71,68226000
19/9/2017,48.86,48.91,48.37,48.49,53422000
20/9/2017,48.59,48.74,48.11,48.66,57776000
21/9/2017,48.57,48.58,48.1,48.23,46752000
22/9/2017,48.05,48.28,47.72,47.76,52836000
25/9/2017,47.47,47.47,46.64,46.99,102480000
26/9/2017,47.27,47.43,46.59,46.93,71296000
27/9/2017,47.4,47.76,47.17,47.54,62978000
28/9/2017,47.59,47.99,47.51,47.82,50452000
29/9/2017,48.01,48.24,47.92,48.07,50876000
2/10/2017,48.2,48.37,47.61,47.96,48858000
3/10/2017,47.9,48.18,47.52,47.85,53332000
4/10/2017,47.71,48.39,47.7,48.27,50548000
5/10/2017,48.5,49.08,48.48,49.04,64584000
6/10/2017,48.78,49.79,48.78,49.48,75642000
9/10/2017,49.66,49.92,49.38,49.55,58772000
10/10/2017,49.83,49.9,49.01,49.36,61698000
11/10/2017,49.56,49.78,49.33,49.75,46742000
12/10/2017,49.84,50.42,49.62,50.05,81346000
13/10/2017,50.35,50.39,50.05,50.15,48630000
16/10/2017,50.42,50.48,50.05,50.32,40178000
17/10/2017,50.28,50.57,50.22,50.46,46394000
18/10/2017,50.46,51.12,49.83,49.85,49994000
19/10/2017,49.5,49.55,49.01,49.33,62164000
20/10/2017,49.68,49.73,49.1,49.15,47302000
23/10/2017,49.34,49.34,48.12,48.31,69882000
24/10/2017,48.45,48.99,48.25,48.79,54478000
25/10/2017,48.9,49.22,48.31,48.65,60662000
26/10/2017,49.02,49.15,48.43,48.62,112374000
27/10/2017,52.91,55.28,52.53,55.05,331300000
30/10/2017,54.75,56.14,54.68,55.54,132262000
31/10/2017,55.45,55.53,55.06,55.26,69540000
1/11/2017,55.27,55.45,54.84,55.18,75110000
2/11/2017,54.89,55.1,54.34,54.71,73698000
3/11/2017,54.56,55.63,54.43,55.58,75030000
6/11/2017,55.46,56.27,55.44,56.03,67622000
7/11/2017,56.24,56.53,55.88,56.16,53780000
8/11/2017,56.14,56.78,55.96,56.64,51630000
9/11/2017,56.3,56.48,55.79,56.46,74654000
10/11/2017,56.31,56.59,56.2,56.27,43598000
13/11/2017,56.15,56.99,56.12,56.46,58368000
14/11/2017,56.51,56.9,56.19,56.84,62768000
15/11/2017,56.35,56.59,56.08,56.33,78574000
16/11/2017,56.51,56.91,56.5,56.86,44266000
17/11/2017,56.91,56.94,56.29,56.49,48268000
20/11/2017,56.49,56.67,56.13,56.32,43278000
21/11/2017,56.64,57,56.41,56.97,49588000
22/11/2017,57.05,58.01,57.05,57.81,71106000
24/11/2017,58.03,59.34,58.03,59.3,70560000
27/11/2017,60.13,60.67,59.56,59.79,134880000
28/11/2017,60.24,60.27,59.43,59.68,91188000
29/11/2017,59.74,59.74,57.26,58.06,185150000
30/11/2017,58.35,58.93,58,58.84,90184000
1/12/2017,58.6,58.98,57.6,58.12,82142000
4/12/2017,58.69,58.76,56.4,56.7,118638000
5/12/2017,56.41,57.96,56.24,57.08,81596000
6/12/2017,56.9,57.79,56.8,57.62,57066000
7/12/2017,57.83,58.16,57.55,57.99,50232000
8/12/2017,58.52,58.64,57.85,58.1,61002000
11/12/2017,58.23,58.49,57.85,58.45,47270000
12/12/2017,58.33,58.68,58.08,58.25,44718000
13/12/2017,58.5,58.54,58.01,58.21,52336000
14/12/2017,58.19,58.9,58.12,58.71,64286000
15/12/2017,58.95,59.14,58.47,58.96,95572000
18/12/2017,59.37,59.74,59.05,59.53,58952000
19/12/2017,59.46,59.65,58.96,59.37,51756000
20/12/2017,59.53,59.55,58.8,58.88,47424000
21/12/2017,58.79,58.96,58.38,58.74,42462000
22/12/2017,58.6,58.73,58.39,58.42,31702000
26/12/2017,58.42,58.92,58.03,58.84,40104000
27/12/2017,59,59.36,58.78,59.11,37344000
28/12/2017,59.45,59.51,59.22,59.31,36834000
29/12/2017,59.12,59.2,58.38,58.47,53768000
2/1/2018,58.6,59.5,58.53,59.45,53890000
3/1/2018,59.42,60.27,59.42,60.21,62176000
4/1/2018,60.25,60.79,60.23,60.48,60442000
5/1/2018,60.88,61.46,60.5,61.46,70894000
8/1/2018,61.8,62.65,61.6,62.34,85590000
9/1/2018,62.85,62.97,62.09,62.63,73226000
10/1/2018,62.26,62.72,61.86,62.72,53720000
11/1/2018,62.99,63.84,62.82,63.83,62500000
12/1/2018,63.67,65.29,63.67,65.26,108874000
16/1/2018,66.15,67,64.61,65.24,144414000
17/1/2018,65.61,65.7,64.04,64.75,105076000
18/1/2018,64.7,65.23,64.2,64.67,80538000
19/1/2018,65.6,65.65,64.65,64.73,91570000
22/1/2018,64.86,66.37,64.83,66.37,82802000
23/1/2018,66.9,68.25,66.87,68.13,103386000
24/1/2018,68.74,69.41,66.9,67.88,136150000
25/1/2018,68.4,68.92,67.88,68.9,95060000
26/1/2018,69.6,70.13,69.05,70.1,97146000
29/1/2018,70.46,71.57,70.02,70.88,114038000
30/1/2018,70.16,71.96,69.6,71.89,117438000
31/1/2018,72.57,73.63,72.5,72.54,128494000
1/2/2018,72.25,72.99,69.26,69.5,182276000
2/2/2018,73.87,74.9,70.7,71.5,222514000
5/2/2018,70.13,72.95,66.04,69.5,229900000
6/2/2018,68.07,72.2,67.59,72.14,221336000
7/2/2018,72.45,73.05,70.76,70.84,143254000
8/2/2018,71.48,71.69,67.5,67.53,171572000
9/2/2018,68.67,69.18,63.3,66.98,282830000
12/2/2018,68.23,69.69,67.2,69.31,134778000
13/2/2018,69.3,70.99,69.18,70.73,118358000
14/2/2018,70.31,72.6,70.17,72.55,119184000
15/2/2018,73.34,73.45,71.84,73.09,113054000
16/2/2018,72.87,73.29,72.33,72.43,89452000
20/2/2018,72.32,74.44,72.32,73.42,129984000
21/2/2018,74.25,75.17,73.95,74.15,126088000
22/2/2018,74.77,75.13,73.79,74.27,97162000
23/2/2018,74.77,75,74.32,75,88362000
26/2/2018,75.46,76.14,75.35,76.1,99100000
27/2/2018,76.22,76.34,75.36,75.6,96176000
28/2/2018,75.98,76.43,75.6,75.62,90300000
1/3/2018,75.68,75.92,73.25,74.67,136704000
2/3/2018,73.46,75.05,72.75,75.01,131752000
5/3/2018,74.71,76.27,74.05,76.18,104678000
6/3/2018,76.66,77.11,76.4,76.88,91234000
7/3/2018,76.33,77.29,76.13,77.25,83482000
8/3/2018,77.5,77.74,77.26,77.59,77252000
9/3/2018,78.18,78.95,77.95,78.94,90686000
12/3/2018,79.63,80.27,79.33,79.92,103484000
13/3/2018,80.8,80.88,78.9,79.41,130638000
14/3/2018,79.85,80.32,79.54,79.55,85188000
15/3/2018,79.75,79.85,78.91,79.12,81394000
16/3/2018,79.17,79.47,78.38,78.58,108500000
19/3/2018,77.73,78.08,76.27,77.25,131616000
20/3/2018,77.52,79.35,77.27,79.33,91632000
21/3/2018,79.32,79.5,78.16,79.09,95016000
22/3/2018,78.27,78.69,77.12,77.25,126412000
23/3/2018,76.95,77.45,74.77,74.78,160120000
26/3/2018,76.5,77.85,74.96,77.79,112494000
27/3/2018,78.62,78.8,74.12,74.85,139992000
28/3/2018,72.35,72.79,69.31,71.57,274106000
29/3/2018,70.3,72.77,68.26,72.37,251622000
2/4/2018,70.88,71.07,67.75,68.6,209272000
3/4/2018,69.57,70.7,67.77,69.6,204624000
4/4/2018,67.91,70.77,67.64,70.53,139646000
5/4/2018,72.1,72.98,71.35,72.59,128270000
6/4/2018,71.5,72.62,70.01,70.26,117646000
9/4/2018,71.25,71.92,70.13,70.3,84164000
10/4/2018,71.6,71.92,70.79,71.81,85082000
11/4/2018,71.97,72.44,71.24,71.35,71650000
12/4/2018,71.97,72.61,71.75,72.43,62700000
13/4/2018,72.46,72.99,71.23,71.54,73706000
16/4/2018,72.25,72.35,71.37,72.07,56172000
17/4/2018,73.11,75.36,72.85,75.19,102288000
18/4/2018,75.73,76.69,75.21,76.39,104550000
19/4/2018,77.16,78.43,76.95,77.85,130474000
20/4/2018,78.06,78.06,75.8,76.37,110832000
23/4/2018,77.33,77.4,75.17,75.89,89308000
24/4/2018,76.79,76.97,72.42,73,149894000
25/4/2018,72.9,73.5,70.75,73.01,131746000
26/4/2018,74.25,76.47,73.93,75.9,176022000
27/4/2018,81.7,81.9,78.37,78.63,261064000
30/4/2018,79.12,79.8,78.05,78.31,109282000
1/5/2018,78.16,79.25,77.61,79.11,91442000
2/5/2018,79.05,79.43,78.32,78.48,87206000
3/5/2018,78,78.74,77.3,78.6,85038000
4/5/2018,78.12,79.25,78.11,79.05,68872000
7/5/2018,79.47,80.35,79.39,80.01,76038000
8/5/2018,79.75,79.84,79.13,79.62,61358000
9/5/2018,80,80.4,79.6,80.4,72746000
10/5/2018,80.42,80.78,80.17,80.45,56350000
11/5/2018,80.55,80.56,79.89,80.15,45278000
14/5/2018,80.2,80.56,80,80.08,50190000
15/5/2018,79.39,79.39,78.26,78.81,101550000
16/5/2018,78.88,79.72,78.83,79.36,51412000
17/5/2018,79.03,79.7,78.65,79.09,42952000
18/5/2018,79.07,79.18,78.61,78.72,52852000
21/5/2018,79.25,79.6,78.75,79.27,58504000
22/5/2018,79.49,79.49,78.76,79.07,42312000
23/5/2018,78.55,80.09,78.32,80.09,67238000
24/5/2018,79.9,80.41,79.42,80.15,68600000
25/5/2018,80.15,80.71,80.02,80.51,53968000
29/5/2018,80.04,81.09,80.01,80.64,76930000
30/5/2018,80.9,81.3,80.65,81.24,58148000
31/5/2018,81.15,81.75,81.07,81.48,63326000
1/6/2018,81.85,82.34,81.75,82.08,66268000
4/6/2018,82.44,83.28,82.27,83.26,63754000
5/6/2018,83.65,84.95,83.5,84.82,95644000
6/6/2018,85.23,85.72,84.32,84.79,109464000
7/6/2018,84.93,85,83.81,84.46,75314000
8/6/2018,84.06,84.47,83.65,84.2,59102000
11/6/2018,84.08,84.71,84.03,84.46,46710000
12/6/2018,84.65,84.98,84.58,84.94,45184000
13/6/2018,85.14,85.69,85.01,85.24,66550000
14/6/2018,85.67,86.24,85.44,86.19,63488000
15/6/2018,85.7,86.04,85.43,85.8,95552000
18/6/2018,85.31,86.34,85.13,86.19,62154000
19/6/2018,85.45,86.81,85.02,86.74,85802000
20/6/2018,87.12,88.15,87.07,87.5,86652000
21/6/2018,88,88.15,85.88,86.51,98822000
22/6/2018,87.13,87.15,85.6,85.78,81502000
25/6/2018,85.13,85.25,82.32,83.16,150224000
26/6/2018,83.62,85.08,83.17,84.55,87732000
27/6/2018,85.41,85.6,83,83.03,97444000
28/6/2018,83.63,85.28,83.06,85.07,90594000
29/6/2018,85.85,86.17,84.72,84.99,90870000
2/7/2018,84.14,85.69,83.9,85.69,63714000
3/7/2018,86.2,86.25,84.62,84.7,43546000
5/7/2018,85.27,85.53,84.11,84.99,59662000
6/7/2018,84.8,85.76,84.58,85.53,53006000
9/7/2018,86.2,86.98,85.81,86.95,60240000
10/7/2018,86.93,87.5,86.55,87.15,60058000
11/7/2018,86.9,87.85,86.7,87.75,64196000
12/7/2018,88.23,89.9,88.11,89.83,90654000
13/7/2018,90.2,90.76,89.76,90.65,87664000
16/7/2018,91.1,92.1,90.72,91.12,109324000
17/7/2018,90.58,92.58,89.87,92.2,113658000
18/7/2018,92.4,92.94,91.56,92.15,97238000
19/7/2018,91.47,92.05,90.56,90.65,93538000
20/7/2018,91.25,91.74,90.5,90.68,77688000
23/7/2018,90.61,90.95,88.5,90.1,77770000
24/7/2018,91.45,92,90.47,91.46,85574000
25/7/2018,91.46,93.19,91.13,93.18,74764000
26/7/2018,91.95,92.23,90.22,90.4,198488000
27/7/2018,93.8,94,90.33,90.86,193620000
30/7/2018,91.37,91.47,88.3,88.96,131246000
31/7/2018,89.32,90.09,86.97,88.87,114774000
1/8/2018,89.2,89.92,88.8,89.86,83062000
2/8/2018,89.44,91.83,89.3,91.72,87094000
3/8/2018,91.89,92.05,91.07,91.16,69210000
6/8/2018,91.29,92.39,90.95,92.39,67836000
7/8/2018,92.73,93.49,92.31,93.12,67550000
8/8/2018,93.05,94.58,92.72,94.33,79260000
9/8/2018,94.1,95.73,93.87,94.93,97208000
10/8/2018,94.43,94.97,93.91,94.32,72798000
13/8/2018,94.93,96.25,94.68,94.81,110630000
14/8/2018,95.97,96.05,95,95.98,79722000
15/8/2018,95.48,95.81,93.49,94.13,154014000
16/8/2018,95.2,95.25,94.18,94.33,79142000
17/8/2018,94.29,94.4,92.78,94.11,82086000
20/8/2018,94.53,94.59,93.3,93.84,57240000
21/8/2018,94,94.89,93.72,94.17,62112000
22/8/2018,93.83,95.29,93.83,95.25,61610000
23/8/2018,95.36,95.97,95.04,95.14,71260000
24/8/2018,95.53,95.8,95.13,95.27,56018000
27/8/2018,95.75,96.39,95.46,96.38,71380000
28/8/2018,96.89,97.09,96.44,96.64,62014000
29/8/2018,97.67,99.93,97.45,99.9,130636000
30/8/2018,99.87,101.28,99.35,100.12,145546000
31/8/2018,100.35,101.12,100.24,100.64,84088000
4/9/2018,101.32,102.53,100.65,101.98,114422000
5/9/2018,101.91,102.02,99.49,99.74,164412000
6/9/2018,100.33,100.38,96.76,97.92,149774000
7/9/2018,96.94,98.76,96.87,97.6,97852000
10/9/2018,98.55,98.65,96.58,96.95,90896000
11/9/2018,96.41,99.44,95.85,99.36,100672000
12/9/2018,99.7,100,98.12,99.5,88280000
13/9/2018,100,100.44,99.1,99.49,72430000
14/9/2018,99.65,99.68,97.96,98.51,72840000
17/9/2018,97.74,97.84,94.37,95.4,141004000
18/9/2018,95.93,97.91,95.77,97.05,85374000
19/9/2018,97.03,97.04,95.25,96.32,81136000
20/9/2018,96.93,97.75,96.61,97.21,63098000
21/9/2018,97.71,97.87,95.53,95.75,137118000
24/9/2018,95.19,96.84,93.25,96.72,84274000
25/9/2018,97.14,98.8,96.94,98.73,90768000
26/9/2018,98.43,99.76,98.08,98.74,86270000
27/9/2018,99.66,100.81,99.43,100.65,86588000
28/9/2018,100.22,101.33,99.82,100.15,81702000
1/10/2018,101.1,101.66,100.18,100.22,69210000
2/10/2018,100,100.67,98.29,98.57,108014000
3/10/2018,99.08,99.49,97.49,97.64,105062000
4/10/2018,97.45,97.8,94.83,95.47,145140000
5/10/2018,95.9,96.45,93.14,94.48,136446000
8/10/2018,93.7,95.1,91.53,93.22,147864000
9/10/2018,93,94.83,92.62,93.52,95458000
10/10/2018,92.89,92.93,87.72,87.76,219778000
11/10/2018,86.2,87.77,84.25,85.97,278718000
12/10/2018,90.4,90.45,87.13,89.43,188892000
15/10/2018,89.75,89.75,86.71,88.05,128744000
16/10/2018,89.18,91.19,88.08,91,117198000
17/10/2018,92.14,92.25,90.35,91.59,105904000
18/10/2018,91.07,91.51,88.39,88.54,117480000
19/10/2018,89.26,90.46,87.65,88.2,118144000
22/10/2018,89.2,90.47,87.8,89.46,90000000
23/10/2018,87.11,88.82,85.7,88.43,134478000
24/10/2018,88.68,88.89,82.83,83.21,138568000
25/10/2018,85.17,89.74,84.6,89.11,205714000
26/10/2018,82.48,84.92,80.15,82.14,299276000
29/10/2018,83,83.29,74.75,76.94,277322000
30/10/2018,74.31,77.05,73.82,76.52,249202000
31/10/2018,78.5,81.2,78.25,79.9,187804000
1/11/2018,81.18,83.52,79.92,83.28,162710000
2/11/2018,83.93,84.87,82.59,83.28,139110000
5/11/2018,82.88,82.9,79.82,81.39,112494000
6/11/2018,80.92,83.25,80.73,82.14,85148000
7/11/2018,83.65,87.96,83.2,87.77,163844000
8/11/2018,87.75,89.2,86.26,87.75,130698000
9/11/2018,86.62,87.2,85.09,85.62,118044000
12/11/2018,84.91,85.43,81.5,81.84,136124000
13/11/2018,82.46,83.85,80.69,81.56,118666000
14/11/2018,82.82,83.65,79.85,79.95,129738000
15/11/2018,79.05,81.24,77.33,80.97,168546000
16/11/2018,79.38,80.72,78.66,79.67,121322000
19/11/2018,78.85,79.06,75.17,75.61,155800000
20/11/2018,71.88,76.74,71,74.77,217576000
21/11/2018,77.15,77.5,75.75,75.84,114336000
23/11/2018,75.85,76.81,75.09,75.1,54152000
26/11/2018,76.95,79.24,76.21,79.07,125154000
27/11/2018,78.8,79.88,77.9,79.07,115664000
28/11/2018,80.7,84.07,80.06,83.89,169174000
29/11/2018,83.75,84.5,82.62,83.68,132264000
30/11/2018,83.97,84.8,83.32,84.51,115236000
3/12/2018,88.47,88.92,86.5,88.62,137246000
4/12/2018,87.8,88.52,83.25,83.42,173890000
6/12/2018,80.74,85.05,80.49,84.96,175788000
7/12/2018,85.25,85.95,81.27,81.46,151522000
10/12/2018,81.19,82.9,79.54,82.05,149896000
11/12/2018,83.9,83.97,80.98,82.16,124894000
12/12/2018,83.45,85.25,83.01,83.18,131960000
13/12/2018,84,84.61,82.07,82.92,105426000
14/12/2018,81.9,82.13,79.25,79.6,127344000
17/12/2018,78.3,78.81,75.25,76.05,176596000
18/12/2018,77,78.38,76.15,77.57,130460000
19/12/2018,77.15,79.23,74.16,74.75,175844000
20/12/2018,74.2,75.47,71.63,73.04,199836000
21/12/2018,73.25,74,68.2,68.87,272806000
24/12/2018,67.3,69.8,65.35,67.2,144400000
26/12/2018,68.44,73.66,68.15,73.54,208236000
27/12/2018,72.71,73.45,69.52,73.08,194440000
28/12/2018,73.67,75.67,72.45,73.9,176580000
31/12/2018,75.54,76.04,74.35,75.1,139090000
2/1/2019,73.26,77.67,73.05,76.96,159662000
3/1/2019,76,76.9,74.86,75.01,139512000
4/1/2019,76.5,79.7,75.92,78.77,183652000
7/1/2019,80.12,81.73,79.46,81.48,159864000
8/1/2019,83.23,83.83,80.83,82.83,177628000
9/1/2019,82.65,83.39,82.07,82.97,126976000
10/1/2019,82.05,83.16,81.08,82.81,130154000
11/1/2019,82.03,83.01,81.81,82.03,93724000
14/1/2019,80.75,82.41,79.76,80.86,120118000
15/1/2019,81.6,83.76,81.3,83.73,119970000
16/1/2019,84.21,85.25,83.79,84.19,127338000
17/1/2019,84,85.01,83.88,84.66,84178000
18/1/2019,85.6,85.81,84.58,84.81,120410000
22/1/2019,84.05,84.09,80.51,81.61,128336000
23/1/2019,82.8,82.87,80.6,82,104504000
24/1/2019,82.05,82.86,81.59,82.75,81798000
25/1/2019,83.53,84.17,83.08,83.53,98918000
28/1/2019,82.18,82.25,80.7,81.89,96754000
29/1/2019,81.56,81.62,79.54,79.69,92656000
30/1/2019,81.15,83.85,80.98,83.52,115676000
31/1/2019,84.64,86.82,83.95,85.94,218206000
1/2/2019,81.94,83.65,81.1,81.31,230124000
4/2/2019,81.15,82.48,80.68,81.67,98582000
5/2/2019,82.17,83.26,82.12,82.94,89062000
6/2/2019,83.54,83.61,81.67,82.01,78798000
7/2/2019,81.25,81.28,79.65,80.72,92532000
8/2/2019,79.3,79.43,78.34,79.41,113150000
11/2/2019,80.05,80.46,79.3,79.55,66346000
12/2/2019,80.2,81.97,79.94,81.9,97172000
13/2/2019,82.35,82.82,81.86,82,71206000
14/2/2019,81.22,81.89,80.3,81.13,82410000
15/2/2019,81.39,81.45,80.22,80.4,86878000
19/2/2019,80.05,81.7,80.03,81.38,73634000
20/2/2019,81.5,81.75,80.51,81.11,66752000
21/2/2019,80.99,81.18,80.05,80.97,69668000
22/2/2019,81.18,81.75,81.06,81.58,61924000
25/2/2019,82.07,82.73,81.52,81.65,63690000
26/2/2019,81.3,82,80.81,81.82,53316000
27/2/2019,81.41,82.09,80.75,82.05,62976000
28/2/2019,81.76,82.59,81.69,81.99,60518000
1/3/2019,82.76,83.71,82.55,83.59,99498000
4/3/2019,84.25,85.47,83.72,84.81,123348000
5/3/2019,85.15,85.39,84.45,84.62,73630000
6/3/2019,84.8,84.89,83.41,83.45,79920000
7/3/2019,83.37,83.49,81.03,81.3,99140000
8/3/2019,80.2,81.14,79.33,81.04,93340000
11/3/2019,81.31,83.61,81.3,83.53,77528000
12/3/2019,83.45,84.21,83.05,83.65,72290000
13/3/2019,84.15,85,83.97,84.54,71040000
14/3/2019,84.56,85.1,84.22,84.31,58932000
15/3/2019,85.15,85.94,84.66,85.62,151018000
18/3/2019,85.64,87.5,85.63,87.11,108582000
19/3/2019,87.68,89.21,87.68,88.09,127284000
20/3/2019,88.5,89.97,88.35,89.86,125312000
21/3/2019,89.81,91.19,89.36,90.96,115356000
22/3/2019,90.51,90.95,88.16,88.24,127260000
25/3/2019,87.89,89.13,87.38,88.71,102076000
26/3/2019,89.65,90.29,88.67,89.19,97318000
27/3/2019,89.21,89.38,87.28,88.29,86496000
28/3/2019,88.5,88.9,87.67,88.67,60860000
29/3/2019,89.33,89.64,88.83,89.04,66416000
1/4/2019,90.01,90.78,89.94,90.71,84776000
2/4/2019,90.55,91,90.26,90.7,68962000
3/4/2019,91.34,91.5,90.48,91.04,78522000
4/4/2019,91.03,91.44,90.21,90.94,72478000
5/4/2019,91.45,91.93,91.26,91.86,72810000
8/4/2019,91.66,92.51,91.26,92.49,75056000
9/4/2019,92.27,92.65,91.59,91.79,74288000
10/4/2019,92.05,92.4,91.44,92.37,59280000
11/4/2019,92.43,92.5,92.02,92.2,53096000
12/4/2019,92.42,92.57,92.07,92.15,62288000
15/4/2019,92.1,92.34,90.94,92.24,74488000
16/4/2019,92.57,93.49,92.4,93.15,60892000
17/4/2019,93.65,93.82,93.02,93.24,57870000
18/4/2019,93.44,93.54,92.97,93.08,54998000
22/4/2019,92.77,94.42,92.28,94.37,67476000
23/4/2019,94.56,96.46,94.48,96.19,92808000
24/4/2019,96.25,96.48,94.91,95.09,73516000
25/4/2019,95.85,96.12,95.02,95.11,121982000
26/4/2019,96.45,97.55,94.9,97.53,168652000
29/4/2019,97.45,97.82,96.7,96.92,80426000
30/4/2019,96.5,96.79,95.35,96.33,70120000
1/5/2019,96.65,97.18,95.53,95.58,62340000
2/5/2019,95.67,96.08,94.09,95.04,79258000
3/5/2019,97.45,98.22,96.8,98.12,127632000
6/5/2019,95.9,97.95,95.53,97.53,108356000
7/5/2019,97,97.46,95.17,96.05,118042000
8/5/2019,95.94,96.77,95.5,95.89,81572000
9/5/2019,95,95.47,93.8,94.99,106166000
10/5/2019,94.9,95.19,92.8,94.5,114360000
13/5/2019,91.83,92.33,90.9,91.13,115668000
14/5/2019,91.97,92.62,90.79,92.01,92582000
15/5/2019,91.4,93.72,91.15,93.56,93852000
16/5/2019,94.3,95.88,94.11,95.38,94156000
17/5/2019,94.65,95.53,93.37,93.45,94732000
20/5/2019,92.63,93.39,91.78,92.95,75964000
21/5/2019,93.74,93.95,92.3,92.88,80102000
22/5/2019,92.59,93.57,92.55,92.98,58732000
23/5/2019,91.83,92.2,90.21,90.77,88486000
24/5/2019,91.79,92.09,90.89,91.16,67394000
28/5/2019,91.64,92.46,91.37,91.82,64000000
29/5/2019,91.16,91.5,90.38,90.96,85580000
30/5/2019,91.27,91.47,90.39,90.82,62938000
31/5/2019,89.5,89.78,88.64,88.75,92376000
3/6/2019,88,88.31,83.6,84.63,181974000
4/6/2019,84.96,86.54,84.04,86.48,113582000
5/6/2019,87.48,87.6,85.76,86.93,84796000
6/6/2019,86.89,88,86.31,87.72,73786000
7/6/2019,88.18,90.31,87.97,90.2,96164000
10/6/2019,91.1,94.24,90.9,93.03,107420000
11/6/2019,94.16,94.68,92.9,93.18,80854000
12/6/2019,92.7,93.25,92.22,92.77,53566000
13/6/2019,93.34,94.15,93.11,93.51,55916000
14/6/2019,93.2,93.8,92.95,93.48,57024000
17/6/2019,93.82,94.78,93.77,94.3,52686000
18/6/2019,95.07,96.08,94.99,95.07,77914000
19/6/2019,95.39,95.98,94.62,95.44,57906000
20/6/2019,96.67,96.76,95.29,95.91,64344000
21/6/2019,95.81,96.3,95.38,95.57,78672000
24/6/2019,95.63,95.84,95.07,95.69,45660000
25/6/2019,95.59,95.82,93.62,93.91,60246000
26/6/2019,94.62,95.19,94.37,94.89,48838000
27/6/2019,95.1,95.56,94.9,95.21,42834000
28/6/2019,95.46,95.65,94.2,94.68,60748000
1/7/2019,96.15,96.49,95.73,96.11,63842000
2/7/2019,95.97,96.74,95.33,96.72,52918000
3/7/2019,96.79,97.08,96.53,96.95,33806000
5/7/2019,96.43,97.29,96.26,97.15,52568000
8/7/2019,96.71,97.8,96.41,97.62,57668000
9/7/2019,97.39,99.5,97.17,99.42,86914000
10/7/2019,99.83,101.25,99.77,100.87,98638000
11/7/2019,101.28,101.79,99.76,100.05,86356000
12/7/2019,100.41,100.85,100.19,100.55,50186000
15/7/2019,101.07,101.14,100.08,101.05,59626000
16/7/2019,100.53,101.32,100.06,100.5,52364000
17/7/2019,100.35,100.6,99.6,99.6,51176000
18/7/2019,99,99.38,97.58,98.89,69738000
19/7/2019,99.56,99.8,98.11,98.23,63712000
22/7/2019,98.56,99.45,97.91,99.28,58000000
23/7/2019,99.8,99.89,98.66,99.72,54070000
24/7/2019,98.46,100.07,98.29,100.04,52626000
25/7/2019,100.05,100.06,98.64,98.69,82730000
26/7/2019,97.1,97.54,96.23,97.15,98542000
29/7/2019,96.5,96.61,94.53,95.62,89864000
30/7/2019,94.56,95.49,94.17,94.93,58218000
31/7/2019,94.91,94.98,92.47,93.34,89414000
1/8/2019,93.59,94.9,92.2,92.77,94266000
2/8/2019,92.25,92.32,90.4,91.16,99124000
5/8/2019,88.51,89.43,87.44,88.26,121164000
6/8/2019,89.61,89.69,87.67,89.39,101406000
7/8/2019,88.7,89.95,87.85,89.67,90538000
8/8/2019,90.3,91.71,89.91,91.64,74024000
9/8/2019,91.45,91.55,90.11,90.38,57596000
12/8/2019,89.8,90.05,88.85,89.25,58110000
13/8/2019,89.15,91.59,89,91.22,79880000
14/8/2019,89.65,89.78,87.86,88.15,97872000
15/8/2019,89.1,89.4,88.1,88.81,75182000
16/8/2019,89.64,90.15,89.23,89.63,60360000
19/8/2019,90.9,91.3,90.63,90.81,56326000
20/8/2019,90.72,90.84,89.99,90.07,38590000
21/8/2019,90.97,91.48,90.75,91.18,40636000
22/8/2019,91.4,91.47,90,90.23,53070000
23/8/2019,89.65,90.25,87.26,87.48,105416000
26/8/2019,88.35,88.5,87.18,88.44,61600000
27/8/2019,88.79,88.97,87.33,88.09,60394000
28/8/2019,87.75,88.39,87.2,88.21,48394000
29/8/2019,89.15,89.93,88.86,89.32,60302000
30/8/2019,89.87,89.99,88.23,88.81,61174000
3/9/2019,88.5,90.04,88.4,89.49,70860000
4/9/2019,90.25,90.38,89.81,90.03,46482000
5/9/2019,91.1,92.1,90.78,92.04,66216000
6/9/2019,91.91,92.03,91.32,91.68,49938000
9/9/2019,92.05,92.5,91.23,91.57,59990000
10/9/2019,91.14,91.29,90.27,91.03,52278000
11/9/2019,90.61,91.67,90.45,91.15,48656000
12/9/2019,91.88,92.68,91.71,92.18,56470000
13/9/2019,92.1,92.31,91.76,91.97,39426000
16/9/2019,91.2,91.28,90.01,90.39,73510000
17/9/2019,90.35,91.2,90.21,91.13,39648000
18/9/2019,90.85,91.1,89.78,90.87,50112000
19/9/2019,91.05,91.63,90.89,91.07,40630000
20/9/2019,91.09,91.53,89.05,89.71,106838000
23/9/2019,88.85,89.64,88.37,89.26,58446000
24/9/2019,89.53,89.79,86.78,87.08,92320000
25/9/2019,87.37,88.65,86.15,88.42,69864000
26/9/2019,88.14,88.17,86.57,86.99,70736000
27/9/2019,87.4,87.46,85.69,86.27,78144000
30/9/2019,86.35,86.87,85.46,86.8,52894000
1/10/2019,87.3,87.78,86.42,86.78,61690000
2/10/2019,86.39,86.44,85.25,85.66,66022000
3/10/2019,85.65,86.25,84.25,86.22,69364000
4/10/2019,86.3,87.03,85.96,86.98,49438000
7/10/2019,86.58,87.39,86.18,86.63,43094000
8/10/2019,86.12,86.35,85.25,85.28,50840000
9/10/2019,85.98,86.5,85.72,86.1,40870000
10/10/2019,86.26,86.91,85.69,86.01,51504000
11/10/2019,87.15,87.27,86.49,86.6,65100000
14/10/2019,86.45,87.09,86.1,86.82,38204000
15/10/2019,87.11,88.82,87.03,88.37,62234000
16/10/2019,88.67,89.31,88.53,88.87,55268000
17/10/2019,89.82,89.94,89.1,89.37,52948000
18/10/2019,89.39,89.7,87.46,87.88,67250000
21/10/2019,88.48,89.29,88.25,89.28,42608000
22/10/2019,89.41,89.49,88.1,88.29,42234000
23/10/2019,88.07,88.5,87.1,88.11,42764000
24/10/2019,88.55,89.42,88.01,89.04,88922000
25/10/2019,84.88,88.21,84.75,88.07,192528000
28/10/2019,87.4,88.93,87.12,88.85,74178000
29/10/2019,88.74,88.85,87.79,88.14,45538000
30/10/2019,88.01,89.12,87.96,89,48988000
31/10/2019,88.8,89.6,88.57,88.83,55624000
1/11/2019,89.4,89.87,89.26,89.57,55808000
4/11/2019,90.05,90.75,90.05,90.23,55438000
5/11/2019,90.46,90.51,89.7,90.09,37710000
6/11/2019,90.05,90.12,89.43,89.79,40596000
7/11/2019,90.19,90.29,89.17,89.41,53022000
8/11/2019,89.39,89.49,88.7,89.29,42466000
11/11/2019,88.9,89,88.36,88.58,38920000
12/11/2019,88.73,89.31,88.6,88.9,40752000
13/11/2019,88.67,88.75,87.37,87.66,59790000
14/11/2019,87.57,88.33,87.48,87.73,45296000
15/11/2019,88,88.08,86.64,86.97,78552000
18/11/2019,86.92,87.68,86.14,87.63,56790000
19/11/2019,87.85,88.03,87.15,87.64,45416000
20/11/2019,87.46,88.13,86.71,87.28,55800000
21/11/2019,87.15,87.34,86.52,86.74,53258000
22/11/2019,86.95,87.32,86.55,87.29,49582000
25/11/2019,87.66,88.87,87.66,88.69,69724000
26/11/2019,89,89.85,88.92,89.85,63624000
27/11/2019,90.05,91.22,89.87,90.93,60512000
29/11/2019,90.89,91.23,90.04,90.04,38468000
2/12/2019,90.22,90.28,88.13,89.08,78512000
3/12/2019,88,88.64,87.36,88.5,67618000
4/12/2019,88.7,89.45,88.01,88.03,53402000
5/12/2019,88.18,88.18,87,87.02,56476000
6/12/2019,87.56,87.72,87.01,87.58,62348000
9/12/2019,87.53,88.34,87.28,87.48,48856000
10/12/2019,87.37,87.53,86.75,86.96,50286000
11/12/2019,87.08,87.5,86.79,87.44,41952000
12/12/2019,87.5,88.2,87.27,88.02,61918000
13/12/2019,88.25,88.45,87.75,88.05,54914000
16/12/2019,88.35,88.47,87.85,88.46,62904000
17/12/2019,88.9,89.6,88.87,89.53,72888000
18/12/2019,89.75,89.91,89.12,89.2,67028000
19/12/2019,89.03,89.65,88.7,89.61,53056000
20/12/2019,89.98,90.15,89.12,89.32,103016000
23/12/2019,89.41,89.65,89.23,89.65,42728000
24/12/2019,89.69,89.78,89.38,89.46,17626000
26/12/2019,90.05,93.52,89.97,93.44,120108000
27/12/2019,94.15,95.07,93.3,93.49,123732000
30/12/2019,93.7,94.2,92.03,92.34,73494000
31/12/2019,92.1,92.66,91.61,92.39,50130000
2/1/2020,93.75,94.9,93.21,94.9,80580000
3/1/2020,93.22,94.31,93.22,93.75,75288000
6/1/2020,93,95.18,93,95.14,81236000
7/1/2020,95.22,95.69,94.6,95.34,80898000
8/1/2020,94.9,95.55,94.32,94.6,70160000
9/1/2020,95.49,95.89,94.79,95.05,63346000
10/1/2020,95.27,95.35,94,94.16,57074000
13/1/2020,94.57,94.9,94.04,94.57,55616000
14/1/2020,94.29,94.36,92.93,93.47,68818000
15/1/2020,93.61,93.94,92.75,93.1,57932000
16/1/2020,94.15,94.28,93.3,93.9,53190000
17/1/2020,94.29,94.33,92.86,93.24,79946000
21/1/2020,93.25,94.71,93,94.6,74156000
22/1/2020,94.8,95.12,94.17,94.37,64326000
23/1/2020,94.26,94.5,93.64,94.23,49692000
24/1/2020,94.57,94.75,92.37,93.08,75324000
27/1/2020,91,92.05,90.77,91.42,70570000
28/1/2020,92.03,92.91,91.5,92.66,56160000
29/1/2020,93.2,93.74,92.75,92.9,41760000
30/1/2020,92.9,93.64,92.53,93.53,126548000
31/1/2020,102.57,102.79,100.11,100.44,311346000
3/2/2020,100.53,102.43,100.01,100.21,117834000
4/2/2020,101.49,102.99,100.77,102.48,105786000
5/2/2020,103.55,103.55,101.6,101.99,87524000
6/2/2020,102.05,102.82,101.24,102.51,63660000
7/2/2020,102.1,104.93,101.9,103.96,101906000
10/2/2020,104.25,106.78,104.25,106.7,101124000
11/2/2020,107.54,109.3,106.8,107.54,114920000
12/2/2020,108.16,109.01,107.76,108,66686000
13/2/2020,107.25,108.51,107.1,107.49,60636000
14/2/2020,107.78,107.95,106.29,106.74,52124000
18/2/2020,106.25,108.3,106.21,107.78,58912000
19/2/2020,108.39,109.25,108.06,108.51,51224000
20/2/2020,108.65,108.84,106.37,107.65,62626000
21/2/2020,107.11,107.23,104.4,104.8,92926000
24/2/2020,100.16,101.96,99.4,100.46,130940000
25/2/2020,101.32,101.73,97.92,98.64,124382000
26/2/2020,98.51,100.73,98.02,98.98,104492000
27/2/2020,96.72,98.75,94.14,94.21,162880000
28/2/2020,90.73,94.49,90.56,94.19,189620000
2/3/2020,95.32,97.73,93.5,97.7,135234000
3/3/2020,98.77,99.82,94.4,95.45,150690000
4/3/2020,97.33,98.9,96.1,98.79,95458000
5/3/2020,96.65,98.04,95.5,96.2,94964000
6/3/2020,93.75,95.54,93.47,95.05,105472000
9/3/2020,88.69,93.14,88.06,90.03,156264000
10/3/2020,93.54,94.71,90.91,94.59,142666000
11/3/2020,92.89,93.57,90.07,91.04,112496000
12/3/2020,86.1,88.25,83.75,83.83,226924000
13/3/2020,87.75,89.32,84.03,89.25,176194000
16/3/2020,82.08,87.97,81.3,84.46,178346000
17/3/2020,88.77,92.89,84.46,90.39,218342000
18/3/2020,87.5,92.08,87.25,91.5,192904000
19/3/2020,93,97.25,91.63,94.05,207998000
20/3/2020,96.32,97.85,91.04,92.3,196358000
23/3/2020,91.39,95.97,90.6,95.14,156170000
24/3/2020,97.57,97.75,95.02,97,142942000
25/3/2020,96.03,97.51,94.29,94.29,129582000
26/3/2020,95.1,97.82,94.46,97.77,124426000
27/3/2020,96.54,96.99,95,95,107758000
30/3/2020,96.14,98.68,95.62,98.2,122522000
31/3/2020,98.22,99.65,97.2,97.49,102472000
1/4/2020,96.65,97.25,94.65,95.39,82438000
2/4/2020,95.08,96.38,94.5,95.94,86720000
3/4/2020,95.56,96.32,94.46,95.33,72198000
6/4/2020,96.8,99.93,96.5,99.88,115464000
7/4/2020,100.86,101.79,99.88,100.58,102280000
8/4/2020,101.05,102.2,100.56,102.15,79546000
9/4/2020,102.21,102.65,100.88,102.14,92930000
13/4/2020,102,109,101.9,108.44,134334000
14/4/2020,110.02,114.6,109.31,114.17,161744000
15/4/2020,112.88,116.67,112.25,115.38,137332000
16/4/2020,117.3,123.05,116.75,120.41,240764000
17/4/2020,118.62,120,115.8,118.75,158600000
20/4/2020,119.5,122.25,119.3,119.68,115414000
21/4/2020,120.83,121.42,113.98,116.41,149534000
22/4/2020,118.45,119.7,117.55,118.17,84244000
23/4/2020,120,121.21,119.1,119.97,101332000
24/4/2020,120.85,121.02,119.1,120.51,76498000
27/4/2020,122.16,122.24,118.15,118.8,112912000
28/4/2020,118.61,118.68,115.3,115.7,105388000
29/4/2020,116.5,119.59,115.5,118.64,91832000
30/4/2020,120.99,123.75,119.8,123.7,190692000
1/5/2020,116.84,118.12,112.91,114.3,195452000
4/5/2020,112.82,116.35,112.82,115.8,97318000
5/5/2020,117,117.55,115.36,115.89,64850000
6/5/2020,116.47,117.87,116,117.56,62356000
7/5/2020,118.74,118.8,117.16,118.38,67928000
8/5/2020,118.61,119.36,117.85,118.98,64132000
11/5/2020,118.74,120.98,118.61,120.45,65184000
12/5/2020,120.59,120.95,117.75,117.85,61498000
13/5/2020,118.34,120.39,116.89,118.4,95658000
14/5/2020,118.05,119.57,117.66,119.44,72962000
15/5/2020,118.43,120.55,117.82,120.49,84700000
18/5/2020,120.22,121.65,119.2,121.31,87144000
19/5/2020,121.49,124.25,121.45,122.47,86410000
20/5/2020,123.89,125,123.36,124.9,79962000
21/5/2020,125,126.27,122.13,122.34,102288000
22/5/2020,122.75,123.49,121.51,121.84,57342000
26/5/2020,122.9,123.1,120.7,121.09,71364000
27/5/2020,120.25,120.68,116.5,120.52,101138000
28/5/2020,119.22,121.85,118.91,120.06,63804000
29/5/2020,120.8,122.12,119.91,122.12,70198000
1/6/2020,122.4,123.85,122.21,123.55,58578000
2/6/2020,123.35,123.68,122.27,123.62,50598000
3/6/2020,123.4,124.4,123.06,123.92,53420000
4/6/2020,123.87,125.38,122.5,123.03,58974000
5/6/2020,122.23,124.43,121.86,124.15,66128000
8/6/2020,125.01,126.5,124.37,126.2,79414000
9/6/2020,126.47,131.32,126.25,130.04,103520000
10/6/2020,132.25,136.12,131.31,132.37,98920000
11/6/2020,130.18,133.57,126.81,127.9,116002000
12/6/2020,130.06,131.07,125.17,127.25,108722000
15/6/2020,126.33,129.2,125.4,128.63,77302000
16/6/2020,131,131,128.8,130.76,71712000
17/6/2020,132.38,132.75,131.59,132.05,59186000
18/6/2020,132.35,132.98,131.81,132.7,49756000
19/6/2020,133.9,134.87,132.95,133.75,115540000
22/6/2020,134.23,135.75,133.45,135.69,64176000
23/6/2020,136.3,139.16,135.9,138.22,84634000
24/6/2020,139,139.8,136.05,136.72,90532000
25/6/2020,136.98,137.81,135.61,137.73,59374000
26/6/2020,138.75,139.13,134.4,134.64,130016000
29/6/2020,134.5,134.84,131.5,134.02,84468000
30/6/2020,134.25,138.48,133.75,137.94,75394000
1/7/2020,137.9,144.75,137.7,143.93,127268000
2/7/2020,145.6,147.78,143.55,144.51,131868000
6/7/2020,146.75,152.99,146.5,152.85,137612000
7/7/2020,152.93,153.48,149.5,150.01,105150000
8/7/2020,151.13,154.2,150.62,154.06,100752000
9/7/2020,155.8,159.69,153.7,159.13,127774000
10/7/2020,159.59,160.75,156.79,160,109720000
13/7/2020,162.55,167.21,153.42,155.2,154408000
14/7/2020,154.45,156.37,147.5,154.2,144638000
15/7/2020,154.01,154.92,148.66,150.44,115778000
16/7/2020,148.55,151.6,145.91,149.99,127884000
17/7/2020,150.45,151.2,147.42,148.1,95226000
20/7/2020,150.01,160.07,149.7,159.84,151964000
21/7/2020,161.62,162.03,155.29,156.91,122426000
22/7/2020,156.25,157.5,153.26,155,82084000
23/7/2020,154.91,154.91,148.5,149.33,113138000
24/7/2020,146.5,151.58,144.4,150.45,112648000
27/7/2020,153.1,154.9,150.79,152.76,83410000
28/7/2020,152.71,153.85,149.79,150.02,62534000
29/7/2020,151.55,151.96,149.84,151.68,59482000
30/7/2020,150.7,154.6,150.25,152.59,122566000
31/7/2020,162.2,162.34,157.55,158.23,161710000
3/8/2020,159.03,159.2,155.2,155.59,101494000
4/8/2020,155.06,158.36,155.06,156.94,93886000
5/8/2020,157.19,160.68,156.37,160.25,78330000
6/8/2020,159.72,162.37,158.27,161.25,78812000
7/8/2020,161.2,162.04,157.03,158.37,78722000
10/8/2020,158.52,158.63,155.08,157.41,63346000
11/8/2020,155.66,157.96,153.65,154.03,74362000
12/8/2020,155.4,158.72,155.07,158.11,70442000
13/8/2020,159.15,160.88,157.75,158.05,62980000
14/8/2020,158.91,158.91,156,157.4,55034000
17/8/2020,158.66,159.75,157.71,159.12,53824000
18/8/2020,160.6,166,160.29,165.62,106920000
19/8/2020,165.15,165.79,162.8,163.02,83702000
20/8/2020,162.6,165.63,161.9,164.87,66650000
21/8/2020,164.75,165.72,163.77,164.24,71518000
24/8/2020,165.51,169.02,162.88,165.37,93326000
25/8/2020,164.75,167.87,163.35,167.32,79856000
26/8/2020,167.56,172.59,167.23,172.09,130174000
27/8/2020,172.5,172.65,168.9,170,85296000
28/8/2020,171.15,171.67,169.32,170.09,57940000
31/8/2020,170.45,174.75,170.25,172.55,83718000
1/9/2020,174.48,175.69,173.35,174.96,68644000
2/9/2020,177.35,177.61,174.33,176.57,78630000
3/9/2020,174.25,174.42,165.15,168.4,163222000
4/9/2020,165.9,169.07,155.56,164.73,175636000
8/9/2020,157.2,162.54,156.5,157.49,121884000
9/9/2020,160.15,165.16,159.25,163.43,103774000
10/9/2020,165.36,167.49,158.53,158.76,106614000
11/9/2020,160.43,160.87,154.2,155.81,101880000
14/9/2020,158.65,159.37,154.8,155.15,90592000
15/9/2020,156.81,158.75,155.45,157.81,80430000
16/9/2020,159,159.36,153.71,153.9,90244000
17/9/2020,150.46,151.47,148.63,150.44,128982000
18/9/2020,151.59,151.89,145.28,147.75,177852000
21/9/2020,145.32,148.1,143.55,148.02,122358000
22/9/2020,151.69,156.7,150.01,156.45,138976000
23/9/2020,156.02,156.35,149.62,149.99,113054000
24/9/2020,148.89,153.46,148.25,150.99,110588000
25/9/2020,152.74,155.08,149.95,154.76,92304000
28/9/2020,157.44,158.75,155.86,158.7,84484000
29/9/2020,158.77,159.41,156.63,157.24,69916000
30/9/2020,157.06,160.64,156.7,157.44,97922000
1/10/2020,160.4,161.2,158.6,161.06,99438000
2/10/2020,157.68,159.79,156.15,156.25,112262000
5/10/2020,157.29,160.13,157.04,159.96,75506000
6/10/2020,158.25,159.1,154.5,155,101738000
7/10/2020,156.75,160,156.62,159.78,86188000
8/10/2020,161.25,161.66,158.75,159.53,63482000
9/10/2020,160.5,164.45,159.89,164.33,98158000
12/10/2020,167.5,174.81,166.98,172.15,167284000
13/10/2020,173.4,174.62,171.21,172.18,114894000
14/10/2020,172.35,173.24,167,168.19,116254000
15/10/2020,164.6,167.79,164,166.93,104468000
16/10/2020,168.16,169.98,158,163.64,129488000
19/10/2020,164.98,166.45,159.64,160.36,104472000
20/10/2020,161.11,163.3,159.6,160.85,90194000
21/10/2020,160.62,161.69,158,159.25,91854000
22/10/2020,159.49,159.94,156.1,158.82,84240000
23/10/2020,159.55,160.27,157,160.22,69334000
26/10/2020,159.94,164.15,157.66,160.35,118024000
27/10/2020,161.25,164.58,160.57,164.32,85820000
28/10/2020,162.46,163.2,158.12,158.14,111766000
29/10/2020,160.06,162.86,158.2,160.55,131930000
30/10/2020,157.89,158.35,150.95,151.81,167728000
2/11/2020,153.09,153.99,147.51,150.22,145148000
3/11/2020,150.93,153.74,149.05,152.42,97958000
4/11/2020,158,162.24,156.99,162.06,136780000
5/11/2020,166,168.34,164.44,166.1,115786000
6/11/2020,165.23,166.1,161.6,165.57,92946000
9/11/2020,161.55,164.45,155.61,157.19,143808000
10/11/2020,154.75,155.7,150.97,151.75,131820000
11/11/2020,153.09,156.96,152.5,156.87,87338000
12/11/2020,158,158.79,154.3,155.51,87240000
13/11/2020,156.1,157.09,154.27,156.44,75124000
16/11/2020,154.66,157.13,153.63,156.55,76174000
17/11/2020,159.18,159.46,156.76,156.78,68894000
18/11/2020,156.7,157,155.26,155.27,58336000
19/11/2020,155.27,156.25,154.05,155.85,60206000
20/11/2020,155.85,156.64,154.9,154.97,67488000
23/11/2020,155.84,156.99,153.27,154.92,94178000
24/11/2020,155.02,156.71,154.31,155.9,72042000
25/11/2020,157.09,159.9,157.01,159.25,75808000
27/11/2020,160.56,160.81,159.5,159.77,47858000
30/11/2020,160.42,161.42,156.28,158.4,81278000
1/12/2020,159.43,162.45,157.86,161,90740000
2/12/2020,161.08,161.6,158.66,160.18,62586000
3/12/2020,160.27,161.43,159.07,159.34,57840000
4/12/2020,159.91,159.91,157.94,158.13,58272000
7/12/2020,157.82,159.04,157.08,157.9,55026000
8/12/2020,157.95,159.21,156,158.86,65726000
9/12/2020,158.39,158.72,154.4,155.21,82016000
10/12/2020,154.45,157.1,153.8,155.07,60604000
11/12/2020,154.83,155.93,153.64,155.82,61294000
14/12/2020,157.15,159.52,156.3,157.85,83116000
15/12/2020,159.05,159.43,156.52,158.26,66390000
16/12/2020,158.8,162.35,158.18,162.05,88552000
17/12/2020,162.5,163.18,161.05,161.8,69486000
18/12/2020,162.2,162.47,158.58,160.08,119914000
21/12/2020,160,161.35,158.3,160.31,76736000
22/12/2020,160.14,161.1,159,160.33,47388000
23/12/2020,160.25,160.51,159.21,159.26,41876000
24/12/2020,159.7,160.1,158.45,158.63,29038000
28/12/2020,159.7,165.2,158.63,164.2,113736000
29/12/2020,165.5,167.53,164.06,166.1,97458000
30/12/2020,167.05,167.1,164.12,164.29,64186000
31/12/2020,163.75,164.15,162.06,162.85,59144000
4/1/2021,163.5,163.6,157.2,159.33,88228000
5/1/2021,158.3,161.17,158.25,160.93,53110000
6/1/2021,157.32,159.88,156.56,156.92,87896000
7/1/2021,157.85,160.43,157.75,158.11,70290000
8/1/2021,159,159.53,157.11,159.13,70754000
11/1/2021,157.4,157.82,155.5,155.71,73668000
12/1/2021,156,157.11,154.3,156.04,70292000
13/1/2021,156.42,159.5,156.1,158.29,66424000
14/1/2021,158.38,158.9,156.03,156.37,61418000
15/1/2021,156.15,157.13,154.76,155.21,84880000
19/1/2021,155.35,157.25,154.8,156.04,66102000
20/1/2021,159.1,163.99,158.75,163.17,106196000
21/1/2021,164.65,167.43,164.48,165.35,98722000
22/1/2021,165.22,166.1,164.16,164.61,56438000
25/1/2021,166.43,168.19,162.16,164.7,74996000
26/1/2021,164.82,166.9,164.14,166.31,59104000
27/1/2021,167.07,167.33,160.35,161.63,93204000
28/1/2021,161.75,165.08,161.43,161.88,62984000
29/1/2021,161.5,161.85,159.23,160.31,85872000
1/2/2021,162.12,167.51,161.75,167.14,83204000
2/2/2021,169,171.39,168.06,169,141972000
3/2/2021,171.25,171.7,165.43,165.63,141776000
4/2/2021,166.5,167.35,163.89,166.55,73414000
5/2/2021,165.95,168.85,165.14,167.61,72416000
8/2/2021,167.93,168.25,165.2,166.15,65148000
9/2/2021,165.62,166.9,164.89,165.25,44070000
10/2/2021,165.7,165.9,162.7,164.33,63032000
11/2/2021,164.6,164.6,162.4,163.11,46028000
12/2/2021,162.5,164.01,161.67,163.89,46706000
16/2/2021,162.7,165.41,162.68,163.45,51494000
17/2/2021,163.18,166.05,162.98,165.43,65950000
18/2/2021,164.12,166.9,163.7,166.41,60548000
19/2/2021,166.41,166.68,162.29,162.49,86104000
22/2/2021,160.41,161.62,158.61,159.04,70314000
23/2/2021,156.35,160.24,154.68,159.73,93544000
24/2/2021,158.34,158.56,156.27,157.98,60226000
25/2/2021,156.84,158.91,152.39,152.86,90676000
26/2/2021,154.76,156.12,151.84,154.65,85518000
1/3/2021,156.39,157.48,154.9,157.31,54582000
2/3/2021,157.17,158.18,154.36,154.73,51916000
3/3/2021,154.06,155.39,149.75,150.25,79774000
4/3/2021,150.6,152.91,147.27,148.88,109632000
5/3/2021,150.25,150.45,144.05,150.02,107772000
8/3/2021,150.75,153.23,147.57,147.6,83700000
9/3/2021,150.9,154.55,150.26,153.14,80600000
10/3/2021,154.92,155.82,151.5,152.88,60250000
11/3/2021,155.2,156.59,154.15,155.68,55528000
12/3/2021,153.75,154.95,152.27,154.47,48438000
15/3/2021,153.73,154.11,151.6,154.08,58272000
16/3/2021,155.25,156.45,153.79,154.59,50776000
17/3/2021,153.66,158.65,153.51,156.79,62372000
18/3/2021,155.05,155.83,151.25,151.4,72992000
19/3/2021,151.46,153.86,150.83,153.75,92508000
22/3/2021,153.39,156.33,153,155.54,58044000
23/3/2021,156.35,159.1,156.04,156.88,76346000
24/3/2021,157.55,158.02,154.26,154.35,59180000
25/3/2021,153.65,155.49,151.86,152.31,71270000
26/3/2021,152.2,152.83,149.8,152.6,66258000
29/3/2021,152.77,154.56,151.42,153.79,54920000
30/3/2021,153.5,153.65,151.7,152.76,46752000
31/3/2021,153.2,155.97,153.12,154.7,61878000
1/4/2021,155.9,158.12,155.78,158.05,58806000
5/4/2021,158.65,161.8,158.06,161.34,66698000
6/4/2021,161.19,162.37,160.85,161.19,50756000
7/4/2021,161.69,165.18,161.18,163.97,66924000
8/4/2021,165.54,166.23,164.6,164.96,56242000
9/4/2021,165.24,168.61,164.45,168.61,86830000
12/4/2021,167.76,169.75,167.56,168.97,65636000
13/4/2021,170.04,171.6,169.78,170,66316000
14/4/2021,170.2,170.21,166.3,166.65,62904000
15/4/2021,168.55,169.85,167.6,168.95,64672000
16/4/2021,169,170.34,167.78,169.97,63720000
19/4/2021,169.52,171.8,168.01,168.6,54508000
20/4/2021,168.68,169.15,165.8,166.73,52460000
21/4/2021,165.8,168.14,165.19,168.1,44224000
22/4/2021,168.58,168.64,165.07,165.45,51612000
23/4/2021,165.96,168.75,165.43,167.04,63856000
26/4/2021,167.4,171.42,166.55,170.45,97614000
27/4/2021,172.17,173,169.9,170.87,76542000
28/4/2021,171.74,174.49,171.25,172.93,92638000
29/4/2021,175.26,175.72,171.75,173.57,153648000
30/4/2021,176.26,177.7,173.12,173.37,140186000
3/5/2021,174.24,174.33,168.63,169.32,117510000
4/5/2021,167.81,168.4,163.61,165.59,108788000
5/5/2021,166.94,167.74,163.22,163.53,74226000
6/5/2021,163.5,165.72,162.36,165.32,88954000
7/5/2021,165.95,166.54,164.45,164.58,94206000
10/5/2021,164.12,164.15,159.5,159.52,116772000
11/5/2021,156.81,161.9,156.37,161.2,92396000
12/5/2021,159.25,160.4,156.65,157.6,98728000
13/5/2021,159.27,160.19,156.65,158.07,67018000
14/5/2021,159.28,161.44,159.15,161.15,66500000
17/5/2021,162.3,164.64,161.73,163.52,74478000
18/5/2021,164.63,165.6,161.52,161.61,56568000
19/5/2021,159.75,161.74,159.2,161.59,53594000
20/5/2021,162.22,162.98,161.81,162.38,52664000
21/5/2021,162.5,162.83,159.85,160.15,82098000
24/5/2021,160.77,162.9,160.52,162.25,48456000
25/5/2021,163.33,163.99,160.69,162.95,65222000
26/5/2021,163.73,164.79,162.93,163.26,47680000
27/5/2021,162.8,163.02,161.5,161.51,51224000
28/5/2021,162.1,162.4,160.99,161.15,46596000
1/6/2021,162.18,162.55,160.45,160.93,48600000
2/6/2021,161.15,161.75,160.4,161.7,40290000
3/6/2021,160.21,160.72,159.2,159.35,47966000
4/6/2021,160.6,161.05,159.94,160.31,44994000
7/6/2021,159.87,160.4,158.61,159.9,44316000
8/6/2021,161.13,163.98,160.9,163.21,68334000
9/6/2021,163.64,164.88,163.54,164.06,49110000
10/6/2021,164.1,167.55,164.06,167.48,69530000
11/6/2021,167.48,168.33,166.67,167.34,56348000
14/6/2021,167.34,169.25,166.77,169.19,51394000
15/6/2021,169.2,169.85,168.16,169.16,48524000
16/6/2021,169.6,171.32,168.03,170.76,84056000
17/6/2021,170.16,174.86,170.05,174.46,102730000
18/6/2021,174,175.35,173.69,174.35,104954000
21/6/2021,173.82,174.1,171.7,172.7,65542000
22/6/2021,172.9,176.19,172.8,175.27,66902000
23/6/2021,175.25,176.05,174.16,175.19,56266000
24/6/2021,175.38,176.24,171.54,172.45,76640000
25/6/2021,173.2,173.24,169.71,170.07,78820000
28/6/2021,170.8,172.4,170.68,172.19,44856000
29/6/2021,171.94,172.8,171.15,172.41,41968000
30/6/2021,172.05,173.58,171.75,172.01,48080000
1/7/2021,171.73,172.85,170.47,171.65,40742000
2/7/2021,172.58,175.59,171.85,175.55,63388000
6/7/2021,176.51,184.27,176.45,183.79,134896000
7/7/2021,185.87,186.71,183.95,184.83,106562000
8/7/2021,182.18,188,181.06,186.57,103612000
9/7/2021,186.13,187.4,184.67,185.97,74964000
12/7/2021,187.2,187.86,184.84,185.93,51432000
13/7/2021,185.1,188.65,183.57,183.87,76918000
14/7/2021,185.44,185.88,183.04,184.08,65932000
15/7/2021,184.71,184.77,181.05,181.56,63706000
16/7/2021,181.67,182.3,178.52,178.68,80874000
19/7/2021,176.63,177.51,174.96,177.48,75692000
20/7/2021,178.37,179.6,175.9,178.66,65114000
21/7/2021,178.82,179.32,177.18,179.26,46380000
22/7/2021,179.36,182,179.11,181.9,65308000
23/7/2021,182,183.31,181.1,182.83,48726000
26/7/2021,183.66,185.6,182.36,184.99,58002000
27/7/2021,184.93,184.93,179.31,181.32,82638000
28/7/2021,181.69,182.92,180.05,181.52,59988000
29/7/2021,181.39,181.9,179,180,110400000
30/7/2021,167.4,168.41,165.35,166.38,199312000
2/8/2021,167.65,167.95,165.85,166.57,67078000
3/8/2021,167.04,169.55,164.99,168.31,83146000
4/8/2021,168.97,169.44,167.28,167.74,43678000
5/8/2021,167.81,169.45,167.05,168.8,48670000
6/8/2021,168.75,168.75,166.45,167.25,52752000
9/8/2021,167.18,167.74,166.43,167.09,42964000
10/8/2021,167.25,167.9,165.75,166.03,48252000
11/8/2021,166.57,166.88,163.89,164.61,58944000
12/8/2021,164.5,165.73,163.48,165.18,46282000
13/8/2021,165.28,165.3,164.15,164.7,41134000
16/8/2021,164.15,165,160.56,164.95,66394000
17/8/2021,163.88,164.02,161.28,162.1,67758000
18/8/2021,162.1,162.71,160,160.06,56086000
19/8/2021,159.7,161.65,159.12,159.39,75658000
20/8/2021,160.19,160.39,158.79,160,67168000
23/8/2021,160.6,164.04,160.5,163.29,65362000
24/8/2021,164,165.77,163.73,165.29,51036000
25/8/2021,165.49,166.05,164.31,164.96,33606000
26/8/2021,164.95,166.6,164.8,165.8,41976000
27/8/2021,166.66,167.62,165.69,167.48,48048000
30/8/2021,167.87,172.25,167.76,171.08,63844000
31/8/2021,171.24,173.63,169.78,173.54,87128000
1/9/2021,174.82,176.35,173.76,173.95,72598000
2/9/2021,174.74,175.6,172.75,173.16,58474000
3/9/2021,172.6,174.13,171.82,173.9,51514000
7/9/2021,173.9,176.4,173.85,175.46,54758000
8/9/2021,175.58,177.28,174.78,176.27,61068000
9/9/2021,176.3,177.5,174.02,174.21,54384000
10/9/2021,175.09,175.42,173.15,173.46,47946000
13/9/2021,174.14,174.9,171.9,172.86,51380000
14/9/2021,173.78,174.34,171.89,172.5,38738000
15/9/2021,172.13,174.27,170.1,173.79,59150000
16/9/2021,173,174.63,172.31,174.41,51672000
17/9/2021,174.42,174.87,172.61,173.13,92332000
20/9/2021,169.8,170.95,165.25,167.79,93382000
21/9/2021,168.75,168.99,166.62,167.18,55618000
22/9/2021,167.55,169.45,167.05,169,48228000
23/9/2021,169,171.45,169,170.8,47588000
24/9/2021,170.1,171.46,169.67,171.28,42324000
27/9/2021,168.57,170.78,166.98,170.29,72690000
28/9/2021,167.89,168.46,164.51,165.8,88616000
29/9/2021,166.11,167.57,164.89,165.06,51246000
30/9/2021,165.8,166.39,163.7,164.25,56848000
1/10/2021,164.45,165.46,162.8,164.16,56712000
4/10/2021,163.97,164,158.81,159.49,90462000
5/10/2021,160.23,163.04,160.12,161.05,65384000
6/10/2021,160.68,163.22,159.93,163.1,50660000
7/10/2021,164.58,166.29,164.15,165.12,48182000
8/10/2021,165.85,166.07,164.41,164.43,39964000
11/10/2021,163.75,164.63,161.9,162.32,40684000
12/10/2021,162.85,163.38,161.81,162.37,36392000
13/10/2021,163.49,164.42,163.05,164.21,48402000
14/10/2021,165.12,165.63,164.54,164.99,42190000
15/10/2021,165.57,170.52,165.2,170.45,103598000
18/10/2021,169.42,172.46,169.26,172.34,63482000
19/10/2021,171.71,172.73,171.1,172.21,47722000
20/10/2021,172.63,173.14,170.02,170.75,42796000
21/10/2021,170.71,172.01,170.15,171.75,37628000
22/10/2021,171.05,171.49,166.57,166.78,62782000
25/10/2021,166.75,167.39,164.88,166.02,44520000
26/10/2021,167.48,170.81,167.2,168.8,53966000
27/10/2021,169.4,171.85,168.57,169.62,54044000
28/10/2021,170.1,173.95,169.3,172.33,114174000
29/10/2021,165,168.74,163.67,168.62,129722000
1/11/2021,168.09,168.79,164.6,165.91,72178000
2/11/2021,165.75,166.56,164.18,165.64,52552000
3/11/2021,165.45,169.75,164.88,169.2,67944000
4/11/2021,168.5,174.93,168.25,173.85,107060000
5/11/2021,173.85,178.31,173.85,175.95,99940000
8/11/2021,176.16,178.95,174.39,174.45,61480000
9/11/2021,175.76,179.69,175.07,178.81,85898000
10/11/2021,178.19,180.27,173.15,174.1,80548000
11/11/2021,175.65,177.16,173.37,173.62,45288000
12/11/2021,174.25,177.04,172.35,176.26,53788000
15/11/2021,176.85,179.69,176.29,177.28,58594000
16/11/2021,176.95,178.82,176.26,177.04,44342000
17/11/2021,178.24,179.36,177.27,177.45,51206000
18/11/2021,178.32,185.21,178.05,184.8,114070000
19/11/2021,185.63,188.11,183.79,183.83,98734000
22/11/2021,183.82,185.67,178.38,178.63,96844000
23/11/2021,179.25,181.05,176.39,179,73804000
24/11/2021,178.13,180.68,176.84,179.02,46560000
26/11/2021,180.1,181.68,175.21,175.23,59826000
29/11/2021,177.38,179.8,176.57,178.08,65312000
30/11/2021,178.18,179.29,174.6,175.35,80022000
1/12/2021,177.25,177.99,172.08,172.19,74916000
2/12/2021,173,174.63,171.19,171.87,64726000
3/12/2021,172.75,173.49,166.93,169.49,80712000
6/12/2021,169.65,173.7,166.93,171.37,68860000
7/12/2021,174.6,177.5,173.33,176.16,66410000
8/12/2021,176.15,177.18,174.75,176.16,45254000
9/12/2021,175.75,176.97,174.14,174.17,46062000
10/12/2021,175.42,175.93,170.5,172.21,60690000
13/12/2021,172,172.1,169.13,169.57,62170000
14/12/2021,167.55,169.5,166.44,169.09,55976000
15/12/2021,168.6,173.6,165.2,173.32,75794000
16/12/2021,173.37,174.17,168.16,168.87,60876000
17/12/2021,167.71,170.9,165.61,170.02,85542000
20/12/2021,166.85,167.87,165.6,167.08,57372000
21/12/2021,167.85,170.72,165.65,170.42,55956000
22/12/2021,169.27,172.05,168.5,171.04,55036000
23/12/2021,170.43,171.98,170.15,171.07,36788000
27/12/2021,171.04,172.94,169.22,169.67,58688000
28/12/2021,170.18,172.18,169.14,170.66,54638000
29/12/2021,170.84,171.21,168.6,169.2,35754000
30/12/2021,169.7,170.89,168.52,168.64,37584000
31/12/2021,168.96,169.35,166.56,166.72,47830000
3/1/2022,167.55,170.7,166.16,170.4,63520000
4/1/2022,170.44,171.4,166.35,167.52,70726000
5/1/2022,166.88,167.13,164.36,164.36,64302000
6/1/2022,163.45,164.8,161.94,163.25,51958000
7/1/2022,163.84,165.24,162.03,162.55,46606000
10/1/2022,160.59,161.66,156.3,161.49,87798000
11/1/2022,161.5,166.35,160.7,165.36,62806000
12/1/2022,166.57,166.88,164.42,165.21,50030000
13/1/2022,165.25,166.22,161.09,161.21,52188000
14/1/2022,160.15,162.25,159.8,162.14,45974000
18/1/2022,159.1,159.73,157.66,158.92,67292000
19/1/2022,158.76,159.25,156.25,156.3,53242000
20/1/2022,156.77,158,151.35,151.67,71974000
21/1/2022,149.95,150.9,142.07,142.64,163972000
24/1/2022,139,144.95,135.35,144.54,155624000
25/1/2022,142.24,143.6,138.15,139.99,90824000
26/1/2022,144.75,145.18,137.32,138.87,95602000
27/1/2022,140.8,144.24,139.35,139.64,77516000
28/1/2022,140.86,144,137.93,143.98,74392000
31/1/2022,144.75,150.36,144.3,149.57,78308000
1/2/2022,150,151.71,147.63,151.19,59220000
2/2/2022,155.05,155.07,148.86,150.61,87330000
3/2/2022,141.74,144.25,138.33,138.85,225532000
4/2/2022,155.61,161.2,150.61,157.64,253456000
7/2/2022,158.52,162.69,157.25,157.94,102624000
8/2/2022,156.75,161.79,155.55,161.41,76040000
9/2/2022,162.87,163.83,160.25,161.19,68786000
10/2/2022,158.35,160.72,157.75,159,68268000
11/2/2022,158.13,159,152.73,153.29,77100000
14/2/2022,151.75,158.45,151.65,155.17,83230000
15/2/2022,157.61,158.01,154.64,156.51,56440000
16/2/2022,155.79,158.83,154.73,158.1,52704000
17/2/2022,158.15,160.35,154.5,154.65,64032000
18/2/2022,155.5,155.5,150.89,152.6,63604000
22/2/2022,150.48,152.98,148.49,150.2,66128000
23/2/2022,151.65,151.76,144.65,144.83,64244000
24/2/2022,139.84,151.75,139.5,151.36,100786000
25/2/2022,150.55,153.99,149.21,153.79,62396000
28/2/2022,152.43,154.45,150.85,153.56,57684000
1/3/2022,152.73,154.1,149.98,151.14,44874000
2/3/2022,150.85,153,148.75,152.05,47334000
3/3/2022,153.53,153.93,146.86,147.9,65198000
4/3/2022,147.16,147.85,143.81,145.64,60934000
7/3/2022,145.44,146.09,137.42,137.45,86934000
8/3/2022,136.68,140.7,133.57,136.01,91662000
9/3/2022,139.5,140.25,136.83,139.28,82656000
10/3/2022,145.68,148.67,143.98,146.82,135062000
11/3/2022,149.57,149.68,145.37,145.52,68900000
14/3/2022,145.98,147.45,140.88,141.85,74086000
15/3/2022,142.85,147.99,142,147.37,75584000
16/3/2022,148.5,153.15,147.35,153.1,84958000
17/3/2022,152.64,157.5,152.14,157.24,72934000
18/3/2022,156.81,161.59,156.01,161.25,102962000
21/3/2022,161.12,163.08,159.55,161.49,66538000
22/3/2022,161.81,166.17,161.7,164.89,64086000
23/3/2022,163.71,166.37,162.69,163.41,55812000
24/3/2022,163.75,164.12,160.05,163.65,56798000
25/3/2022,164,165.37,162.25,164.77,49032000
28/3/2022,164.98,169.04,164.9,168.99,59854000
29/3/2022,170.38,170.83,167.87,169.32,66154000
30/3/2022,168.51,168.95,165.5,166.3,56168000
31/3/2022,166.45,166.49,162.95,163,59966000
1/4/2022,164.15,165.83,162.32,163.56,57090000
4/4/2022,164.12,168.39,163.21,168.35,49882000
5/4/2022,167.74,168.11,163.27,164.05,53728000
6/4/2022,161.65,162.2,157.25,158.76,79056000
7/4/2022,158.4,160.08,154.51,157.78,68136000
8/4/2022,156.75,157.37,154.23,154.46,46002000
11/4/2022,152.71,154.14,150.53,151.12,52112000
12/4/2022,153.69,155.1,150.38,150.79,55178000
13/4/2022,150.02,156.02,149.6,155.54,53390000
14/4/2022,155.39,155.9,151.47,151.71,51598000
18/4/2022,151.52,154.04,150.25,152.79,46514000
19/4/2022,152.03,158.65,151.55,158.12,54926000
20/4/2022,157.6,157.6,153.6,154,59630000
21/4/2022,154.71,156.74,147.59,148.3,63970000
22/4/2022,148.25,149.62,143.7,144.35,73078000
25/4/2022,144.02,146.22,142.31,146.07,61874000
26/4/2022,144.8,144.86,138.93,139.39,77530000
27/4/2022,140.19,141.95,135.78,138.17,71336000
28/4/2022,142.18,145.94,140.3,144.6,117316000
29/4/2022,129.85,130.76,121.62,124.28,272662000
2/5/2022,122.4,124.67,118.38,124.5,148788000
3/5/2022,124.05,126.22,122.82,124.25,79134000
4/5/2022,123.6,126,119.18,125.93,110746000
5/5/2022,123,123.5,115.07,116.41,144392000
6/5/2022,114.85,119.05,113.08,114.77,124260000
9/5/2022,111.31,114,107.96,108.79,128124000
10/5/2022,111.25,112.64,107.17,108.86,105434000
11/5/2022,108.1,110.16,104.43,105.37,109704000
12/5/2022,102.75,110.78,102.41,106.93,132026000
13/5/2022,109.07,113.18,107.8,113.06,93684000
16/5/2022,113.1,113.99,110.35,110.81,74566000
17/5/2022,113.28,115.8,111.28,115.37,76448000
18/5/2022,111.44,112.85,106.25,107.11,108380000
19/5/2022,106.28,110.03,106.19,107.32,88142000
20/5/2022,109.57,109.9,105.01,107.59,99500000
23/5/2022,108.46,108.82,103.95,107.56,107798000
24/5/2022,104.03,105.4,101.26,104.1,102934000
25/5/2022,103.66,108.18,103.65,106.78,93120000
26/5/2022,107.97,112.67,107.45,111.08,93002000
27/5/2022,113.55,115.19,112.63,115.15,93660000
31/5/2022,116.28,121.99,115.68,120.21,144634000
1/6/2022,122.26,125.18,120.62,121.68,127528000
2/6/2022,121.68,125.61,120.04,125.51,100560000
3/6/2022,124.2,124.4,121.05,122.35,97604000
6/6/2022,125.25,128.99,123.81,124.79,135269000
7/6/2022,122.01,124.1,120.63,123,85156700
8/6/2022,122.61,123.75,120.75,121.18,64926600
9/6/2022,119.99,121.3,116.1,116.15,67029800
10/6/2022,113.42,114.5,109.05,109.65,87266000
13/6/2022,104.19,106.54,101.86,103.67,99277700
14/6/2022,104.19,104.88,101.43,102.31,69728800
15/6/2022,103.86,109.06,103.53,107.67,85011100
16/6/2022,104.47,104.58,102.01,103.66,82186300
17/6/2022,102.8,106.98,102.51,106.22,99772100
21/6/2022,108.2,111.63,103.56,108.68,70901200
22/6/2022,107.43,112.13,107.02,108.95,60040100
23/6/2022,110.39,113,107.93,112.44,64345300
24/6/2022,112.38,116.71,111.43,116.46,69867600
27/6/2022,117.09,117.98,112.7,113.22,62133200
28/6/2022,113.5,114.85,107.04,107.4,74942900
29/6/2022,107.38,110.99,106.91,108.92,66375300
30/6/2022,108.11,108.18,102.52,106.21,97679400
1/7/2022,106.29,109.75,105.85,109.56,73021200
5/7/2022,107.6,114.08,106.32,113.5,76583700
6/7/2022,113.21,115.48,112.01,114.33,66958900
7/7/2022,113.85,116.99,113.49,116.33,57872300
8/7/2022,114.6,116.58,113.69,115.54,45719700
11/7/2022,114.08,114.3,110.87,111.75,53487600
12/7/2022,112.16,113.23,108.34,109.22,54280300
13/7/2022,107.03,111.78,106.01,110.4,61353800
14/7/2022,110.24,111.18,107.58,110.63,51163100
15/7/2022,112.5,115.59,111.59,113.55,84317800
18/7/2022,115,117.24,113.15,113.76,59115400
19/7/2022,115.7,118.95,114.03,118.21,60990000
20/7/2022,118.62,123.48,118.32,122.77,71268300
21/7/2022,123.2,124.85,121.26,124.63,60239900
22/7/2022,125.01,125.5,121.35,122.42,51463800
25/7/2022,122.7,123.64,120.03,121.14,50221300
26/7/2022,115.79,118.15,114.53,114.81,67075100
27/7/2022,117.31,121.9,117.16,120.97,61582000
28/7/2022,121.57,122.84,118.08,122.28,82245500
29/7/2022,134.9,137.65,132.41,134.95,148892900
1/8/2022,134.96,138.83,133.51,135.39,76846900
2/8/2022,134.72,137.44,134.09,134.16,61922400
3/8/2022,136.21,140.49,136.05,139.52,71827800
4/8/2022,140.58,143.56,139.55,142.57,70585000
5/8/2022,140.1,142.86,139.6,140.8,50686900
8/8/2022,142.05,144.23,138.29,139.41,52229000
9/8/2022,138.05,138.95,136.21,137.83,40434700
10/8/2022,142.9,144.6,141.01,142.69,54773800
11/8/2022,143.86,144.49,139.76,140.64,44867300
12/8/2022,142.05,143.57,140.12,143.55,47643500
15/8/2022,142.8,143.76,141.49,143.18,39014600
16/8/2022,143.91,146.57,142,144.78,59102900
17/8/2022,142.69,143.38,140.78,142.1,48149800
18/8/2022,141.32,142.77,140.38,142.3,37458700
19/8/2022,140.47,141.11,137.91,138.23,47792800
22/8/2022,135.72,136.32,132.85,133.22,50461500
23/8/2022,133.41,134.99,132.95,133.62,36252100
24/8/2022,132.75,135.47,132.1,133.8,38627000
25/8/2022,135.26,137.42,134.28,137.28,37496300
26/8/2022,136.55,137.83,130.5,130.75,53322700
29/8/2022,129.9,131.95,128.77,129.79,48101600
30/8/2022,131.25,132.07,126.85,128.73,49203000
31/8/2022,129.45,130.59,126.74,126.77,53648700
1/9/2022,126,128.02,123.66,127.82,56636100
2/9/2022,129.5,131.38,126.39,127.51,57429800
6/9/2022,127.92,128.62,124.74,126.11,43888600
7/9/2022,126.12,129.82,125.4,129.48,47900300
8/9/2022,127.72,130.28,127.1,129.82,43988500
9/9/2022,130.91,133.69,130.76,133.27,49387600
12/9/2022,134.1,136.49,134,136.45,53826900
13/9/2022,131.01,131.4,126.27,126.82,72694000
14/9/2022,127.36,128.84,126.33,128.55,45316800
15/9/2022,127.38,130.37,125.5,126.28,52887200
16/9/2022,122.78,123.87,120.7,123.53,115667800
19/9/2022,122.16,124.71,121.8,124.66,47279700
20/9/2022,123.35,124.4,121.14,122.19,47698400
21/9/2022,122.49,123.76,118.45,118.54,58498900
22/9/2022,117.08,118.79,116.26,117.31,55229200
23/9/2022,116,116.05,112.06,113.78,65126700
26/9/2022,113.3,117.34,113.13,115.15,62723300
27/9/2022,117.2,118.32,113.05,114.41,60094700
28/9/2022,114.38,118.7,113.8,118.01,55763800
29/9/2022,115.6,116.07,113.06,114.8,58969700
30/9/2022,114.08,116.92,112.84,113,59479600
3/10/2022,113.58,116.91,112.45,115.88,50941900
4/10/2022,119.89,123,119.79,121.09,62812600
5/10/2022,118.58,121.75,117.69,120.95,48217500
6/10/2022,120.77,121.53,119.5,120.3,42253800
7/10/2022,118,118.17,113.88,114.56,54678000
10/10/2022,115.1,116.25,112.43,113.67,42339700
11/10/2022,112.71,115.48,110.39,112.21,56432200
12/10/2022,112.49,113.83,111.4,112.9,45728700
13/10/2022,107.88,113.44,105.35,112.53,86868100
14/10/2022,114.1,114.96,106.6,106.9,67737300
17/10/2022,110.11,114.19,110.09,113.79,62782000
18/10/2022,119.06,119.52,114.79,116.36,65607400
19/10/2022,114.71,116.59,113.22,115.07,47198100
20/10/2022,113.83,118.24,113.51,115.25,48795100
21/10/2022,114.79,119.59,114.5,119.32,55660500
24/10/2022,119.98,120.39,116.57,119.82,49531500
25/10/2022,119.65,121.32,118.95,120.6,50934600
26/10/2022,116,119.35,114.76,115.66,68802300
27/10/2022,113.92,114.12,109.77,110.96,129605400
28/10/2022,97.91,103.96,97.66,103.41,223133400
31/10/2022,103.56,104.87,100.74,102.44,99251400
1/11/2022,103.99,104.58,96.06,96.79,153370000
2/11/2022,97.32,97.74,92.01,92.12,135761800
3/11/2022,92.47,93.5,89.02,89.3,136683300
4/11/2022,91.49,92.44,88.04,90.98,129101300
7/11/2022,91.95,92.1,89.04,90.53,77495700
8/11/2022,90.79,91.72,88.23,89.98,88703400
9/11/2022,89.47,89.48,85.87,86.14,90796200
10/11/2022,92.94,98.69,91.65,96.63,173414900
11/11/2022,97.88,101.19,96.66,100.79,111590500
14/11/2022,98.77,100.12,97.29,98.49,99533100
15/11/2022,103.21,103.79,97.34,98.94,111336300
16/11/2022,96.85,98.49,95.54,97.12,87958800
17/11/2022,95.37,96.97,94.03,94.85,82617900
18/11/2022,95.95,95.99,92.48,94.14,72428200
21/11/2022,93.97,95.02,90.59,92.46,84330300
22/11/2022,92.62,93.35,90.87,93.2,62192000
23/11/2022,93.24,94.58,92.83,94.13,59414700
25/11/2022,93.79,94.43,93.07,93.41,35088600
28/11/2022,93.93,96.4,93.43,93.95,74943100
29/11/2022,94.04,94.41,91.44,92.42,65567300
30/11/2022,92.47,96.54,91.53,96.54,102805800
1/12/2022,96.99,97.23,94.92,95.5,68488000
2/12/2022,94.48,95.36,93.78,94.13,72496400
5/12/2022,93.05,94.06,90.82,91.01,71535500
6/12/2022,90.5,91.04,87.9,88.25,75503600
7/12/2022,88.34,89.89,87.48,88.46,68086900
8/12/2022,89.24,90.86,87.88,90.35,73305900
9/12/2022,88.9,90.3,88.63,89.09,67398500
12/12/2022,89.21,90.58,87.87,90.55,61999800
13/12/2022,95.23,96.25,90.52,92.49,100212000
14/12/2022,92.5,93.46,89.87,91.58,70298000
15/12/2022,89.89,89.97,87.47,88.45,84802900
16/12/2022,88.27,89.35,86.73,87.86,146144100
19/12/2022,87.51,87.63,84.51,84.92,83531500
20/12/2022,85.33,86.61,84.33,85.19,74348300
21/12/2022,86.18,87.23,85.21,86.77,59267200
22/12/2022,85.52,85.68,82.25,83.79,81431300
23/12/2022,83.25,85.78,82.93,85.25,57433700
27/12/2022,84.97,85.35,83,83.04,57284000
28/12/2022,82.8,83.48,81.69,81.82,58228600
29/12/2022,82.87,84.55,82.55,84.18,54995900
30/12/2022,83.12,84.05,82.47,84,62401200
3/1/2023,85.46,86.96,84.21,85.82,76706000
4/1/2023,86.55,86.98,83.36,85.14,68885100
5/1/2023,85.33,85.42,83.07,83.12,67930800
6/1/2023,83.03,86.4,81.43,86.08,83303400
9/1/2023,87.46,89.48,87.08,87.36,65266100
10/1/2023,87.57,90.19,87.29,89.87,67756600
11/1/2023,90.93,95.26,90.93,95.09,103126200
12/1/2023,96.93,97.19,93.5,95.27,85254800
13/1/2023,94.18,98.37,94.12,98.12,85549400
17/1/2023,98.68,98.89,95.73,96.05,72755000
18/1/2023,97.25,99.32,95.38,95.46,79570400
19/1/2023,94.74,95.44,92.86,93.68,69002700
20/1/2023,93.86,97.35,93.2,97.25,67481500
23/1/2023,97.56,97.78,95.86,97.52,76501100
24/1/2023,96.93,98.09,96,96.32,66929500
25/1/2023,92.56,97.24,91.52,97.18,94261600
26/1/2023,98.24,99.49,96.92,99.22,68523600
27/1/2023,99.53,103.49,99.53,102.24,87775600
30/1/2023,101.09,101.74,99.01,100.55,70691900
31/1/2023,101.16,103.35,101.14,103.13,66527300
1/2/2023,102.53,106.24,101.24,105.15,80450100
2/2/2023,110.25,114,108.88,112.91,158154200
3/2/2023,105.26,108.78,102.52,103.39,144374800
6/2/2023,102.93,103.95,100.65,102.18,81945200
7/2/2023,101.17,102.41,98.08,102.11,119501300
8/2/2023,102.04,102.67,98.78,100.05,75878300
9/2/2023,101.32,101.78,97.57,98.24,64622500
10/2/2023,97.56,98.82,96.23,97.61,52740100
13/2/2023,97.85,99.68,96.91,99.54,52841500
14/2/2023,98.41,100.92,97.52,99.7,56202900
15/2/2023,99.09,101.17,98.45,101.16,47957600
16/2/2023,99.21,100.63,98.1,98.15,56339200
17/2/2023,97.8,97.94,95.65,97.2,60029400
21/2/2023,95.34,95.61,94.27,94.58,56580400
22/2/2023,95.1,97.01,94.8,95.79,59534100
23/2/2023,96.12,96.43,93.67,95.82,48467000
24/2/2023,93.53,94.14,92.32,93.5,57053800
27/2/2023,94.28,94.78,93.14,93.76,47470300
28/2/2023,93.14,94.69,92.92,94.23,43959300
1/3/2023,93.87,94.68,91.59,92.17,52299500
2/3/2023,91.41,92.23,90.39,92.13,55509400
3/3/2023,92.74,94.94,92.66,94.9,55759600
6/3/2023,95.19,96.55,93.74,93.75,52112400
7/3/2023,94.06,95.09,92.78,93.55,49100700
8/3/2023,93.6,94.17,92.18,93.92,44899100
9/3/2023,93.68,96.21,92.18,92.25,56218700
10/3/2023,92.67,93.57,90.25,90.73,69827500
13/3/2023,89.97,94.02,88.12,92.43,72397100
14/3/2023,93.83,95.07,92.71,94.88,60912700
15/3/2023,93.22,96.67,93.07,96.2,70731800
16/3/2023,95.75,100.99,95.61,100.04,84446900
17/3/2023,99.79,100.66,97.46,98.95,87300200
20/3/2023,98.41,98.48,95.7,97.71,62388900
21/3/2023,98.14,100.85,98,100.61,58597300
22/3/2023,100.45,102.1,98.61,98.7,57475400
23/3/2023,100.43,101.06,97.62,98.71,57559300
24/3/2023,98.07,98.3,96.4,98.13,56095400
27/3/2023,99.07,99.34,97.08,98.04,46721300
28/3/2023,98.11,98.44,96.29,97.24,38720100
29/3/2023,98.69,100.42,98.56,100.25,49783300
30/3/2023,101.55,103.04,101.01,102,53633400
31/3/2023,102.16,103.49,101.95,103.29,56750300
3/4/2023,102.3,103.29,101.43,102.41,41135700
4/4/2023,102.75,104.2,102.11,103.95,48662500
5/4/2023,103.91,103.91,100.75,101.1,45175400
6/4/2023,100.75,102.38,99.8,102.06,43808000
10/4/2023,100.96,102.2,99.57,102.17,37261200
11/4/2023,100.8,101,99.01,99.92,60417800
12/4/2023,100.4,100.51,97.71,97.83,56735000
13/4/2023,98.95,102.57,98.71,102.4,67925100
14/4/2023,102.07,103.2,101.11,102.51,51450500
17/4/2023,103.16,103.73,101.59,102.74,39919500
18/4/2023,103.95,104.2,101.52,102.3,39790500
19/4/2023,101.58,105.12,101.39,104.3,58398900
20/4/2023,103.53,105.25,103.21,103.81,57696900
21/4/2023,106.1,108.15,105.08,106.96,86774200
24/4/2023,107.66,109.23,105.07,106.21,69575600
25/4/2023,104.91,105.45,102.45,102.57,65026800
26/4/2023,105.04,106.62,104.1,104.98,73803800
27/4/2023,108.16,110.86,106.8,109.82,149961200
28/4/2023,107.73,109.48,104.33,105.45,130715900
1/5/2023,104.95,105.23,101.82,102.05,74728100
2/5/2023,101.47,103.9,101.15,103.63,73469400
3/5/2023,103.74,105.96,103.28,103.65,65051900
4/5/2023,104.04,105.39,103.31,104,45345500
5/5/2023,104.27,105.76,103.55,105.66,56951700
8/5/2023,105.04,106.1,104.7,105.83,49430900
9/5/2023,105.48,106.79,105.16,106.62,44089400
10/5/2023,108.1,110.67,108.05,110.19,78627600
11/5/2023,111.03,113.28,110.49,112.18,74924800
12/5/2023,112.16,112.64,109.32,110.26,49852700
15/5/2023,111.15,112.29,109.25,111.2,53011100
16/5/2023,111.05,114.79,111.05,113.4,71472900
17/5/2023,114.89,115.83,114.22,115.5,65655200
18/5/2023,116.69,118.6,116.34,118.15,73174100
19/5/2023,118.16,118.31,115.7,116.25,55056300
22/5/2023,116.77,116.77,114.25,115.01,70741100
23/5/2023,114.27,117.14,113.78,114.99,67576300
24/5/2023,115.35,117.34,115.02,116.75,63487900
25/5/2023,116.63,116.87,114.31,115,66496700
26/5/2023,116.04,121.5,116.02,120.11,96779900
30/5/2023,122.37,122.92,119.86,121.66,64314800
31/5/2023,121.45,122.04,119.17,120.58,72800800
1/6/2023,120.69,123.49,119.93,122.77,54375100
2/6/2023,124.92,126.39,124.02,124.25,61264400
5/6/2023,123.36,125.8,123.03,125.3,47950100
6/6/2023,125.07,127.4,125,126.61,45695200
7/6/2023,127.01,127.37,120.63,121.23,95663300
8/6/2023,123.01,125.63,122.26,124.25,62159300
9/6/2023,124.08,125.8,123.19,123.43,51396000
12/6/2023,124.02,126.78,123.53,126.57,51338000
13/6/2023,128.12,128.41,125.18,126.66,50564800
14/6/2023,126.7,126.95,124.12,126.42,52422500
15/6/2023,125.21,127.69,124.32,127.11,60458500
16/6/2023,127.71,127.9,125.3,125.49,84247100
20/6/2023,124.97,127.25,124.5,125.78,56930100
21/6/2023,125.64,126.73,123.85,124.83,52137700
22/6/2023,125.31,130.33,125.14,130.15,90354600
23/6/2023,129.11,130.84,128.28,129.33,71927800
26/6/2023,129.33,131.49,127.1,127.33,59989300
27/6/2023,128.63,130.09,127.55,129.18,46801000
28/6/2023,128.94,131.48,128.44,129.04,52149500
29/6/2023,128.77,129.26,127.26,127.9,40761000
30/6/2023,129.47,131.25,128.95,130.36,54350700
3/7/2023,130.82,131.85,130.07,130.22,28264800
5/7/2023,130.24,131.4,129.64,130.38,35895400
6/7/2023,128.25,128.73,127.37,128.36,40639900
7/7/2023,128.59,130.97,128.13,129.78,41992300
10/7/2023,129.07,129.28,125.92,127.13,61889300
11/7/2023,127.75,129.77,127.35,128.78,49951500
12/7/2023,130.31,131.26,128.83,130.8,54022800
13/7/2023,134.04,134.67,132.71,134.3,61170900
14/7/2023,134.06,136.65,134.06,134.68,54487100
17/7/2023,134.56,135.62,133.21,133.56,48450200
18/7/2023,132.71,133.86,131.35,132.83,54882900
19/7/2023,133.39,135.99,132.53,135.36,54531000
20/7/2023,134.07,134.79,129.33,129.96,59820600
21/7/2023,131.34,131.37,128.42,130,133307300
24/7/2023,130.31,131.66,128.35,128.8,45591100
25/7/2023,129.31,129.58,128.53,129.13,39236700
26/7/2023,126.51,129.08,126.11,128.15,53910100
27/7/2023,131,132.63,127.79,128.25,52610700
28/7/2023,129.69,133.01,129.33,132.21,46317400
31/7/2023,133.2,133.87,132.38,133.68,41901500
1/8/2023,133.55,133.69,131.62,131.69,42098500
2/8/2023,130.15,130.23,126.82,128.21,51027600
3/8/2023,127.48,129.84,126.41,128.91,88585200
4/8/2023,141.06,143.63,139.32,139.57,153128500
7/8/2023,140.99,142.54,138.95,142.22,71213100
8/8/2023,140.62,140.84,138.42,139.94,51710500
9/8/2023,139.97,140.32,137.1,137.85,50017300
10/8/2023,139.07,140.41,137.49,138.56,58928400
11/8/2023,137.4,139.33,137,138.41,42905800
14/8/2023,138.3,140.59,137.75,140.57,47148700
15/8/2023,140.05,141.28,137.23,137.67,42781500
16/8/2023,137.19,137.27,135.01,135.07,41675900
17/8/2023,135.46,136.09,133.53,133.98,48354100
18/8/2023,131.62,134.07,131.15,133.22,48497700
21/8/2023,133.74,135.19,132.71,134.68,41442500
22/8/2023,135.08,135.65,133.73,134.25,32905400
23/8/2023,134.5,135.95,133.22,135.52,42801000
24/8/2023,136.4,136.78,131.83,131.84,43646300
25/8/2023,132.47,133.87,130.58,133.26,44147500
28/8/2023,133.78,133.95,131.85,133.14,34108400
29/8/2023,133.38,135.14,133.25,134.91,38646100
30/8/2023,134.93,135.68,133.92,135.07,36137000
31/8/2023,135.06,138.79,135,138.01,58781300
1/9/2023,139.46,139.96,136.88,138.12,40991500
5/9/2023,137.73,137.8,135.82,137.27,40636700
6/9/2023,136.32,137.45,134.61,135.36,41785500
7/9/2023,133.9,138.03,133.16,137.85,48498900
8/9/2023,136.86,138.85,136.75,138.23,38348200
11/9/2023,138.75,143.62,138.64,143.1,56764500
12/9/2023,142.32,143,140.61,141.23,42668500
13/9/2023,140.95,144.98,140.87,144.85,60465200
14/9/2023,145.08,145.86,142.95,144.72,64033600
15/9/2023,142.69,143.57,140.09,140.39,102909300
18/9/2023,140.48,141.75,139.22,139.98,42823500
19/9/2023,138.7,138.84,135.56,137.63,61482500
20/9/2023,138.55,139.37,135.2,135.29,46263700
21/9/2023,131.94,132.24,129.31,129.33,70343300
22/9/2023,131.11,132.03,128.52,129.12,59904300
25/9/2023,129.36,131.78,128.77,131.27,46017800
26/9/2023,130.12,130.39,125.28,125.98,73048200
27/9/2023,125.76,127.48,124.13,125.98,66553400
28/9/2023,124.04,126.58,123.04,125.98,54555000
29/9/2023,128.2,129.15,126.32,127.12,62411700
2/10/2023,127.28,130.47,126.54,129.46,48029700
3/10/2023,128.06,128.52,124.25,124.72,51565000
4/10/2023,126.06,127.36,125.68,127,44203900
5/10/2023,126.71,126.73,124.33,125.96,39660600
6/10/2023,124.16,128.45,124.13,127.96,46836700
9/10/2023,126.22,128.79,124.76,128.26,38773700
10/10/2023,128.82,130.74,128.05,129.48,42178600
11/10/2023,129.74,132.05,129.61,131.83,40741800
12/10/2023,132.17,134.48,131.23,132.33,55528600
13/10/2023,132.98,133.31,128.95,129.79,45786600
16/10/2023,130.69,133.07,130.43,132.55,42832900
17/10/2023,130.39,132.58,128.71,131.47,49344600
18/10/2023,129.9,130.67,127.51,128.13,42699500
19/10/2023,130.57,132.24,127.47,128.4,60961400
20/10/2023,128.05,128.17,124.97,125.17,56406400
23/10/2023,124.63,127.88,123.98,126.56,48260000
24/10/2023,127.74,128.8,126.34,128.56,46477400
25/10/2023,126.04,126.34,120.79,121.39,74577500
26/10/2023,120.63,121.64,118.35,119.57,100419500
27/10/2023,126.2,130.02,125.52,127.74,125309300
30/10/2023,129.72,133,128.56,132.71,72485500
31/10/2023,132.75,133.57,131.71,133.09,51589400
1/11/2023,133.96,137.35,133.71,137,61529400
2/11/2023,138.73,138.81,136.47,138.07,52236700
3/11/2023,138.99,139.49,137.45,138.6,44059800
6/11/2023,138.76,140.73,138.36,139.74,44970400
7/11/2023,140.55,143.37,140.5,142.71,53553500
8/11/2023,142.97,143.12,141.22,142.08,44521700
9/11/2023,142.02,142.65,139.84,140.6,36235400
10/11/2023,140.46,143.65,139.91,143.56,49287800
13/11/2023,142.08,143.23,140.67,142.59,35680600
14/11/2023,145,147.26,144.68,145.8,56674600
15/11/2023,147.06,147.29,142.59,143.2,63875700
16/11/2023,140.91,143.32,139.52,142.83,49653500
17/11/2023,142.66,145.23,142.54,145.18,49636700
20/11/2023,145.13,146.63,144.73,146.13,41951200
21/11/2023,143.91,144.05,141.5,143.9,71226000
22/11/2023,144.57,147.74,144.57,146.71,45669100
24/11/2023,146.7,147.2,145.32,146.74,22378400
27/11/2023,147.53,149.26,146.88,147.73,53762400
28/11/2023,146.98,147.6,145.53,147.03,42711700
29/11/2023,147.85,148.54,145.97,146.32,40610900
30/11/2023,144.76,146.93,144.33,146.09,65814000
1/12/2023,146,147.25,145.55,147.03,39951800
4/12/2023,145.25,145.35,142.81,144.84,48294200
5/12/2023,143.55,148.57,143.13,146.88,46822400
6/12/2023,147.58,147.85,144.28,144.52,39679000
7/12/2023,146.15,147.92,145.34,146.88,52352800
8/12/2023,145.48,147.84,145.4,147.42,41906000
11/12/2023,145.66,146.19,143.64,145.89,50907300
12/12/2023,145.52,147.5,145.3,147.48,44944300
13/12/2023,148.12,149.46,146.82,148.84,52766200
14/12/2023,149.93,150.54,145.52,147.42,58400800
15/12/2023,148.38,150.57,147.88,149.97,110089300
18/12/2023,150.56,154.85,150.05,154.07,62512800
19/12/2023,154.4,155.12,152.69,153.79,43171300
20/12/2023,152.9,155.63,151.56,152.12,50322100
21/12/2023,153.3,153.97,152.1,153.84,36305700
22/12/2023,153.77,154.35,152.71,153.42,29514100
26/12/2023,153.56,153.98,153.03,153.41,25067200
27/12/2023,153.56,154.78,153.12,153.34,31434700
28/12/2023,153.72,154.08,152.95,153.38,27057000
29/12/2023,153.1,153.89,151.03,151.94,39823200
2/1/2024,151.54,152.38,148.39,149.93,47339400
3/1/2024,149.2,151.05,148.33,148.47,49425500
4/1/2024,145.59,147.38,144.05,144.57,56039800
5/1/2024,144.69,146.59,144.53,145.24,45153100
8/1/2024,146.74,149.4,146.15,149.1,46757100
9/1/2024,148.33,151.71,148.21,151.37,43812600
10/1/2024,152.06,154.42,151.88,153.73,44421800
11/1/2024,155.04,157.17,153.12,155.18,49072700
12/1/2024,155.39,156.2,154.01,154.62,40484200
16/1/2024,153.53,154.99,152.15,153.16,41384600
17/1/2024,151.49,152.15,149.91,151.71,34953400
18/1/2024,152.77,153.78,151.82,153.5,37850200
19/1/2024,153.83,155.76,152.74,155.34,51651600
22/1/2024,156.89,157.05,153.9,154.78,43687500
23/1/2024,154.85,156.21,153.93,156.02,37986000
24/1/2024,157.8,158.51,156.48,156.87,48547300
25/1/2024,156.95,158.51,154.55,157.75,43638600
26/1/2024,158.42,160.72,157.91,159.12,51047400
29/1/2024,159.34,161.29,158.9,161.26,45270400
30/1/2024,160.7,161.73,158.49,159,45207400
31/1/2024,157,159.01,154.81,155.2,50284400
1/2/2024,155.87,159.76,155.62,159.28,76542400
2/2/2024,169.19,172.5,167.33,171.81,117218300
5/2/2024,170.2,170.55,167.7,170.31,55081300
6/2/2024,169.39,170.71,167.65,169.15,42505500
7/2/2024,169.48,170.88,168.94,170.53,47174100
8/2/2024,169.65,171.43,168.88,169.84,42316500
9/2/2024,170.9,175,170.58,174.45,56986000
12/2/2024,174.8,175.39,171.54,172.34,51050400
13/2/2024,167.73,170.95,165.75,168.64,56345100
14/2/2024,169.21,171.21,168.28,170.98,42815500
15/2/2024,170.58,171.17,167.59,169.8,49855200
16/2/2024,168.74,170.42,167.17,169.51,48107700
20/2/2024,167.83,168.71,165.74,167.08,41980300
21/2/2024,168.94,170.23,167.14,168.59,44420100
22/2/2024,173.1,174.8,171.77,174.58,55392400
23/2/2024,174.28,175.75,173.7,174.99,59715200
26/2/2024,175.7,176.37,174.26,174.73,44368600
27/2/2024,174.08,174.62,172.86,173.54,31141700
28/2/2024,172.44,174.05,172.27,173.16,28180500
29/2/2024,173.01,177.22,172.85,176.76,53805400
1/3/2024,176.75,178.73,176.07,178.22,31981200
4/3/2024,177.53,180.14,177.49,177.58,37381500
5/3/2024,176.93,176.93,173.3,174.12,37228300
6/3/2024,175.54,176.46,173.26,173.51,32090900
7/3/2024,174.83,177.99,173.72,176.82,34063300
8/3/2024,176.44,178.79,174.33,175.35,37893200
11/3/2024,174.31,174.47,171.47,171.96,28484800
12/3/2024,173.5,176.76,171.98,175.39,36610600
13/3/2024,175.9,177.62,175.55,176.56,30772600
14/3/2024,177.69,179.53,176.47,178.75,43705800
15/3/2024,176.64,177.93,173.9,174.42,72147400
18/3/2024,175.8,176.69,174.28,174.48,31250700
19/3/2024,174.22,176.09,173.52,175.9,26880900
20/3/2024,176.14,178.53,174.64,178.15,29947200
21/3/2024,179.99,181.42,178.15,178.15,32824300
22/3/2024,177.75,179.26,176.75,178.87,27995400
25/3/2024,178.01,180.99,177.24,179.71,29815500
26/3/2024,180.15,180.45,177.95,178.3,29659000
27/3/2024,179.88,180,177.31,179.83,33272600
28/3/2024,180.17,181.7,179.26,180.38,38051600
1/4/2024,180.79,183,179.95,180.97,29174500
2/4/2024,179.07,180.79,178.38,180.69,32611500
3/4/2024,179.9,182.87,179.8,182.41,31046600
4/4/2024,184,185.1,180,180,41624300
5/4/2024,182.38,186.27,181.97,185.07,42374000
8/4/2024,186.9,187.29,184.81,185.19,39221300
9/4/2024,187.24,187.34,184.2,185.67,36520100
10/4/2024,182.77,186.27,182.67,185.95,35879200
11/4/2024,186.74,189.77,185.51,189.05,40020700
12/4/2024,187.72,188.38,185.08,186.13,38608800
15/4/2024,187.43,188.69,183,183.62,48052400
16/4/2024,183.27,184.83,182.26,183.32,32891300
17/4/2024,184.31,184.57,179.82,181.28,31359700
18/4/2024,181.47,182.39,178.65,179.22,30723800
19/4/2024,178.74,179,173.44,174.63,56000700
22/4/2024,176.94,178.87,174.56,177.23,37924900
23/4/2024,178.08,179.93,175.98,179.54,37046500
24/4/2024,179.94,180.32,176.18,176.59,34185100
25/4/2024,169.68,173.92,166.32,173.67,49249400
26/4/2024,177.8,180.82,176.13,179.62,43919800
29/4/2024,182.75,183.53,179.39,180.96,54063900
30/4/2024,181.09,182.99,174.8,175,94639800
1/5/2024,181.64,185.15,176.56,179,94645100
2/5/2024,180.85,185.1,179.91,184.72,54303500
3/5/2024,186.99,187.87,185.42,186.21,39172000
6/5/2024,186.28,188.75,184.8,188.7,34725300
7/5/2024,188.92,189.94,187.31,188.76,34048900
8/5/2024,187.44,188.43,186.39,188,26136400
9/5/2024,188.88,191.7,187.44,189.5,43368400
10/5/2024,189.16,189.89,186.93,187.48,34141800
13/5/2024,188,188.31,185.36,186.57,24898600
14/5/2024,183.82,187.72,183.45,187.07,38698200
15/5/2024,185.97,186.72,182.73,185.99,75459900
16/5/2024,185.6,187.31,183.46,183.63,38834500
17/5/2024,183.76,185.3,183.35,184.7,33175700
20/5/2024,184.34,186.67,183.28,183.54,30511800
21/5/2024,182.3,183.26,180.75,183.15,50839100
22/5/2024,183.88,185.22,181.97,183.13,28148800
23/5/2024,183.66,184.76,180.08,181.05,33670200
24/5/2024,181.65,182.44,180.3,180.75,27471600
28/5/2024,179.93,182.24,179.49,182.15,29927000
29/5/2024,181.7,184.08,181.55,182.02,32009300
30/5/2024,181.31,181.34,178.36,179.32,29184700
31/5/2024,178.3,179.21,173.87,176.44,58903900
3/6/2024,177.7,178.7,175.92,178.34,30786600
4/6/2024,177.64,179.82,176.44,179.34,27198400
5/6/2024,180.1,181.5,178.75,181.28,32116400
6/6/2024,181.75,185,181.49,185,31371200
7/6/2024,184.9,186.29,183.36,184.3,28021500
10/6/2024,184.07,187.23,183.79,187.06,34445600
11/6/2024,187.06,187.77,184.54,187.23,27265100
12/6/2024,188.02,188.35,185.43,186.89,33984200
13/6/2024,186.09,187.67,182.67,183.83,39721500
14/6/2024,183.08,183.72,182.23,183.66,25456400
17/6/2024,182.52,185,181.22,184.06,35601900
18/6/2024,183.74,184.29,181.43,182.81,36659200
20/6/2024,182.91,186.51,182.72,186.1,44726800
21/6/2024,187.8,189.28,185.86,189.08,70792500
24/6/2024,189.33,191,185.33,185.57,50610400
25/6/2024,186.81,188.84,185.42,186.34,45366400
26/6/2024,186.92,194.8,186.26,193.61,65103900
27/6/2024,195.01,199.84,194.2,197.85,74397500
28/6/2024,197.73,198.85,192.5,193.25,76930200
1/7/2024,193.49,198.3,192.82,197.2,41192000
2/7/2024,197.28,200.43,195.93,200,45600000
3/7/2024,199.94,200.03,196.76,197.59,31597900
5/7/2024,198.65,200.55,198.17,200,39858900
8/7/2024,200.04,201.2,197.96,199.29,34767300
9/7/2024,199.4,200.57,199.05,199.34,32700100
10/7/2024,200,200.11,197.69,199.79,32883800
11/7/2024,200.09,200.27,192.86,195.05,44565000
12/7/2024,194.8,196.47,193.83,194.49,30598500
15/7/2024,194.56,196.19,190.83,192.72,40683200
16/7/2024,195.59,196.62,192.24,193.02,33994700
17/7/2024,191.35,191.58,185.99,187.93,48076100
18/7/2024,189.59,189.68,181.45,183.75,51043600
19/7/2024,181.14,184.93,180.11,183.13,43081800
22/7/2024,185,185.06,182.48,182.55,39931900
23/7/2024,184.1,189.39,183.56,186.41,47537700
24/7/2024,183.2,185.45,180.41,180.83,41532400
25/7/2024,182.91,183.9,176.8,179.85,44464200
26/7/2024,180.39,183.19,180.24,182.5,29506000
29/7/2024,183.84,184.75,182.38,183.2,33270100
30/7/2024,184.72,185.86,179.38,181.71,39508600
31/7/2024,185.05,187.94,184.46,186.98,41667300
1/8/2024,189.29,190.6,181.87,184.07,70435600
2/8/2024,166.75,168.77,160.55,167.9,141448400
5/8/2024,154.21,162.96,151.61,161.02,83149400
6/8/2024,161.71,165.08,158.54,161.93,59950800
7/8/2024,166.55,167.58,161.43,162.77,48408200
8/8/2024,165.17,166.69,162.55,165.8,44616200
9/8/2024,166.4,168.55,165.85,166.94,36401000
12/8/2024,168.14,168.55,166.11,166.8,30072800
13/8/2024,167.81,171.04,167.1,170.23,39237900
14/8/2024,172.11,172.28,168.86,170.1,28843800
15/8/2024,174.86,177.91,173.99,177.59,51698500
16/8/2024,177.04,178.34,176.26,177.06,31489200
19/8/2024,177.64,178.3,176.16,178.22,31129800
20/8/2024,177.92,179.01,177.43,178.88,26255200
21/8/2024,179.92,182.39,178.89,180.11,35599100
22/8/2024,181.38,181.47,175.68,176.13,32047500
23/8/2024,177.34,178.97,175.24,177.04,29150100
26/8/2024,176.7,177.47,174.3,175.5,22366200
27/8/2024,174.15,174.89,172.25,173.12,29842000
28/8/2024,173.69,173.69,168.92,170.8,29045000
29/8/2024,173.22,174.29,170.81,172.12,26407800
30/8/2024,172.78,178.9,172.6,178.5,43429400
3/9/2024,177.55,178.26,175.26,176.25,37817500
4/9/2024,174.48,175.98,172.54,173.33,30309200
5/9/2024,175,179.88,175,177.89,40170500
6/9/2024,177.24,178.38,171.16,171.39,41466500
9/9/2024,174.53,175.85,173.51,175.4,29037400
10/9/2024,177.49,180.5,176.79,179.55,36233800
11/9/2024,180.1,184.99,175.73,184.52,42564700
12/9/2024,184.8,187.41,183.54,187,33544200
13/9/2024,187,188.5,185.91,186.49,26495400
16/9/2024,185.29,185.81,183.36,184.89,26065500
17/9/2024,186.85,189.45,186.14,186.88,26091700
18/9/2024,186.45,188.8,185.06,186.43,34448100
19/9/2024,190.04,190.99,188.47,189.87,39543200
20/9/2024,190.23,191.84,187.41,191.6,100378600
23/9/2024,191.64,194.45,190.57,193.88,36993100
24/9/2024,194.27,195.37,190.13,193.96,43478900
25/9/2024,193.75,193.95,192.16,192.53,26391100
26/9/2024,194.31,194.53,189.54,191.16,36334900
27/9/2024,190.68,190.9,187.34,187.97,36002300
30/9/2024,187.14,188.49,184.65,186.33,41583900
1/10/2024,184.9,186.19,183.45,185.13,36044900
2/10/2024,184.44,186.6,184.04,184.76,23704100
3/10/2024,183.05,183.44,180.88,181.96,30204300
4/10/2024,185.75,187.6,183.6,186.51,40890300
7/10/2024,182.95,183.6,180.25,180.8,42364200
8/10/2024,181.92,183.09,180.92,182.72,26372100
9/10/2024,182.82,185.85,182.05,185.17,26343100
10/10/2024,187.13,188.13,185.83,186.65,27785000
11/10/2024,186.63,189.93,186.3,188.82,25751600
14/10/2024,189.78,189.83,187.36,187.54,22614400
15/10/2024,187.63,188.41,184.58,187.69,32178900
16/10/2024,187.05,187.78,185.61,186.89,23456800
17/10/2024,188.22,188.94,186,187.53,25039400
18/10/2024,187.15,190.74,186.28,188.99,37417700
21/10/2024,188.05,189.46,186.4,189.07,24639400
22/10/2024,188.35,191.52,186.98,189.7,29650600
23/10/2024,188.85,189.16,183.69,184.71,31937100
24/10/2024,185.25,187.11,183.86,186.38,21647400
25/10/2024,187.85,190.45,187.53,187.83,29362100
28/10/2024,189.57,190.21,188.21,188.39,27930800
29/10/2024,188.58,191.46,187.82,190.83,35690200
30/10/2024,194.7,195.61,192.42,192.73,37707600
31/10/2024,190.51,190.6,185.23,186.4,75146800
1/11/2024,199,200.5,197.02,197.93,99687800
4/11/2024,196.45,197.33,194.31,195.78,38492100
5/11/2024,196.04,199.82,195.99,199.5,30564800
6/11/2024,200.01,207.55,199.14,207.09,72292200
7/11/2024,207.44,212.25,207.19,210.05,52878400
8/11/2024,209.72,209.96,207.44,208.18,36075800
11/11/2024,208.5,209.65,205.59,206.84,35456000
12/11/2024,208.37,209.54,206.01,208.91,38942900
13/11/2024,209.4,215.09,209.14,214.1,46212900
14/11/2024,214.16,215.9,210.88,211.48,42620300
15/11/2024,206.76,207.34,199.61,202.61,86591100
18/11/2024,204.15,204.67,200.95,201.7,36409900
19/11/2024,199.33,205.3,198.78,204.61,31197900
20/11/2024,202.98,203.13,199.45,202.88,32769000
21/11/2024,203.49,203.49,195.75,198.38,58800000
22/11/2024,198.25,199.26,196.75,197.12,31530800
25/11/2024,199.28,201.95,199,201.45,40685700
26/11/2024,201.9,208,201.79,207.86,41673700
27/11/2024,206.98,207.64,205.05,205.74,28061600
29/11/2024,205.83,208.2,204.59,207.89,24892400
2/12/2024,209.96,212.99,209.51,210.71,39523200
3/12/2024,210.31,214.02,209.65,213.44,32214800
4/12/2024,215.96,220,215.75,218.16,48745700
5/12/2024,218.03,222.15,217.3,220.55,41140200
6/12/2024,220.75,227.15,220.6,227.03,44178100
9/12/2024,227.21,230.08,225.67,226.09,46819400
10/12/2024,226.09,229.06,224.2,225.04,31199900
11/12/2024,226.41,231.2,226.26,230.26,35385800
12/12/2024,229.83,231.09,227.63,228.97,28204100
13/12/2024,228.4,230.2,225.86,227.46,28768100
16/12/2024,230.23,233,228.01,232.93,37552100
17/12/2024,232.39,232.73,227.85,231.15,35948100
18/12/2024,230.77,231.4,220.11,220.52,43281400
19/12/2024,224.91,226.09,222.92,223.29,39918700
20/12/2024,219.84,226.21,218.73,224.92,88279200
23/12/2024,225.01,226.88,223.9,225.06,28070000
24/12/2024,226.94,229.14,226.13,229.05,15007500
26/12/2024,228.5,228.5,226.67,227.05,16146700
27/12/2024,225.6,226.03,220.9,223.75,27367100
30/12/2024,220.06,223,218.43,221.3,28321200
