Date,Open,High,Low,Close,Volume
2/1/2013,17.92,18.11,17.85,18.01,102033017
3/1/2013,18.06,18.23,17.95,18.02,93075567
4/1/2013,18.17,18.47,18.12,18.38,110954331
7/1/2013,18.32,18.42,18.2,18.3,66476239
8/1/2013,18.32,18.34,18.04,18.26,67295297
9/1/2013,18.24,18.39,18.15,18.38,81291563
10/1/2013,18.5,18.56,18.27,18.47,73703226
11/1/2013,18.48,18.49,18.34,18.43,51600690
14/1/2013,18.36,18.49,17.99,18.01,114985384
15/1/2013,17.92,18.31,17.74,18.06,157696879
16/1/2013,17.99,18.04,17.78,17.81,81239368
17/1/2013,17.88,17.92,17.71,17.72,88791570
18/1/2013,17.69,17.75,17.47,17.55,129555794
22/1/2013,17.55,17.57,17.32,17.51,152264594
23/1/2013,18.33,18.66,18.33,18.47,237249950
24/1/2013,18.46,18.85,18.44,18.78,135815168
25/1/2013,18.7,18.89,18.69,18.77,89369729
28/1/2013,18.72,18.82,18.63,18.7,65327951
29/1/2013,18.6,18.85,18.59,18.77,70145942
30/1/2013,18.77,18.95,18.75,18.78,69579828
31/1/2013,18.69,18.87,18.69,18.82,65613015
1/2/2013,18.88,19.34,18.88,19.32,150405652
4/2/2013,19.12,19.19,18.89,18.9,122075862
5/2/2013,18.96,19.21,18.92,19.07,75108474
6/2/2013,18.91,19.25,18.89,19.18,83435569
7/2/2013,19.17,19.4,19.07,19.28,114033831
8/2/2013,19.43,19.59,19.42,19.56,121256803
11/2/2013,19.39,19.5,19.27,19.49,87037018
12/2/2013,19.47,19.62,19.41,19.44,74638720
13/2/2013,19.43,19.56,19.43,19.5,48107646
14/2/2013,19.42,19.64,19.37,19.62,69672173
15/2/2013,19.61,19.76,19.6,19.75,109601278
19/2/2013,19.83,20.1,19.81,20.1,117711564
20/2/2013,20.06,20.15,19.72,19.74,110982436
21/2/2013,19.88,20.06,19.71,19.81,140781714
22/2/2013,19.91,19.96,19.77,19.92,82463941
25/2/2013,19.98,20.13,19.69,19.7,92501423
26/2/2013,19.8,19.82,19.54,19.68,88430220
27/2/2013,19.8,20.04,19.7,19.92,81347773
28/2/2013,19.95,20.1,19.95,19.96,90971711
1/3/2013,19.87,20.1,19.83,20.08,87342157
4/3/2013,20.06,20.49,20.05,20.46,111440145
5/3/2013,20.65,20.93,20.65,20.89,162370331
6/3/2013,20.95,21.02,20.64,20.71,115350748
7/3/2013,20.77,20.84,20.66,20.74,82415761
8/3/2013,20.78,20.8,20.55,20.71,116912581
11/3/2013,20.71,20.91,20.71,20.79,64027093
12/3/2013,20.69,20.72,20.51,20.61,80633104
13/3/2013,20.62,20.69,20.48,20.56,65898080
14/3/2013,20.6,20.6,20.36,20.46,66295564
15/3/2013,20.39,20.43,20.26,20.28,124452737
18/3/2013,20.05,20.24,19.96,20.12,73807616
19/3/2013,20.21,20.4,20.09,20.21,84242583
20/3/2013,20.34,20.36,20.21,20.29,58771467
21/3/2013,20.21,20.35,20.17,20.21,59325536
22/3/2013,20.29,20.3,20.17,20.18,59751126
25/3/2013,20.23,20.4,20.1,20.17,68736680
26/3/2013,20.26,20.27,20.12,20.23,47854701
27/3/2013,20.09,20.1,19.96,19.99,86852328
28/3/2013,20.02,20.06,19.76,19.78,91855009
1/4/2013,19.8,19.98,19.76,19.95,72562968
2/4/2013,20.04,20.29,20.02,20.25,81966082
3/4/2013,20.26,20.28,19.94,20.08,69800653
4/4/2013,20.03,20.07,19.71,19.8,98270968
5/4/2013,19.58,19.6,19.34,19.5,137870844
8/4/2013,19.4,19.42,19.14,19.3,113708616
9/4/2013,19.32,19.52,19.26,19.37,86615444
10/4/2013,19.5,19.73,19.33,19.68,79440651
11/4/2013,19.75,19.75,19.53,19.69,81452163
12/4/2013,19.73,19.73,19.5,19.68,65713390
15/4/2013,19.58,19.85,19.35,19.48,98491793
16/4/2013,19.59,19.83,19.52,19.76,69941178
17/4/2013,19.6,19.7,19.38,19.49,81785407
18/4/2013,19.56,19.57,18.96,19.08,133398142
19/4/2013,19.16,20.01,19.08,19.92,232998073
22/4/2013,19.94,20.02,19.3,19.93,115768308
23/4/2013,19.95,20.31,19.93,20.12,92035684
24/4/2013,20.13,20.37,20.12,20.26,73438237
25/4/2013,20.33,20.34,20.12,20.15,79986690
26/4/2013,20.11,20.12,19.84,19.96,99880980
29/4/2013,20.01,20.49,20,20.4,92376959
30/4/2013,20.4,20.61,20.37,20.54,92613843
1/5/2013,20.5,20.54,20.33,20.43,58418148
2/5/2013,20.43,20.79,20.4,20.66,81034603
3/5/2013,20.85,21.09,20.82,21.06,100880714
6/5/2013,21.13,21.47,21.13,21.46,85973045
7/5/2013,21.49,21.52,21.19,21.35,78653713
8/5/2013,21.34,21.77,21.24,21.76,99102072
9/5/2013,21.69,21.91,21.62,21.71,88353936
10/5/2013,21.8,21.93,21.72,21.92,76192522
13/5/2013,21.89,21.98,21.75,21.86,58157173
14/5/2013,21.86,22.13,21.85,22.09,63408784
15/5/2013,22.3,22.82,22.27,22.81,160033605
16/5/2013,22.89,22.91,22.47,22.51,128865215
17/5/2013,22.67,22.75,22.43,22.64,112098604
20/5/2013,22.54,22.93,22.54,22.63,91248746
21/5/2013,22.62,22.71,22.36,22.59,79617311
22/5/2013,22.48,22.65,22.09,22.15,102807910
23/5/2013,21.84,22.17,21.77,21.99,91345105
24/5/2013,21.8,21.89,21.69,21.75,92216359
28/5/2013,22.01,22.22,21.93,21.95,90638467
29/5/2013,21.81,21.87,21.53,21.63,80837869
30/5/2013,21.67,21.89,21.58,21.69,85145956
31/5/2013,21.62,21.84,21.61,21.7,79071272
3/6/2013,21.74,21.77,21.3,21.61,99399181
4/6/2013,21.62,21.68,21.27,21.4,75024159
5/6/2013,21.48,21.66,21.35,21.41,84587872
6/6/2013,21.53,21.58,21.1,21.54,103550684
7/6/2013,21.68,21.92,21.55,21.91,107385002
10/6/2013,21.97,22.19,21.92,22.17,93862506
11/6/2013,22.02,22.09,21.91,21.91,70567517
12/6/2013,22.05,22.07,21.66,21.72,88522565
13/6/2013,21.64,21.91,21.56,21.84,83106340
14/6/2013,21.92,22.03,21.77,21.79,90136592
17/6/2013,21.9,22.15,21.88,22.07,86173794
18/6/2013,22.13,22.44,22.13,22.43,87000883
19/6/2013,22.45,22.69,22.35,22.43,117073180
20/6/2013,22.27,22.44,22,22.04,135385563
21/6/2013,22.13,22.16,21.75,21.94,159889066
24/6/2013,21.72,21.83,21.5,21.66,121128323
25/6/2013,21.85,21.91,21.53,21.57,102510801
26/6/2013,21.76,21.87,21.68,21.76,73530581
27/6/2013,21.89,22.03,21.83,21.84,77348840
28/6/2013,21.79,21.96,21.77,21.93,94324230
1/7/2013,22.08,22.22,22.04,22.11,69250599
2/7/2013,22.17,22.19,21.85,21.98,75943592
3/7/2013,21.92,22.15,21.88,22.08,42036977
5/7/2013,22.17,22.3,22.1,22.25,68331166
8/7/2013,22.4,22.57,22.34,22.54,79075287
9/7/2013,22.69,22.74,22.37,22.55,79472771
10/7/2013,22.5,22.69,22.43,22.57,68592140
11/7/2013,22.74,22.93,22.63,22.92,103755449
12/7/2013,22.91,22.99,22.8,22.99,103113050
15/7/2013,23.02,23.11,22.82,23.03,78713937
16/7/2013,23.09,23.11,22.76,22.9,79617311
17/7/2013,22.94,23.08,22.82,22.88,60469809
18/7/2013,22.89,22.91,22.5,22.68,145924920
19/7/2013,22.08,22.49,21.81,22.33,295475379
22/7/2013,22.47,22.73,22.34,22.68,116563276
23/7/2013,22.68,22.74,22.41,22.51,82134711
24/7/2013,22.6,22.67,22.43,22.49,83451629
25/7/2013,22.26,22.34,22.07,22.11,120493954
26/7/2013,22.09,22.17,21.97,22.05,71374530
29/7/2013,22.04,22.29,21.94,21.97,75959652
30/7/2013,22.05,22.31,21.94,22.19,70487217
31/7/2013,22.24,22.33,22.07,22.11,87265872
1/8/2013,22.29,22.53,22.29,22.52,85856610
2/8/2013,22.5,22.59,22.44,22.58,68812965
5/8/2013,22.55,22.55,22.4,22.54,52584363
6/8/2013,22.53,22.66,22.31,22.33,60469809
7/8/2013,22.29,22.38,22.14,22.18,55374783
8/8/2013,22.3,22.31,22.05,22.23,59743096
9/8/2013,22.18,22.3,22.17,22.18,53146462
12/8/2013,22.09,22.09,21.96,22.06,55286453
13/8/2013,22.09,22.13,21.82,21.95,57004870
14/8/2013,21.88,21.92,21.6,21.66,83600184
15/8/2013,21.53,21.54,21.37,21.41,75048249
16/8/2013,21.45,21.48,21.33,21.34,67255147
19/8/2013,21.36,21.72,21.36,21.56,72707508
20/8/2013,21.63,21.72,21.51,21.55,49504863
21/8/2013,21.68,21.84,21.58,21.65,70555472
22/8/2013,21.74,21.79,21.68,21.76,34926424
23/8/2013,21.86,21.87,21.66,21.67,43245489
26/8/2013,21.67,21.79,21.57,21.58,42257801
27/8/2013,21.41,21.51,21.12,21.17,69623993
28/8/2013,21.18,21.31,21.12,21.13,53395392
29/8/2013,21.15,21.43,21.14,21.31,59361671
30/8/2013,21.31,21.37,21.06,21.09,74743109
3/9/2013,21.28,21.57,21.27,21.43,82210996
4/9/2013,21.43,21.76,21.3,21.71,81954037
5/9/2013,21.76,21.91,21.71,21.91,51845604
6/9/2013,21.98,22.01,21.76,21.91,62698130
9/9/2013,22.01,22.16,21.98,22.12,49569103
10/9/2013,22.17,22.22,22.02,22.13,51697050
11/9/2013,22.13,22.34,22.07,22.32,64665477
12/9/2013,22.35,22.36,22.17,22.24,43984248
13/9/2013,22.28,22.31,22.04,22.14,53214717
16/9/2013,22.32,22.34,22.04,22.11,53660381
17/9/2013,22.1,22.13,21.94,22.07,50564822
18/9/2013,22.08,22.51,21.99,22.5,77678069
19/9/2013,22.57,22.57,22.3,22.38,64155573
20/9/2013,22.38,22.52,22.31,22.49,174463490
23/9/2013,22.32,22.46,22.05,22.08,71362485
24/9/2013,22.08,22.17,21.95,22.09,59694916
25/9/2013,22.08,22.08,21.81,21.85,66207234
26/9/2013,21.88,21.99,21.79,21.87,50584897
27/9/2013,21.79,21.86,21.7,21.83,50540732
30/9/2013,21.65,21.94,21.63,21.82,69154239
1/10/2013,21.92,22.11,21.92,22.09,67644602
2/10/2013,21.99,22.15,21.86,22.12,60036190
3/10/2013,22.12,22.27,21.72,21.82,84997401
4/10/2013,21.79,21.86,21.67,21.73,54523605
7/10/2013,21.61,21.77,21.52,21.56,51937949
8/10/2013,21.55,21.57,21.21,21.26,78039419
9/10/2013,21.33,21.49,21,21.32,106449509
10/10/2013,21.52,21.64,21.42,21.62,90550137
11/10/2013,21.57,21.76,21.55,21.72,56567236
14/10/2013,21.59,21.82,21.55,21.82,49930453
15/10/2013,21.81,22.06,21.77,21.97,63914673
16/10/2013,22.06,22.37,22.02,22.37,80604999
17/10/2013,22.24,22.34,22.06,22.14,170902191
18/10/2013,24.32,25.29,24.26,25.19,464390148
21/10/2013,25.19,25.38,24.9,24.99,145675990
22/10/2013,25.03,25.23,24.8,25.08,88675135
23/10/2013,24.93,25.77,24.92,25.69,106927293
24/10/2013,25.7,25.92,25.52,25.54,83997668
25/10/2013,25.62,25.62,25.17,25.29,81524432
28/10/2013,25.29,25.49,25.23,25.28,46521724
29/10/2013,25.38,25.83,25.24,25.81,64440637
30/10/2013,25.84,25.84,25.55,25.66,53162522
31/10/2013,25.63,25.94,25.5,25.67,65845885
1/11/2013,25.7,25.8,25.53,25.58,51524405
4/11/2013,25.69,25.71,25.46,25.56,45722740
5/11/2013,25.41,25.69,25.34,25.44,47433127
6/11/2013,25.54,25.58,25.29,25.47,36652871
7/11/2013,25.47,25.5,25.1,25.1,67435822
8/11/2013,25.12,25.37,25.12,25.31,51825529
11/11/2013,25.14,25.3,25.11,25.17,44670812
12/11/2013,25.1,25.34,25.03,25.2,48906630
13/11/2013,25.07,25.72,25.07,25.72,63412799
14/11/2013,25.75,25.9,25.66,25.78,46842923
15/11/2013,25.78,25.85,25.66,25.74,51243355
18/11/2013,25.8,26.12,25.63,25.69,70651832
19/11/2013,25.7,25.77,25.48,25.53,45433661
20/11/2013,25.65,25.74,25.41,25.46,38692487
21/11/2013,25.58,25.86,25.55,25.76,43835693
22/11/2013,25.74,25.81,25.63,25.7,50356042
25/11/2013,25.83,26.23,25.78,26.05,64761837
26/11/2013,26.12,26.44,25.98,26.36,91794785
27/11/2013,26.45,26.6,26.4,26.48,45112461
29/11/2013,26.45,26.57,26.39,26.39,47890836
2/12/2013,26.49,26.56,26.17,26.26,55133884
3/12/2013,26.18,26.49,26.13,26.23,67295297
4/12/2013,26.19,26.5,26.15,26.36,47842656
5/12/2013,26.33,26.39,26.18,26.33,45517975
6/12/2013,26.64,26.65,26.4,26.65,57366220
9/12/2013,26.67,26.96,26.6,26.85,59526286
10/12/2013,26.8,27.21,26.79,27.02,74433955
11/12/2013,27.08,27.18,26.78,26.83,68728650
12/12/2013,26.89,26.97,26.63,26.65,64099363
13/12/2013,26.78,26.81,26.35,26.42,86820208
16/12/2013,26.5,26.77,26.45,26.72,64320188
17/12/2013,26.72,26.92,26.61,26.65,61658247
18/12/2013,26.7,27.02,26.38,27.02,88743390
19/12/2013,26.92,27.2,26.88,27.05,66877738
20/12/2013,27.11,27.43,27.1,27.41,130953011
23/12/2013,27.59,27.79,27.52,27.77,69122119
24/12/2013,27.77,27.78,27.6,27.69,29478078
26/12/2013,27.75,27.87,27.61,27.83,53712576
27/12/2013,27.9,27.9,27.72,27.86,63023345
30/12/2013,27.9,27.91,27.62,27.63,49629328
31/12/2013,27.7,27.92,27.55,27.91,54519590
2/1/2014,27.78,27.84,27.6,27.72,73129082
3/1/2014,27.77,27.82,27.52,27.52,66917888
6/1/2014,27.72,27.87,27.56,27.83,71037271
7/1/2014,28.02,28.39,27.92,28.37,102486711
8/1/2014,28.54,28.58,28.23,28.42,90036218
9/1/2014,28.48,28.5,28.03,28.15,83692529
10/1/2014,28.37,28.37,27.95,28.15,86061375
13/1/2014,28.06,28.57,27.82,27.97,97118665
14/1/2014,28.34,28.67,28.1,28.63,99676216
15/1/2014,28.72,28.77,28.49,28.61,78300393
16/1/2014,28.62,28.84,28.59,28.8,67608467
17/1/2014,28.81,28.91,28.5,28.66,108457005
21/1/2014,28.91,28.99,28.68,28.98,79492846
22/1/2014,29.06,29.09,28.86,29.02,63091600
23/1/2014,28.89,28.95,28.75,28.89,78256228
24/1/2014,28.67,28.73,27.97,27.99,156283602
27/1/2014,28.05,28.06,26.96,27.43,174796734
28/1/2014,27.65,28.04,27.64,27.97,88739375
29/1/2014,27.87,27.94,27.38,27.57,95552818
30/1/2014,28.52,28.7,28.08,28.28,204419353
31/1/2014,29.17,29.55,28.67,29.41,223486554
3/2/2014,29.37,29.43,28.19,28.23,183449044
4/2/2014,28.34,28.77,28.32,28.35,112897588
5/2/2014,28.48,28.66,28.1,28.47,96139007
6/2/2014,28.67,28.9,28.58,28.89,78155853
7/2/2014,29.08,29.34,28.91,29.33,105843245
10/2/2014,29.19,29.45,29.12,29.21,78099643
11/2/2014,29.39,29.69,29.2,29.64,82339476
12/2/2014,29.61,29.64,29.42,29.56,69238554
13/2/2014,29.41,29.89,29.38,29.89,73731331
14/2/2014,29.78,30,29.71,29.96,87795852
18/2/2014,29.92,30.21,29.89,30.16,84672187
19/2/2014,30.02,30.12,29.83,29.95,84459392
20/2/2014,29.97,30.06,29.89,29.99,68287001
21/2/2014,30.08,30.13,29.96,29.98,74771214
24/2/2014,30.02,30.39,30.01,30.2,67223027
25/2/2014,30.28,30.5,30.15,30.39,57763704
26/2/2014,30.49,30.61,30.23,30.39,79585191
27/2/2014,30.35,30.49,30.31,30.37,50588912
28/2/2014,30.39,30.49,30.04,30.28,92890878
3/3/2014,30.06,30.08,29.69,29.95,84507572
4/3/2014,30.26,30.29,30.12,30.26,58928052
5/3/2014,30.26,30.46,30.17,30.34,49597208
6/3/2014,30.44,30.54,30.35,30.38,50914126
7/3/2014,30.56,30.56,30.17,30.26,60831159
10/3/2014,30.28,30.33,29.99,30.18,48766105
11/3/2014,30.23,30.24,29.8,29.89,68776830
12/3/2014,29.8,30.08,29.49,30.07,78866507
13/3/2014,30.09,30.15,29.51,29.62,94175675
14/3/2014,29.44,29.66,29.2,29.21,92099924
17/3/2014,29.37,29.81,29.34,29.69,86808163
18/3/2014,29.76,30.18,29.72,30.17,72872123
19/3/2014,30.18,30.19,29.75,29.87,64757822
20/3/2014,29.89,30.13,29.77,29.82,67640587
21/3/2014,30.05,30.13,29.45,29.47,128821050
24/3/2014,29.49,29.51,28.54,28.84,121939352
25/3/2014,29.04,29.14,28.57,28.86,96769361
26/3/2014,28.94,29.18,28.18,28.19,103586819
27/3/2014,28.32,28.32,27.57,27.85,262719
28/3/2014,27.98,28.24,27.86,27.92,824257
31/3/2014,28.27,28.27,27.77,27.77,216593
1/4/2014,27.86,28.34,27.86,28.28,158434
2/4/2014,29.92,30.16,28.03,28.27,2942055
3/4/2014,28.41,29.28,28.13,28.41,101983228
4/4/2014,28.65,28.81,27.08,27.08,127386783
7/4/2014,26.96,27.35,26.29,26.83,88033033
8/4/2014,27.06,27.67,27.01,27.67,63024560
9/4/2014,27.9,28.19,27.57,28.13,66616395
10/4/2014,28.17,28.17,26.92,26.97,80737057
11/4/2014,26.55,26.93,26.25,26.46,78496923
14/4/2014,26.84,27.13,26.41,26.55,51501009
15/4/2014,26.77,26.85,25.85,26.75,77101101
16/4/2014,27.08,27.77,26.93,27.75,97865955
17/4/2014,27.37,27.4,26.48,26.73,136190888
21/4/2014,26.73,26.76,26.21,26.36,51334553
22/4/2014,26.36,26.79,26.3,26.67,47307527
23/4/2014,26.62,26.62,26.24,26.27,41046384
24/4/2014,26.43,26.51,26.03,26.19,37663121
25/4/2014,26.05,26.16,25.7,25.74,42007014
28/4/2014,25.79,25.86,25.07,25.79,66710653
29/4/2014,25.77,26.4,25.75,26.31,53981801
30/4/2014,26.31,26.33,26.05,26.26,35023895
1/5/2014,26.28,26.57,26.12,26.49,38110345
2/5/2014,26.61,26.63,26.21,26.32,33770463
5/5/2014,26.17,26.37,25.99,26.32,20482080
6/5/2014,26.19,26.27,25.68,25.69,33780490
7/5/2014,25.72,25.76,25.1,25.43,64486563
8/5/2014,25.35,25.79,25.25,25.48,40426688
9/5/2014,25.47,25.92,25.14,25.87,48789585
12/5/2014,26.1,26.44,25.88,26.42,38250730
13/5/2014,26.47,26.73,26.4,26.58,33068541
14/5/2014,26.58,26.58,26.19,26.26,23835261
15/5/2014,26.21,26.22,25.8,25.93,34087331
16/5/2014,26,26.02,25.7,25.96,29705333
19/5/2014,25.91,26.42,25.81,26.37,25555972
20/5/2014,26.41,26.74,26.24,26.42,35695734
21/5/2014,26.57,26.89,26.52,26.87,23925508
22/5/2014,26.98,27.31,26.96,27.18,32316482
23/5/2014,27.29,27.61,27.11,27.56,38643806
27/5/2014,27.72,28.22,27.64,28.22,42083223
28/5/2014,28.15,28.31,27.97,28.01,33040464
29/5/2014,28.09,28.12,27.86,27.93,27082150
30/5/2014,27.96,27.99,27.72,27.92,35422988
2/6/2014,27.96,27.97,27.21,27.62,28700582
3/6/2014,27.47,27.54,27.05,27.17,37332215
4/6/2014,27,27.36,26.86,27.16,36329469
5/6/2014,27.25,27.67,27.15,27.62,33782496
6/6/2014,27.83,27.83,27.37,27.74,34735104
9/6/2014,27.78,28.07,27.73,28.03,29350361
10/6/2014,27.95,28.1,27.82,27.95,27034019
11/6/2014,27.82,27.92,27.68,27.87,22002242
12/6/2014,27.79,27.82,27.35,27.49,29169867
13/6/2014,27.54,27.54,27.2,27.51,24410836
16/6/2014,27.39,27.41,27,27.14,34051232
17/6/2014,27.14,27.19,26.89,27.08,28891103
18/6/2014,27.17,27.6,27.13,27.59,34835379
19/6/2014,27.64,27.67,27.35,27.67,49136535
20/6/2014,27.77,27.8,27.44,27.74,90166875
23/6/2014,27.68,28.17,27.64,28.17,30736155
24/6/2014,28.18,28.55,27.97,28.15,44142862
25/6/2014,28.19,28.92,28.18,28.85,39387843
26/6/2014,28.97,29.04,28.51,28.72,34839390
27/6/2014,28.78,28.91,28.61,28.78,44738493
30/6/2014,28.85,28.9,28.66,28.69,26275943
1/7/2014,28.84,29.14,28.75,29.05,28959290
2/7/2014,29.09,29.19,28.94,29.04,21127848
3/7/2014,29.09,29.17,28.97,29.16,14283107
7/7/2014,29.11,29.24,28.9,29.03,21292298
8/7/2014,28.8,28.9,28.23,28.48,38190565
9/7/2014,28.5,28.76,28.39,28.73,22335153
10/7/2014,28.22,28.75,28.17,28.48,27134293
11/7/2014,28.52,28.96,28.49,28.88,32434806
14/7/2014,29.05,29.18,28.82,29.16,37081529
15/7/2014,29.21,29.21,28.75,29.16,32460877
16/7/2014,29.32,29.34,29.03,29.05,27942506
17/7/2014,28.9,28.97,28.35,28.61,60331186
18/7/2014,29.57,29.76,29.02,29.67,80283816
21/7/2014,29.51,29.64,29.18,29.39,41242922
22/7/2014,29.46,29.9,29.45,29.66,33983045
23/7/2014,29.58,29.81,29.54,29.72,24663528
24/7/2014,29.74,29.89,29.51,29.59,20702684
25/7/2014,29.44,29.51,29.27,29.37,18649061
28/7/2014,29.32,29.54,29.16,29.45,19736037
29/7/2014,29.36,29.4,29.1,29.2,26997920
30/7/2014,29.25,29.39,29.12,29.29,20329662
31/7/2014,28.95,29.1,28.42,28.5,42055146
1/8/2014,28.44,28.72,28.07,28.23,39105069
4/8/2014,28.37,28.69,28.13,28.58,28546159
5/8/2014,28.42,28.52,28.05,28.18,31024946
6/8/2014,28.01,28.46,27.92,28.24,26687069
7/8/2014,28.32,28.42,27.98,28.09,22218835
8/8/2014,28.1,28.43,27.94,28.36,29895854
11/8/2014,28.42,28.45,28.22,28.32,24294518
12/8/2014,28.15,28.22,27.97,28.06,30840441
13/8/2014,28.29,28.67,28.21,28.66,28784812
14/8/2014,28.73,28.82,28.47,28.65,19709966
15/8/2014,28.81,28.89,28.45,28.6,30383189
18/8/2014,28.73,29.15,28.72,29.03,25682318
19/8/2014,29.17,29.29,29.12,29.26,19573592
20/8/2014,29.21,29.25,29.05,29.14,20734771
21/8/2014,29.11,29.14,28.98,29.09,18296094
22/8/2014,29.1,29.18,28.95,29.05,15781209
25/8/2014,29.16,29.17,28.87,28.93,27228551
26/8/2014,28.98,29.01,28.75,28.81,32793789
27/8/2014,28.78,28.85,28.43,28.47,34067276
28/8/2014,28.4,28.58,28.28,28.38,25858801
29/8/2014,28.49,28.52,28.28,28.5,21675347
2/9/2014,28.51,28.81,28.48,28.79,31568434
3/9/2014,28.92,29.07,28.67,28.82,24302540
4/9/2014,28.92,29.22,28.88,29.02,29163850
5/9/2014,29.12,29.25,29.02,29.22,32647388
8/9/2014,29.25,29.51,29.23,29.41,28620362
9/9/2014,29.36,29.37,28.92,28.97,25744488
10/9/2014,29,29.1,28.77,29.08,19547521
11/9/2014,28.94,29.01,28.73,28.99,24420864
12/9/2014,28.97,29,28.64,28.7,32033708
15/9/2014,28.57,28.67,28.33,28.58,31951483
16/9/2014,28.56,29,28.55,28.92,29607064
17/9/2014,28.92,29.3,28.86,29.16,33856699
18/9/2014,29.27,29.4,29.17,29.38,28891103
19/9/2014,29.49,29.74,29.39,29.72,74732617
22/9/2014,29.61,29.62,29.09,29.29,33790518
23/9/2014,29.26,29.26,28.97,28.98,29428575
24/9/2014,28.99,29.4,28.95,29.32,34562632
25/9/2014,29.3,29.32,28.63,28.67,38519466
26/9/2014,28.72,28.88,28.65,28.78,28873054
29/9/2014,28.51,28.83,28.48,28.74,25648224
30/9/2014,28.77,28.91,28.56,28.79,32434806
1/10/2014,28.72,28.8,28.27,28.34,28909153
2/10/2014,28.29,28.52,28.09,28.43,23568530
3/10/2014,28.57,28.78,28.55,28.69,22834521
6/10/2014,28.86,28.97,28.64,28.79,24292512
7/10/2014,28.64,28.68,28.11,28.11,38226664
8/10/2014,28.2,28.62,27.8,28.55,39817018
9/10/2014,28.48,28.5,27.88,27.97,50496258
10/10/2014,27.81,28.18,27.13,27.15,61638766
13/10/2014,27.17,27.4,26.58,26.59,51633371
14/10/2014,26.87,27.28,26.59,26.82,44451708
15/10/2014,26.48,26.57,25.84,26.43,74387672
16/10/2014,25.88,26.4,25.68,26.15,74171079
17/10/2014,26.29,26.48,25.36,25.49,110787334
20/10/2014,25.4,26.02,25.34,25.97,52150788
21/10/2014,26.19,26.27,25.88,26.25,46725935
22/10/2014,26.42,26.92,26.37,26.56,58385859
23/10/2014,26.89,27.29,26.72,27.12,46976621
24/10/2014,27.14,27.17,26.72,26.92,39462046
27/10/2014,26.78,27.15,26.78,26.96,23706909
28/10/2014,27.08,27.37,27.01,27.37,25419598
29/10/2014,27.42,27.63,27.27,27.39,35410955
30/10/2014,27.37,27.56,27.1,27.44,29113713
31/10/2014,27.89,27.9,27.66,27.88,40701440
3/11/2014,27.7,27.82,27.59,27.68,27645693
4/11/2014,27.57,27.7,27.39,27.63,24884132
5/11/2014,27.76,27.76,27.13,27.22,40645286
6/11/2014,27.2,27.27,26.97,27.03,26665008
7/11/2014,27.24,27.24,26.86,26.98,32675465
10/11/2014,27,27.4,26.98,27.3,22692131
11/11/2014,27.35,27.52,27.24,27.44,19310873
12/11/2014,27.44,27.45,27.18,27.29,22593862
13/11/2014,27.41,27.41,27.1,27.19,26787343
14/11/2014,27.26,27.26,27.03,27.15,25790614
17/11/2014,27.1,27.12,26.63,26.75,34520517
18/11/2014,26.8,27.02,26.64,26.68,39253475
19/11/2014,26.68,26.84,26.43,26.78,27844237
20/11/2014,26.49,26.68,26.48,26.67,31267610
21/11/2014,27.01,27.03,26.75,26.8,44485801
24/11/2014,26.81,27.06,26.71,26.89,34127440
25/11/2014,26.88,27.12,26.86,26.98,35798014
26/11/2014,26.97,27,26.78,26.94,30459397
28/11/2014,26.96,27.03,26.76,27.02,22966883
1/12/2014,26.87,27,26.52,26.62,42307838
2/12/2014,26.6,26.7,26.42,26.61,30533600
3/12/2014,26.5,26.73,26.39,26.49,25559983
4/12/2014,26.49,26.79,26.36,26.79,27842232
5/12/2014,26.48,26.57,26.14,26.19,51312493
8/12/2014,26.28,26.48,26.12,26.28,46587556
9/12/2014,26.04,26.64,25.95,26.6,37426473
10/12/2014,26.58,26.74,26.21,26.23,34245764
11/12/2014,26.32,26.62,26.28,26.34,32216207
12/12/2014,26.1,26.35,25.86,25.86,39891221
15/12/2014,26.07,26.08,25.59,25.62,56268061
16/12/2014,25.51,25.58,24.38,24.7,79285081
17/12/2014,24.78,25.28,24.77,25.18,57663883
18/12/2014,25.58,25.62,25.17,25.49,58534266
19/12/2014,25.51,25.82,25.28,25.75,73804074
22/12/2014,25.73,26.25,25.73,26.17,54475152
23/12/2014,26.28,26.65,26.24,26.46,43952341
24/12/2014,26.45,26.52,26.28,26.37,14118657
26/12/2014,26.37,26.64,26.29,26.63,20810980
29/12/2014,26.54,26.7,26.43,26.44,45570772
30/12/2014,26.33,26.48,26.28,26.45,17525986
31/12/2014,26.49,26.56,26.22,26.25,27364925
2/1/2015,26.38,26.49,26.13,26.17,28951268
5/1/2015,26.09,26.14,25.58,25.62,41196796
6/1/2015,25.68,25.74,24.98,25.03,57998800
7/1/2015,25.28,25.29,24.91,24.99,41301082
8/1/2015,24.83,25.11,24.48,25.07,67071641
9/1/2015,25.17,25.18,24.67,24.74,41427428
12/1/2015,24.68,24.73,24.31,24.56,46535413
13/1/2015,24.87,25.08,24.55,24.74,47409807
14/1/2015,24.66,25.09,24.58,24.97,44714427
15/1/2015,25.21,25.21,24.82,25.02,54316718
16/1/2015,24.93,25.34,24.93,25.33,45965854
20/1/2015,25.48,25.55,25.23,25.28,44640224
21/1/2015,25.29,25.89,25.24,25.83,45374234
22/1/2015,26,26.74,25.91,26.65,53538588
23/1/2015,26.71,27.03,26.58,26.92,45634948
26/1/2015,26.85,26.88,26.41,26.69,30874534
27/1/2015,26.43,26.46,25.84,25.86,38080263
28/1/2015,26.07,26.08,25.43,25.43,33676205
29/1/2015,25.48,25.48,24.99,25.46,83727244
30/1/2015,25.72,26.92,25.71,26.65,112127002
2/2/2015,26.51,26.58,25.86,26.35,56996054
3/2/2015,26.33,26.6,26.09,26.39,40773638
4/2/2015,26.39,26.56,25.99,26.07,33273101
5/2/2015,26.12,26.35,26.03,26.31,36995292
6/2/2015,26.31,26.79,26.25,26.48,35270570
9/2/2015,26.33,26.53,26.23,26.32,25355423
10/2/2015,26.39,26.81,26.27,26.77,34997823
11/2/2015,26.69,26.85,26.6,26.73,27555446
12/2/2015,26.79,27.17,26.66,27.07,32404724
13/2/2015,27.09,27.42,27.08,27.38,38006060
17/2/2015,27.27,27.42,26.98,27.07,32336537
18/2/2015,27,27.2,26.8,26.91,29061570
19/2/2015,26.83,27.08,26.83,27.07,19782163
20/2/2015,27.08,27.11,26.72,26.87,28887092
23/2/2015,26.73,26.75,26.4,26.52,29157834
24/2/2015,26.43,26.77,26.34,26.73,20101036
25/2/2015,26.72,27.24,26.7,27.12,36519991
26/2/2015,27.09,27.73,27,27.7,46230579
27/2/2015,27.64,28.16,27.57,27.84,48203982
2/3/2015,27.95,28.53,27.86,28.49,42592618
3/3/2015,28.44,28.69,28.25,28.6,34095352
4/3/2015,28.52,28.78,28.32,28.59,37536775
5/3/2015,28.67,28.82,28.59,28.69,27792094
6/3/2015,28.67,28.76,28.26,28.31,33182854
9/3/2015,28.27,28.44,28.1,28.36,21242161
10/3/2015,28.14,28.17,27.66,27.67,35846146
11/3/2015,27.68,27.83,27.46,27.48,36415706
12/3/2015,27.6,27.74,27.45,27.7,27792094
13/3/2015,27.6,27.84,27.14,27.29,34071287
16/3/2015,27.47,27.77,27.23,27.65,32819860
17/3/2015,27.51,27.61,27.32,27.47,36110871
18/3/2015,27.55,27.91,27.28,27.9,42690887
19/3/2015,27.89,27.96,27.73,27.82,23945563
20/3/2015,28.01,28.01,27.88,27.94,52337299
23/3/2015,27.94,28.04,27.72,27.86,32876014
24/3/2015,28.05,28.65,27.98,28.43,51665459
25/3/2015,28.45,28.53,27.86,27.86,43045859
26/3/2015,27.8,27.87,27.46,27.68,31452115
27/3/2015,27.57,27.69,27.33,27.34,37949906
30/3/2015,27.51,27.6,27.33,27.53,25750504
31/3/2015,27.42,27.66,27.26,27.32,31760961
1/4/2015,27.35,27.48,26.9,27.05,39261497
2/4/2015,26.97,26.97,26.62,26.7,34327989
6/4/2015,26.54,26.85,26.41,26.76,26488525
7/4/2015,26.83,27.06,26.73,26.78,26057345
8/4/2015,26.85,27.12,26.85,27.01,23570536
9/4/2015,26.98,27.02,26.7,26.96,31157308
10/4/2015,27.04,27.04,26.79,26.93,28189181
13/4/2015,26.85,27.13,26.79,26.88,32906096
14/4/2015,26.74,26.8,26.33,26.45,52082601
15/4/2015,26.36,26.66,26.09,26.55,46376979
16/4/2015,26.42,26.71,26.41,26.62,25997180
17/4/2015,26.36,26.42,25.98,26.13,43037837
20/4/2015,26.21,26.73,26.15,26.7,33585958
21/4/2015,26.8,26.9,26.61,26.63,36895018
22/4/2015,26.65,26.98,26.51,26.89,31871263
23/4/2015,26.98,27.47,26.94,27.28,83697161
24/4/2015,28.23,28.48,27.79,28.18,98650102
27/4/2015,28.17,28.3,27.66,27.77,47960000
28/4/2015,27.73,27.8,27.52,27.68,29820000
29/4/2015,27.52,27.68,27.35,27.45,33976000
30/4/2015,27.39,27.43,26.75,26.87,41644000
1/5/2015,26.92,26.98,26.6,26.9,35364000
4/5/2015,26.93,27.2,26.75,27.04,26160000
5/5/2015,26.91,26.99,26.52,26.54,27662000
6/5/2015,26.56,26.62,26.05,26.21,31340000
7/5/2015,26.2,26.67,26.09,26.53,30926000
8/5/2015,26.83,27.06,26.25,26.91,30552000
11/5/2015,26.92,27.1,26.77,26.78,18106000
12/5/2015,26.58,26.66,26.26,26.45,32684000
13/5/2015,26.53,26.72,26.43,26.48,25046000
14/5/2015,26.69,26.95,26.62,26.92,28078000
15/5/2015,26.96,26.96,26.52,26.69,39426000
18/5/2015,26.6,26.74,26.44,26.61,40068000
19/5/2015,26.7,27.03,26.65,26.87,39338000
20/5/2015,26.92,27.15,26.65,26.96,28616000
21/5/2015,26.9,27.19,26.8,27.13,29254000
22/5/2015,27.01,27.21,26.98,27.01,23524000
26/5/2015,26.91,26.95,26.49,26.62,48130000
27/5/2015,26.64,27.03,26.59,26.99,30500000
28/5/2015,26.9,27.03,26.81,26.99,20596000
29/5/2015,26.87,26.93,26.57,26.61,51948000
1/6/2015,26.84,26.84,26.49,26.7,38086000
2/6/2015,26.65,27.15,26.57,26.96,38780000
3/6/2015,27,27.17,26.86,27.02,34340000
4/6/2015,26.89,27.03,26.72,26.83,26966000
5/6/2015,26.82,26.86,26.63,26.67,27764000
8/6/2015,26.67,26.71,26.31,26.34,30412000
9/6/2015,26.38,26.46,26.15,26.33,29106000
10/6/2015,26.47,26.92,26.47,26.83,36300000
11/6/2015,26.92,26.95,26.65,26.73,24350000
12/6/2015,26.58,26.66,26.51,26.62,19116000
15/6/2015,26.4,26.42,26.2,26.36,32654000
16/6/2015,26.42,26.48,26.28,26.41,21436000
17/6/2015,26.47,26.55,26.25,26.46,25884000
18/6/2015,26.55,26.91,26.54,26.84,36662000
19/6/2015,26.86,26.91,26.65,26.83,37870000
22/6/2015,26.98,27.19,26.88,26.91,25006000
23/6/2015,26.98,27.07,26.76,27.02,23950000
24/6/2015,27,27,26.78,26.89,25732000
25/6/2015,26.94,27.05,26.76,26.76,26714000
26/6/2015,26.86,26.89,26.57,26.58,42182000
29/6/2015,26.25,26.43,26.03,26.08,38756000
30/6/2015,26.3,26.31,26.02,26.03,44344000
1/7/2015,26.24,26.28,25.91,26.09,39220000
2/7/2015,26.05,26.23,26.05,26.17,24718000
6/7/2015,25.98,26.26,25.95,26.14,25610000
7/7/2015,26.16,26.31,25.76,26.25,31944000
8/7/2015,26.05,26.14,25.81,25.84,25934000
9/7/2015,26.16,26.19,26.02,26.03,36846000
10/7/2015,26.31,26.63,26.28,26.51,39134000
13/7/2015,26.64,27.36,26.62,27.33,44130000
14/7/2015,27.34,28.29,27.34,28.06,64882000
15/7/2015,28.01,28.33,27.84,28.01,35692000
16/7/2015,28.26,29.03,28.25,28.99,95366000
17/7/2015,32.45,33.72,32.25,33.65,223298000
20/7/2015,32.96,33.44,32.65,33.15,117218000
21/7/2015,32.76,33.65,32.72,33.12,67544000
22/7/2015,33.04,33.93,32.95,33.1,78586000
23/7/2015,33.06,33.18,32.05,32.21,60582000
24/7/2015,32.35,32.41,31.13,31.18,72514000
27/7/2015,31.05,31.72,31.02,31.36,53508000
28/7/2015,31.64,31.64,31.17,31.4,34546000
29/7/2015,31.44,31.67,31.13,31.6,31502000
30/7/2015,31.5,31.76,31.1,31.63,29484000
31/7/2015,31.57,31.65,31.27,31.28,34122000
3/8/2015,31.27,31.65,31.27,31.56,26090000
4/8/2015,31.42,31.74,31.36,31.46,29818000
5/8/2015,31.72,32.39,31.66,32.19,46686000
6/8/2015,32.25,32.27,31.61,32.13,31452000
7/8/2015,32.01,32.13,31.49,31.76,28078000
10/8/2015,31.97,32.17,31.56,31.69,36184000
11/8/2015,33.46,33.74,32.71,33.04,100584000
12/8/2015,33.15,33.25,32.61,32.98,58734000
13/8/2015,32.97,33.22,32.58,32.82,36214000
14/8/2015,32.75,32.99,32.63,32.86,21442000
17/8/2015,32.84,33.07,32.56,33.04,21034000
18/8/2015,33.1,33.2,32.67,32.81,29122000
19/8/2015,32.83,33.35,32.71,33.04,42682000
20/8/2015,32.77,33.15,32.15,32.34,57106000
21/8/2015,31.99,32,30.62,30.62,85304000
24/8/2015,28.65,29.97,28.25,29.48,115406000
25/8/2015,30.75,30.87,29.06,29.1,70760000
26/8/2015,30.52,31.59,29.95,31.43,84718000
27/8/2015,31.97,32.18,31.1,31.88,69826000
28/8/2015,31.64,31.84,31.23,31.52,39574000
31/8/2015,31.38,31.79,30.88,30.91,43534000
1/9/2015,30.12,30.64,29.7,29.89,74042000
2/9/2015,30.28,30.72,29.99,30.72,51512000
3/9/2015,30.85,30.99,30.14,30.31,35192000
4/9/2015,30,30.17,29.76,30.03,41780000
8/9/2015,30.62,30.82,30.21,30.73,45590000
9/9/2015,31.06,31.33,30.48,30.64,34042000
10/9/2015,30.66,31.21,30.57,31.07,38106000
11/9/2015,30.99,31.29,30.87,31.29,27470000
14/9/2015,31.28,31.29,30.97,31.16,34046000
15/9/2015,31.33,31.93,31.19,31.76,41688000
16/9/2015,31.77,31.9,31.62,31.8,25730000
17/9/2015,31.89,32.54,31.75,32.15,45494000
18/9/2015,31.84,32,31.35,31.46,102668000
21/9/2015,31.72,31.82,31.3,31.77,35770000
22/9/2015,31.35,31.38,30.77,31.13,51258000
23/9/2015,31.1,31.45,31,31.12,29418000
24/9/2015,30.83,31.37,30.62,31.29,44802000
25/9/2015,31.49,31.49,30.55,30.6,43480000
28/9/2015,30.52,30.73,29.47,29.74,62554000
29/9/2015,29.86,30.25,29.51,29.75,46190000
30/9/2015,30.16,30.44,30.04,30.42,48268000
1/10/2015,30.42,30.6,29.99,30.56,37352000
2/10/2015,30.36,31.37,30.16,31.35,53696000
5/10/2015,31.6,32.15,31.35,32.07,36072000
6/10/2015,31.94,32.46,31.83,32.27,43326000
7/10/2015,32.46,32.53,31.61,32.12,41854000
8/10/2015,32.07,32.22,31.28,31.96,43642000
9/10/2015,32,32.3,31.77,32.18,32974000
12/10/2015,32.1,32.42,31.95,32.33,25504000
13/10/2015,32.16,32.89,32.16,32.62,36154000
14/10/2015,32.66,32.97,32.44,32.56,28310000
15/10/2015,32.73,33.16,32.72,33.09,37714000
16/10/2015,33.21,33.25,32.86,33.11,32222000
19/10/2015,33.06,33.34,32.98,33.31,29546000
20/10/2015,33.2,33.24,32.21,32.51,49964000
21/10/2015,32.71,32.79,32.09,32.13,35822000
22/10/2015,32.33,32.89,32.2,32.59,81420000
23/10/2015,36.38,36.5,35.08,35.1,133078000
26/10/2015,35.08,35.96,35.06,35.64,54332000
27/10/2015,35.37,35.68,35.23,35.42,44916000
28/10/2015,35.37,35.65,35.15,35.65,43578000
29/10/2015,35.53,35.91,35.5,35.85,29120000
30/10/2015,35.79,35.9,35.5,35.54,38176000
2/11/2015,35.55,36.08,35.29,36.06,37726000
3/11/2015,35.94,36.23,35.74,36.11,31308000
4/11/2015,36.1,36.65,36.1,36.41,34134000
5/11/2015,36.47,36.97,36.47,36.56,37232000
6/11/2015,36.58,36.77,36.35,36.69,30232000
9/11/2015,36.51,36.74,35.97,36.24,41396000
10/11/2015,36.22,36.53,35.92,36.42,32160000
11/11/2015,36.62,37.05,36.51,36.77,27328000
12/11/2015,36.55,36.89,36.43,36.56,36744000
13/11/2015,36.46,36.56,35.84,35.85,41510000
16/11/2015,35.78,36.47,35.57,36.45,38118000
17/11/2015,36.46,36.59,36.15,36.26,30218000
18/11/2015,36.38,37.07,36.35,37,33686000
19/11/2015,36.94,37.1,36.87,36.92,26542000
20/11/2015,37.33,37.9,37.15,37.83,44246000
23/11/2015,37.87,38.14,37.59,37.8,28290000
24/11/2015,37.6,37.76,36.88,37.41,46662000
25/11/2015,37.41,37.6,37.3,37.41,22442000
27/11/2015,37.42,37.67,37.37,37.51,16770000
30/11/2015,37.44,37.75,37.06,37.13,41952000
1/12/2015,37.36,38.45,37.33,38.35,42692000
2/12/2015,38.44,38.8,37.95,38.12,44608000
3/12/2015,38.3,38.45,37.28,37.63,51812000
4/12/2015,37.65,38.42,37.5,38.34,55146000
7/12/2015,38.39,38.44,37.75,38.16,36246000
8/12/2015,37.89,38.24,37.71,38.12,36590000
9/12/2015,37.96,38.21,36.85,37.58,54000000
10/12/2015,37.64,37.79,37.19,37.47,39768000
11/12/2015,37.06,37.29,36.84,36.94,44488000
14/12/2015,37.09,37.44,36.21,37.39,48250000
15/12/2015,37.65,37.9,37.15,37.17,53324000
16/12/2015,37.5,38.03,36.97,37.9,39866000
17/12/2015,38.12,38.13,37.45,37.47,31068000
18/12/2015,37.33,37.71,36.91,36.97,62974000
21/12/2015,37.31,37.5,37,37.39,30514000
22/12/2015,37.58,37.74,37.28,37.5,27308000
23/12/2015,37.67,37.71,37.2,37.52,31318000
24/12/2015,37.48,37.57,37.33,37.42,10544000
28/12/2015,37.65,38.15,37.48,38.13,30306000
29/12/2015,38.33,39,38.32,38.83,35300000
30/12/2015,38.83,38.88,38.35,38.55,25866000
31/12/2015,38.47,38.47,37.92,37.94,30018000
4/1/2016,37.15,37.2,36.56,37.09,65456000
5/1/2016,37.32,37.6,36.93,37.13,39014000
6/1/2016,36.5,37.36,36.45,37.18,38940000
7/1/2016,36.52,36.92,35.95,36.32,59274000
8/1/2016,36.57,36.66,35.65,35.72,49018000
11/1/2016,35.83,35.94,35.18,35.8,41812000
12/1/2016,36.08,36.44,35.87,36.3,40490000
13/1/2016,36.54,36.74,34.93,35.03,50034000
14/1/2016,35.27,36.1,34.46,35.74,44516000
15/1/2016,34.61,35.34,34.27,34.72,72162000
19/1/2016,35.17,35.5,34.67,35.09,45362000
20/1/2016,34.43,35.34,33.66,34.92,68900000
21/1/2016,35.11,35.96,34.72,35.33,48244000
22/1/2016,36.18,36.41,36.01,36.26,40236000
25/1/2016,36.18,36.48,35.5,35.58,34234000
26/1/2016,35.69,35.91,35.32,35.65,26634000
27/1/2016,35.68,35.91,34.72,35,43884000
28/1/2016,36.11,36.68,35.62,36.55,53528000
29/1/2016,36.58,37.25,36.34,37.15,69486000
1/2/2016,37.52,37.89,37.16,37.6,102784000
2/2/2016,39.22,39.49,38.23,38.23,126962000
3/2/2016,38.51,38.72,36.03,36.35,123420000
4/2/2016,36.14,36.35,35.09,35.4,103374000
5/2/2016,35.19,35.2,34.01,34.18,102114000
8/2/2016,33.39,34.2,33.15,34.14,84948000
9/2/2016,33.62,34.99,33.44,33.91,72178000
10/2/2016,34.34,35.07,34.11,34.21,52760000
11/2/2016,33.75,34.47,33.44,34.16,60480000
12/2/2016,34.51,34.69,33.93,34.12,42828000
16/2/2016,34.65,34.9,34.25,34.55,50400000
17/2/2016,34.9,35.49,34.57,35.42,49852000
18/2/2016,35.5,35.62,34.8,34.87,37664000
19/2/2016,34.75,35.15,34.7,35.05,31786000
22/2/2016,35.37,35.66,35.13,35.32,38996000
23/2/2016,35.07,35.42,34.68,34.79,40186000
24/2/2016,34.45,35,34.04,34.98,39272000
25/2/2016,35,35.3,34.53,35.29,32844000
26/2/2016,35.43,35.67,35.04,35.25,44870000
29/2/2016,35.02,35.54,34.88,34.89,49622000
1/3/2016,35.18,35.94,34.99,35.94,43028000
2/3/2016,35.95,36,35.6,35.94,32580000
3/3/2016,35.93,35.97,35.3,35.62,39160000
4/3/2016,35.75,35.82,35.3,35.54,39442000
7/3/2016,35.35,35.4,34.35,34.76,59702000
8/3/2016,34.43,35.19,34.27,34.7,41526000
9/3/2016,34.92,35.28,34.7,35.26,28430000
10/3/2016,35.41,35.82,35.17,35.64,56670000
11/3/2016,36,36.35,35.86,36.34,39416000
14/3/2016,36.34,36.78,36.26,36.52,34366000
15/3/2016,36.35,36.61,36.24,36.42,34420000
16/3/2016,36.32,36.87,36.23,36.8,32488000
17/3/2016,36.82,37.15,36.8,36.89,37216000
18/3/2016,37.09,37.1,36.59,36.88,59614000
21/3/2016,36.83,37.12,36.68,37.1,36730000
22/3/2016,36.87,37.25,36.87,37.04,25394000
23/3/2016,37.12,37.29,36.81,36.9,28642000
24/3/2016,36.6,36.89,36.55,36.76,31898000
28/3/2016,36.84,36.95,36.62,36.68,26026000
29/3/2016,36.73,37.36,36.44,37.24,38076000
30/3/2016,37.51,37.89,37.44,37.53,35648000
31/3/2016,37.46,37.54,37.05,37.25,34376000
1/4/2016,36.93,37.52,36.85,37.5,31534000
4/4/2016,37.5,37.64,37.12,37.26,22684000
5/4/2016,36.9,37.14,36.77,36.89,22646000
6/4/2016,36.79,37.31,36.78,37.28,21074000
7/4/2016,37.27,37.35,36.81,37.01,29064000
8/4/2016,37.2,37.27,36.78,36.96,25816000
11/4/2016,37.15,37.25,36.8,36.81,24402000
12/4/2016,36.9,37.19,36.55,37.15,27060000
13/4/2016,37.46,37.72,37.21,37.59,34142000
14/4/2016,37.7,37.87,37.64,37.66,22706000
15/4/2016,37.7,38.05,37.63,37.95,36186000
18/4/2016,38.02,38.4,37.87,38.33,31176000
19/4/2016,38.48,38.49,37.47,37.7,40610000
20/4/2016,37.9,37.91,37.5,37.63,30584000
21/4/2016,37.77,38.02,37.48,37.96,61210000
22/4/2016,36.31,36.81,35.68,35.94,119038000
25/4/2016,35.81,36.2,35.78,36.16,39184000
26/4/2016,36.27,36.29,35.15,35.41,54892000
27/4/2016,35.36,35.45,34.62,35.29,61972000
28/4/2016,35.41,35.71,34.48,34.55,57346000
29/4/2016,34.53,34.88,34.45,34.65,49754000
2/5/2016,34.88,35.03,34.55,34.91,32906000
3/5/2016,34.84,34.89,34.6,34.62,30876000
4/5/2016,34.52,34.99,34.45,34.78,33870000
5/5/2016,34.88,35.12,34.79,35.07,33670000
6/5/2016,34.92,35.59,34.91,35.56,36586000
9/5/2016,35.6,35.94,35.5,35.65,30206000
10/5/2016,35.84,36.17,35.79,36.16,31392000
11/5/2016,36.17,36.22,35.64,35.76,33842000
12/5/2016,35.85,35.96,35.45,35.67,27214000
13/5/2016,35.6,35.83,35.46,35.54,26290000
16/5/2016,35.46,35.92,35.28,35.82,26342000
17/5/2016,35.8,36.08,35.21,35.31,40024000
18/5/2016,35.18,35.58,35.03,35.33,35336000
19/5/2016,35.12,35.3,34.84,35.02,33404000
20/5/2016,35.08,35.73,35.03,35.49,36568000
23/5/2016,35.33,35.57,35.21,35.21,26614000
24/5/2016,35.34,36.05,35.34,36,38590000
25/5/2016,36.04,36.38,35.99,36.26,32584000
26/5/2016,36.14,36.42,36.01,36.21,31526000
27/5/2016,36.2,36.7,36.2,36.63,39500000
31/5/2016,36.59,36.99,36.56,36.79,42590000
1/6/2016,36.73,36.86,36.53,36.71,25072000
2/6/2016,36.62,36.65,36.21,36.52,26836000
3/6/2016,36.46,36.47,36.03,36.12,24526000
6/6/2016,36.25,36.25,35.73,35.83,31306000
7/6/2016,35.99,36.1,35.83,35.83,26724000
8/6/2016,36.2,36.43,36.03,36.41,31674000
9/6/2016,36.14,36.48,36.12,36.43,19778000
10/6/2016,35.97,36.29,35.82,35.97,24328000
13/6/2016,35.83,36.27,35.83,35.92,25178000
14/6/2016,35.82,36.12,35.66,35.91,26122000
15/6/2016,35.95,36.15,35.87,35.95,24290000
16/6/2016,35.75,35.83,35.16,35.52,39650000
17/6/2016,35.43,35.44,34.42,34.59,68048000
20/6/2016,34.94,35.12,34.67,34.69,41650000
21/6/2016,34.92,35.14,34.6,34.8,29312000
22/6/2016,34.95,35.04,34.65,34.87,23686000
23/6/2016,34.87,35.1,34.35,35.09,43428000
24/6/2016,33.76,34.47,33.67,33.76,88980000
27/6/2016,33.55,33.62,33.16,33.41,52580000
28/6/2016,33.95,34.02,33.65,34,43476000
29/6/2016,34.15,34.37,34.07,34.21,38652000
30/6/2016,34.27,34.62,34.18,34.6,31954000
1/7/2016,34.61,35.03,34.61,34.96,26894000
5/7/2016,34.8,34.85,34.44,34.75,29252000
6/7/2016,34.5,35.08,34.45,34.89,28238000
7/7/2016,34.9,34.91,34.41,34.77,26084000
8/7/2016,34.97,35.29,34.82,35.28,31504000
11/7/2016,35.4,35.83,35.36,35.75,22236000
12/7/2016,35.96,36.15,35.8,36.03,26738000
13/7/2016,36.18,36.2,35.84,35.85,18718000
14/7/2016,36.08,36.11,35.9,36.05,19004000
15/7/2016,36.29,36.29,35.95,35.99,25586000
18/7/2016,36.14,36.81,36.06,36.69,25910000
19/7/2016,36.49,36.85,36.45,36.85,24550000
20/7/2016,36.87,37.11,36.85,37.06,25794000
21/7/2016,37.02,37.08,36.79,36.93,20526000
22/7/2016,37.09,37.16,36.83,37.14,25196000
25/7/2016,37.03,37.13,36.88,36.99,20648000
26/7/2016,36.95,37.08,36.71,36.92,23734000
27/7/2016,36.91,37.22,36.85,37.09,30250000
28/7/2016,37.35,37.43,36.97,37.3,70604000
29/7/2016,38.64,38.93,38.34,38.44,76830000
1/8/2016,38.05,39.02,38.05,38.64,54010000
2/8/2016,38.43,38.79,38.39,38.55,35690000
3/8/2016,38.36,38.66,38.34,38.66,25748000
4/8/2016,38.61,38.7,38.44,38.58,22806000
5/8/2016,38.69,39.15,38.62,39.11,36024000
8/8/2016,39.1,39.13,38.9,39.09,22158000
9/8/2016,39.06,39.45,39.03,39.21,26378000
10/8/2016,39.19,39.34,39.14,39.23,15728000
11/8/2016,39.25,39.49,39.15,39.24,19502000
12/8/2016,39.08,39.17,39.02,39.16,14810000
15/8/2016,39.19,39.37,39.01,39.12,18764000
16/8/2016,39.01,39.05,38.67,38.86,20560000
17/8/2016,38.87,39.04,38.68,39,18484000
18/8/2016,39,39.14,38.85,38.88,14388000
19/8/2016,38.75,38.85,38.66,38.77,17230000
22/8/2016,38.66,38.73,38.5,38.61,19028000
23/8/2016,38.77,38.82,38.59,38.6,18564000
24/8/2016,38.53,38.72,38.35,38.48,21440000
25/8/2016,38.35,38.59,38.16,38.47,18538000
26/8/2016,38.45,38.8,38.29,38.48,23334000
29/8/2016,38.44,38.75,38.33,38.61,16952000
30/8/2016,38.47,38.72,38.34,38.45,22600000
31/8/2016,38.35,38.45,38.27,38.35,24972000
1/9/2016,38.46,38.55,38.22,38.44,18502000
2/9/2016,38.65,38.7,38.42,38.57,21454000
6/9/2016,38.67,39.1,38.55,39,28856000
7/9/2016,39,39.14,38.81,39.02,17874000
8/9/2016,38.93,39.02,38.68,38.77,25406000
9/9/2016,38.51,38.66,37.98,37.98,37710000
12/9/2016,37.76,38.51,37.7,38.45,26220000
13/9/2016,38.22,38.31,37.79,37.98,27900000
14/9/2016,37.98,38.38,37.96,38.12,21748000
15/9/2016,38.14,38.69,38,38.59,26102000
16/9/2016,38.49,38.49,38.23,38.44,40986000
19/9/2016,38.62,38.7,38.22,38.28,23456000
20/9/2016,38.45,38.67,38.43,38.57,19572000
21/9/2016,38.63,38.86,38.42,38.81,23356000
22/9/2016,39,39.49,38.92,39.36,29724000
23/9/2016,39.33,39.45,39.21,39.35,28238000
26/9/2016,39.14,39.14,38.65,38.71,30664000
27/9/2016,38.78,39.3,38.72,39.15,23064000
28/9/2016,38.89,39.09,38.75,39.08,22196000
29/9/2016,39.07,39.29,38.71,38.75,26294000
30/9/2016,38.82,39.05,38.7,38.86,31706000
3/10/2016,38.71,38.8,38.47,38.63,25576000
4/10/2016,38.8,38.94,38.64,38.82,24028000
5/10/2016,38.97,39.1,38.78,38.82,29224000
6/10/2016,38.95,39.02,38.78,38.84,21414000
7/10/2016,38.98,38.98,38.54,38.75,18664000
10/10/2016,38.89,39.47,38.79,39.3,23498000
11/10/2016,39.33,39.61,39.03,39.15,27450000
12/10/2016,39.19,39.41,39.1,39.31,18748000
13/10/2016,39.06,39.06,38.65,38.91,27306000
14/10/2016,39.08,39.2,38.8,38.93,17050000
17/10/2016,38.99,39.29,38.88,39,21860000
18/10/2016,39.39,40.08,39.28,39.76,41138000
19/10/2016,39.91,40.23,39.9,40.08,35336000
20/10/2016,40.17,40.2,39.8,39.85,35150000
21/10/2016,39.75,39.97,39.7,39.97,25324000
24/10/2016,40.24,40.76,40.24,40.66,33950000
25/10/2016,40.83,40.83,40.26,40.38,31528000
26/10/2016,40.32,40.35,39.82,39.95,32954000
27/10/2016,40.05,40.17,39.58,39.77,54984000
28/10/2016,40.42,40.77,39.68,39.77,85398000
31/10/2016,39.77,39.84,39.2,39.23,48546000
1/11/2016,39.14,39.47,38.78,39.18,48128000
2/11/2016,38.91,39.08,38.17,38.44,37448000
3/11/2016,38.36,38.5,37.95,38.11,38864000
4/11/2016,37.53,38.52,37.53,38.1,42696000
7/11/2016,38.72,39.26,38.63,39.13,31702000
8/11/2016,39.17,39.78,39.01,39.53,27338000
9/11/2016,39,39.56,38.58,39.27,52142000
10/11/2016,39.56,39.56,37.61,38.13,94904000
11/11/2016,37.83,38.04,37.52,37.7,48636000
14/11/2016,37.78,37.89,36.38,36.8,73088000
15/11/2016,37.35,38.22,37.35,37.92,47680000
16/11/2016,37.76,38.32,37.53,38.22,29452000
17/11/2016,38.35,38.63,38.21,38.56,26080000
18/11/2016,38.57,38.75,38,38.03,30942000
21/11/2016,38.13,38.49,38.03,38.46,26612000
22/11/2016,38.63,38.85,38.35,38.41,31862000
23/11/2016,38.39,38.41,37.76,38.05,29568000
25/11/2016,38.21,38.25,38.03,38.08,11748000
28/11/2016,38,38.98,37.99,38.41,43764000
29/11/2016,38.58,38.92,38.41,38.54,32332000
30/11/2016,38.5,38.65,37.74,37.9,47858000
1/12/2016,37.87,37.99,36.85,37.4,60358000
2/12/2016,37.23,37.7,37.15,37.53,29050000
5/12/2016,37.89,38.19,37.65,38.13,27884000
6/12/2016,38.24,38.44,37.87,37.96,33814000
7/12/2016,38.05,38.57,37.79,38.56,35220000
8/12/2016,38.62,38.91,38.36,38.82,29762000
9/12/2016,39,39.47,38.95,39.46,36438000
12/12/2016,39.25,39.56,39.22,39.46,42082000
13/12/2016,39.69,40.22,39.67,39.81,42904000
14/12/2016,39.87,40.2,39.7,39.85,34084000
15/12/2016,39.87,40.15,39.65,39.89,32530000
16/12/2016,40.02,40.04,39.51,39.54,48876000
19/12/2016,39.51,39.88,39.31,39.71,24642000
20/12/2016,39.84,39.93,39.66,39.82,19020000
21/12/2016,39.79,39.83,39.35,39.73,24226000
22/12/2016,39.62,39.67,39.43,39.56,19444000
23/12/2016,39.54,39.64,39.36,39.5,12468000
27/12/2016,39.53,39.89,39.38,39.58,15782000
28/12/2016,39.69,39.71,39.16,39.25,23076000
29/12/2016,39.17,39.3,38.95,39.14,14886000
30/12/2016,39.14,39.14,38.52,38.59,35400000
3/1/2017,38.94,39.48,38.79,39.31,33146000
4/1/2017,39.42,39.57,39.16,39.35,21460000
5/1/2017,39.3,39.72,39.25,39.7,26704000
6/1/2017,39.76,40.4,39.61,40.31,32804000
9/1/2017,40.32,40.5,40.14,40.33,25492000
10/1/2017,40.39,40.46,40.18,40.24,23536000
11/1/2017,40.25,40.41,40.07,40.4,21318000
12/1/2017,40.36,40.37,39.96,40.32,27062000
13/1/2017,40.37,40.56,40.33,40.39,21984000
17/1/2017,40.35,40.36,40.02,40.23,27242000
18/1/2017,40.29,40.31,40.05,40.3,25888000
19/1/2017,40.26,40.47,40.09,40.11,18386000
20/1/2017,40.35,40.35,40.08,40.25,33400000
23/1/2017,40.36,41.04,40.19,40.97,39272000
24/1/2017,41.12,41.29,40.89,41.19,29480000
25/1/2017,41.48,41.79,41.25,41.78,29890000
26/1/2017,41.89,41.9,41.35,41.61,59478000
27/1/2017,41.74,42.1,41.02,41.17,59316000
30/1/2017,40.73,40.79,39.99,40.12,64932000
31/1/2017,39.84,40.06,39.53,39.84,43212000
1/2/2017,39.98,40.06,39.56,39.78,40594000
2/2/2017,39.69,40.13,39.6,39.93,30642000
3/2/2017,40.15,40.3,40.02,40.07,29268000
6/2/2017,39.99,40.08,39.76,40.07,23690000
7/2/2017,40.2,40.53,40.09,40.35,24824000
8/2/2017,40.35,40.59,40.16,40.42,23106000
9/2/2017,40.48,40.53,40.23,40.48,19794000
10/2/2017,40.58,40.76,40.49,40.68,22700000
13/2/2017,40.8,41.05,40.77,40.96,24266000
14/2/2017,40.95,41.15,40.8,41.02,21094000
15/2/2017,40.97,41.15,40.92,40.95,26272000
16/2/2017,41,41.22,40.95,41.21,25752000
17/2/2017,41.15,41.4,41.08,41.4,32220000
21/2/2017,41.43,41.67,41.42,41.58,25246000
22/2/2017,41.43,41.66,41.43,41.54,19658000
23/2/2017,41.51,41.62,41.14,41.57,29456000
24/2/2017,41.39,41.45,41.21,41.43,27844000
27/2/2017,41.23,41.53,41.2,41.46,22030000
28/2/2017,41.28,41.43,41.01,41.16,45216000
1/3/2017,41.44,41.81,41.36,41.76,29930000
2/3/2017,41.69,41.73,41.48,41.53,18850000
3/3/2017,41.53,41.57,41.29,41.45,17928000
6/3/2017,41.35,41.44,41.12,41.39,22180000
7/3/2017,41.37,41.67,41.33,41.6,20752000
8/3/2017,41.68,41.91,41.59,41.77,19796000
9/3/2017,41.8,42.1,41.71,41.93,25230000
10/3/2017,42.16,42.25,41.97,42.16,34080000
13/3/2017,42.2,42.43,42.16,42.28,24472000
14/3/2017,42.18,42.36,42.04,42.28,15598000
15/3/2017,42.38,42.43,42.04,42.36,27630000
16/3/2017,42.45,42.54,42.31,42.44,19552000
17/3/2017,42.58,42.67,42.36,42.61,34246000
20/3/2017,42.5,42.51,42.26,42.42,24630000
21/3/2017,42.57,42.67,41.45,41.52,49270000
22/3/2017,41.6,41.78,41.36,41.48,28030000
23/3/2017,41.05,41.13,40.61,40.88,69742000
24/3/2017,41,41.1,40.44,40.72,39620000
27/3/2017,40.35,41.08,40.17,40.98,37886000
28/3/2017,41.02,41.3,40.7,41.05,32410000
29/3/2017,41.25,41.64,41.12,41.57,35726000
30/3/2017,41.67,41.68,41.45,41.58,21106000
31/3/2017,41.45,41.58,41.37,41.48,28038000
3/4/2017,41.46,42.04,41.46,41.93,33430000
4/4/2017,41.57,41.76,41.45,41.73,20908000
5/4/2017,41.78,42.12,41.54,41.57,31106000
6/4/2017,41.62,41.82,41.32,41.39,25088000
7/4/2017,41.4,41.42,41.03,41.23,21146000
10/4/2017,41.27,41.47,41.19,41.24,19578000
11/4/2017,41.24,41.37,40.85,41.17,21594000
12/4/2017,41.1,41.33,41.05,41.22,18010000
13/4/2017,41.11,41.32,41.07,41.18,22448000
17/4/2017,41.25,41.89,41.22,41.86,17900000
18/4/2017,41.71,41.95,41.64,41.84,16734000
19/4/2017,41.99,42.11,41.81,41.91,19084000
20/4/2017,42.07,42.26,41.97,42.08,19180000
21/4/2017,42.14,42.19,42.03,42.16,26472000
24/4/2017,42.56,43.17,42.49,43.14,27450000
25/4/2017,43.25,43.75,43.14,43.62,33440000
26/4/2017,43.71,43.8,43.39,43.59,24744000
27/4/2017,43.68,43.77,43.52,43.71,40536000
28/4/2017,45.53,45.84,45.29,45.3,65526000
1/5/2017,45.1,45.78,45.07,45.63,42320000
2/5/2017,45.48,46.04,45.47,45.82,31744000
3/5/2017,45.74,46.4,45.63,46.35,29990000
4/5/2017,46.3,46.8,46.23,46.58,28442000
5/5/2017,46.68,46.74,46.26,46.36,38226000
8/5/2017,46.31,46.85,46.26,46.72,26596000
9/5/2017,46.85,46.88,46.48,46.61,31636000
10/5/2017,46.6,46.6,46.26,46.44,23478000
11/5/2017,46.27,46.63,46.15,46.53,16700000
12/5/2017,46.58,46.67,46.39,46.61,21012000
15/5/2017,46.65,46.91,46.47,46.85,22162000
16/5/2017,47,47.16,46.88,47.15,19390000
17/5/2017,46.78,46.97,45.91,45.98,47242000
18/5/2017,46.05,46.66,45.94,46.51,31938000
19/5/2017,46.57,46.89,46.55,46.7,27860000
22/5/2017,46.75,47.09,46.75,47.09,22408000
23/5/2017,47.4,47.57,47.13,47.44,25416000
24/5/2017,47.65,47.75,47.47,47.75,20496000
25/5/2017,47.87,48.63,47.77,48.48,33210000
26/5/2017,48.49,48.75,48.25,48.57,25040000
30/5/2017,48.52,48.81,48.47,48.79,29334000
31/5/2017,48.75,48.96,48.01,48.24,48962000
1/6/2017,48.45,48.58,48,48.35,28210000
2/6/2017,48.47,48.79,48.3,48.78,35020000
5/6/2017,48.83,49.35,48.76,49.18,25042000
6/6/2017,49.16,49.41,48.76,48.83,36292000
7/6/2017,49,49.2,48.8,49.05,29078000
8/6/2017,49.12,49.23,48.86,49.17,29638000
9/6/2017,49.22,49.22,46.78,47.49,66188000
12/6/2017,46.98,47.47,45.76,47.15,75270000
13/6/2017,47.6,48,47.2,47.67,40266000
14/6/2017,48,48.06,47.11,47.54,29794000
15/6/2017,46.7,47.17,46.22,47.12,42662000
16/6/2017,47,47.1,46.58,46.99,61894000
19/6/2017,47.5,48,47.45,47.87,30666000
20/6/2017,47.88,48.08,47.5,47.53,22520000
21/6/2017,47.68,48.01,47.54,47.97,24044000
22/6/2017,47.94,48.04,47.73,47.85,18828000
23/6/2017,47.84,48.3,47.71,48.28,30558000
26/6/2017,48.49,48.67,47.54,47.61,31968000
27/6/2017,47.12,47.41,46.34,46.37,51598000
28/6/2017,46.45,47.14,45.8,47.02,54428000
29/6/2017,46.5,46.56,45.53,45.89,65984000
30/6/2017,46.3,46.3,45.42,45.44,41804000
3/7/2017,45.61,45.7,44.74,44.94,34196000
5/7/2017,45.09,45.73,44.92,45.59,36278000
6/7/2017,45.21,45.75,44.99,45.33,28490000
7/7/2017,45.44,46.08,45.44,45.93,32756000
10/7/2017,46.09,46.52,45.98,46.44,23856000
11/7/2017,46.48,46.57,46.1,46.5,22264000
12/7/2017,46.93,47.31,46.72,47.19,30642000
13/7/2017,47.31,47.72,47.15,47.36,25894000
14/7/2017,47.6,47.85,47.4,47.8,21076000
17/7/2017,47.85,48.04,47.46,47.67,23310000
18/7/2017,47.65,48.4,47.53,48.27,23080000
19/7/2017,48.39,48.65,48.2,48.54,24490000
20/7/2017,48.75,48.79,48.08,48.41,32490000
21/7/2017,48.11,48.66,48.01,48.65,34220000
24/7/2017,48.61,49.31,48.54,49.02,64966000
25/7/2017,47.69,47.99,47.27,47.53,93220000
26/7/2017,47.73,47.75,47.11,47.39,41766000
27/7/2017,47.59,47.59,46,46.7,64260000
28/7/2017,46.47,47.19,46.38,47.08,36928000
31/7/2017,47.09,47.18,46.3,46.53,39402000
1/8/2017,46.62,46.87,46.46,46.54,25554000
2/8/2017,46.43,46.63,45.83,46.52,36488000
3/8/2017,46.52,46.61,46.11,46.18,24050000
4/8/2017,46.34,46.52,46.15,46.4,21646000
7/8/2017,46.45,46.58,46.33,46.47,20644000
8/8/2017,46.35,46.79,46.28,46.34,21232000
9/8/2017,46.03,46.3,45.86,46.15,23842000
10/8/2017,45.88,45.96,45.31,45.36,36480000
11/8/2017,45.4,45.89,45.28,45.72,24136000
14/8/2017,46.13,46.23,45.91,46.13,21290000
15/8/2017,46.21,46.33,45.99,46.11,17668000
16/8/2017,46.26,46.63,46.17,46.35,20134000
17/8/2017,46.29,46.34,45.55,45.55,25544000
18/8/2017,45.52,45.76,45.36,45.53,26854000
21/8/2017,45.5,45.65,45.17,45.33,18868000
22/8/2017,45.64,46.29,45.57,46.23,23334000
23/8/2017,46.1,46.5,45.97,46.35,21804000
24/8/2017,46.43,46.54,45.78,46.06,25406000
25/8/2017,46.17,46.28,45.78,45.79,21068000
28/8/2017,45.8,45.96,45.59,45.69,21730000
29/8/2017,45.26,46.17,45.25,46.06,23712000
30/8/2017,46,46.54,45.98,46.48,26024000
31/8/2017,46.59,47.1,46.59,46.97,31652000
1/9/2017,47.06,47.12,46.76,46.87,18948000
5/9/2017,46.65,46.85,46.1,46.42,26528000
6/9/2017,46.51,46.55,45.96,46.39,30554000
7/9/2017,46.59,46.82,46.18,46.8,24254000
8/9/2017,46.82,46.85,46.24,46.33,20230000
11/9/2017,46.71,46.92,46.35,46.45,25340000
12/9/2017,46.63,46.67,46.19,46.6,22688000
13/9/2017,46.53,46.86,46.49,46.75,22052000
14/9/2017,46.56,46.64,46.2,46.26,27952000
15/9/2017,46.23,46.32,45.82,46.01,50108000
18/9/2017,46,46.1,45.53,45.75,26138000
19/9/2017,45.87,46.12,45.63,46.09,18734000
20/9/2017,46.15,46.69,46.1,46.58,33396000
21/9/2017,46.65,46.83,46.19,46.62,25812000
22/9/2017,46.39,46.74,46.32,46.43,21054000
25/9/2017,46.27,46.32,45.49,46.05,37136000
26/9/2017,46.19,46.54,46.06,46.24,33338000
27/9/2017,46.39,47.49,46.39,47.22,44788000
28/9/2017,47.07,47.53,47.03,47.47,20406000
29/9/2017,47.6,47.99,47.58,47.96,31620000
2/10/2017,48,48.13,47.39,47.66,25668000
3/10/2017,47.7,47.9,47.46,47.89,17766000
4/10/2017,47.85,48.02,47.53,47.58,19048000
5/10/2017,47.77,48.55,47.76,48.5,24276000
6/10/2017,48.33,48.97,48.17,48.94,23478000
9/10/2017,49,49.27,48.81,48.85,17828000
10/10/2017,49,49.08,48.3,48.63,19368000
11/10/2017,48.69,49.54,48.61,49.46,33866000
12/10/2017,49.37,49.71,49.25,49.39,25248000
13/10/2017,49.6,49.86,49.45,49.48,23396000
16/10/2017,49.6,49.7,49.2,49.6,18210000
17/10/2017,49.51,49.82,49.43,49.61,25804000
18/10/2017,49.59,49.84,49.35,49.64,21152000
19/10/2017,49.3,49.44,48.92,49.22,26272000
20/10/2017,49.47,49.55,49.23,49.41,23664000
23/10/2017,49.48,49.48,48.31,48.42,29568000
24/10/2017,48.5,48.61,48.05,48.53,24244000
25/10/2017,48.42,48.8,48.03,48.67,24226000
26/10/2017,49,49.38,48.61,48.63,40842000
27/10/2017,50.46,52.42,50.41,50.96,103354000
30/10/2017,50.7,51.25,50.38,50.86,41702000
31/10/2017,50.76,51.2,50.52,50.83,26614000
1/11/2017,50.86,51.48,50.85,51.28,27468000
2/11/2017,51.09,51.4,50.65,51.28,20980000
3/11/2017,51.11,51.63,51.02,51.62,21528000
6/11/2017,51.45,51.74,51.25,51.29,22504000
7/11/2017,51.36,51.7,51.26,51.67,22246000
8/11/2017,51.53,52.18,51.42,51.99,21774000
9/11/2017,51.7,51.7,50.98,51.56,24904000
10/11/2017,51.32,51.54,51.26,51.4,14400000
13/11/2017,51.17,51.58,51.13,51.29,17716000
14/11/2017,51.13,51.34,50.71,51.3,19184000
15/11/2017,50.96,51.2,50.77,51.05,17080000
16/11/2017,51.13,51.8,51.13,51.62,22594000
17/11/2017,51.7,51.72,50.89,50.95,27942000
20/11/2017,51.01,51.13,50.88,50.92,19070000
21/11/2017,51.17,51.76,51.13,51.72,21940000
22/11/2017,51.75,51.99,51.57,51.8,14926000
24/11/2017,51.79,52.16,51.75,52.03,10740000
27/11/2017,52,52.77,51.92,52.71,26158000
28/11/2017,52.75,53.12,52,52.37,28488000
29/11/2017,52.13,52.2,50.78,51.08,49188000
30/11/2017,51.12,51.42,50.75,51.07,34480000
1/12/2017,50.79,51.12,50.1,50.51,38192000
4/12/2017,50.63,50.81,49.78,49.93,38128000
5/12/2017,49.8,51.03,49.41,50.26,41346000
6/12/2017,50.08,51.25,50.06,50.92,25440000
7/12/2017,51.02,51.71,50.9,51.55,29164000
8/12/2017,51.87,52.1,51.63,51.85,25816000
11/12/2017,51.78,52.19,51.6,52.06,23856000
12/12/2017,51.98,52.52,51.68,52.02,25590000
13/12/2017,52.31,52.33,51.92,52.03,25654000
14/12/2017,52.25,52.92,52.16,52.46,31174000
15/12/2017,52.73,53.38,52.47,53.21,65518000
18/12/2017,53.3,53.92,53.1,53.86,31092000
19/12/2017,53.76,53.84,53.18,53.53,26774000
20/12/2017,53.59,53.67,53.08,53.25,25372000
21/12/2017,53.25,53.47,53.09,53.18,19914000
22/12/2017,53.06,53.21,52.97,53.01,15102000
26/12/2017,52.9,53.01,52.51,52.84,15212000
27/12/2017,52.87,52.92,52.4,52.47,25438000
28/12/2017,52.58,52.74,52.24,52.41,16742000
29/12/2017,52.34,52.49,52.24,52.32,17750000
2/1/2018,52.42,53.35,52.26,53.25,24752000
3/1/2018,53.22,54.31,53.16,54.12,28604000
4/1/2018,54.4,54.68,54.2,54.32,20092000
5/1/2018,54.7,55.21,54.6,55.11,25582000
8/1/2018,55.11,55.56,55.08,55.35,20952000
9/1/2018,55.47,55.53,55.06,55.31,18050000
10/1/2018,54.85,55.23,54.81,55.13,20856000
11/1/2018,55.31,55.33,54.98,55.28,19566000
12/1/2018,55.12,56.21,55.06,56.11,34410000
16/1/2018,56.63,57,55.89,56.09,31506000
17/1/2018,56.31,56.63,55.85,56.6,24052000
18/1/2018,56.57,56.63,55.88,56.49,23964000
19/1/2018,56.59,56.89,56.42,56.88,35564000
22/1/2018,56.87,57.99,56.76,57.79,32360000
23/1/2018,57.99,58.58,57.94,58.5,26662000
24/1/2018,58.87,58.99,58.05,58.21,28332000
25/1/2018,58.63,58.8,58.14,58.52,29610000
26/1/2018,58.75,58.79,57.91,58.79,40376000
29/1/2018,58.82,59.34,58.6,58.78,27578000
30/1/2018,58.39,58.83,58.18,58.18,31126000
31/1/2018,58.53,58.65,57.96,58.5,30774000
1/2/2018,58.13,58.7,57.88,58.38,48242000
2/2/2018,56.1,56.15,55.36,55.6,97158000
5/2/2018,54.53,55.5,52.6,52.79,75966000
6/2/2018,51.36,54.09,51.16,54.03,68960000
7/2/2018,54.08,54.09,52.41,52.43,47384000
8/2/2018,52.77,52.93,50.03,50.08,57182000
9/2/2018,50.86,52.2,49.63,51.89,70118000
12/2/2018,52.4,53.08,52.05,52.6,41154000
13/2/2018,52.25,52.92,52.2,52.6,25302000
14/2/2018,52.45,53.59,52.34,53.49,31116000
15/2/2018,53.95,54.57,53.22,54.48,36868000
16/2/2018,54.42,55.23,54.42,54.74,33590000
20/2/2018,54.53,55.7,54.43,55.12,28462000
21/2/2018,55.32,56.7,55.32,55.57,30258000
22/2/2018,55.81,56.14,55.13,55.33,26344000
23/2/2018,55.63,56.36,55.24,56.34,25220000
26/2/2018,56.39,57.2,56.33,57.19,31182000
27/2/2018,57.06,57.2,55.9,55.91,35482000
28/2/2018,56.15,56.38,55.16,55.24,37652000
1/3/2018,55.39,55.51,53.35,53.48,50318000
2/3/2018,52.65,54.1,52.41,53.95,45432000
5/3/2018,53.76,54.85,53.45,54.55,24044000
6/3/2018,54.96,55.09,54.49,54.75,30656000
7/3/2018,54.46,55.61,54.27,55.48,25850000
8/3/2018,55.77,56.38,55.64,56.3,27102000
9/3/2018,56.8,58.04,56.62,58,42560000
12/3/2018,58.19,58.85,57.87,58.22,43446000
13/3/2018,58.5,58.84,56.67,56.91,38144000
14/3/2018,57.26,57.93,57.07,57.47,25828000
15/3/2018,57.5,58.05,56.73,57.48,27908000
16/3/2018,57.71,57.79,56.6,56.79,61840000
19/3/2018,56,56.1,54.45,54.99,56118000
20/3/2018,54.95,55.26,54.17,54.89,36638000
21/3/2018,54.64,55.31,54.26,54.54,37578000
22/3/2018,54.09,54.15,52.3,52.45,53340000
23/3/2018,52.35,53.17,51.06,51.08,43134000
26/3/2018,52.3,52.78,50.42,52.66,53302000
27/3/2018,53.15,53.24,49.85,50.26,61906000
28/3/2018,49.9,51.21,49.03,50.23,67386000
29/3/2018,50.58,52.15,50.15,51.59,54536000
2/4/2018,51.14,51.74,49.52,50.32,53608000
3/4/2018,50.7,51.05,49.7,50.67,45502000
4/4/2018,49.67,51.44,49.65,51.26,49694000
5/4/2018,52.07,52.14,51.01,51.39,27260000
6/4/2018,51,51.57,50.15,50.35,34928000
9/4/2018,50.84,51.98,50.7,50.77,35032000
10/4/2018,51.32,51.81,50.57,51.58,39490000
11/4/2018,51.4,51.57,50.79,51,29678000
12/4/2018,51.25,52.03,51.07,51.63,27140000
13/4/2018,52.04,52.32,51.15,51.46,24460000
16/4/2018,51.85,52.16,51.34,51.9,24224000
17/4/2018,52.57,53.89,52.41,53.71,46406000
18/4/2018,53.87,53.87,53.31,53.6,26882000
19/4/2018,53.47,54.71,53.41,54.38,34954000
20/4/2018,54.1,54.62,53.48,53.65,37794000
23/4/2018,53.89,54.14,53.03,53.37,46826000
24/4/2018,52.6,52.85,50.53,51,95206000
25/4/2018,51.28,51.62,50.77,51.06,47822000
26/4/2018,51.48,52.4,50.91,52,41590000
27/4/2018,52.3,52.47,51.28,51.5,32396000
30/4/2018,51.5,51.85,50.84,50.87,33426000
1/5/2018,50.68,51.92,50.41,51.87,28558000
2/5/2018,51.4,52.02,51.14,51.22,32062000
3/5/2018,50.95,51.48,50.31,51.19,36302000
4/5/2018,50.85,52.43,50.85,52.41,38774000
7/5/2018,52.46,53.08,52.35,52.74,29322000
8/5/2018,52.93,53.03,52.36,52.7,24354000
9/5/2018,52.9,54.27,52.82,54.14,40656000
10/5/2018,54.3,55.02,54.28,54.88,28860000
11/5/2018,54.68,55.07,54.55,54.91,25074000
14/5/2018,55,55.54,54.96,55.01,30362000
15/5/2018,54.5,54.5,53.67,53.96,29898000
16/5/2018,53.87,54.46,53.81,54.09,21946000
17/5/2018,53.99,54.34,53.67,53.93,20876000
18/5/2018,53.09,53.5,53.03,53.32,31304000
21/5/2018,53.7,54.4,53.68,53.98,20464000
22/5/2018,54.18,54.33,53.33,53.49,21800000
23/5/2018,53.26,54.04,53.09,53.98,21214000
24/5/2018,53.95,54.02,53.31,53.96,15336000
25/5/2018,53.95,54.13,53.69,53.78,17988000
29/5/2018,53.24,53.67,52.76,53.02,37302000
30/5/2018,53.15,53.46,52.84,53.39,22770000
31/5/2018,53.38,54.86,53.38,54.25,61766000
1/6/2018,54.97,56,54.92,55.97,48432000
4/6/2018,56.12,57.09,56.1,56.96,37792000
5/6/2018,57.05,57.29,56.66,56.98,33560000
6/6/2018,57.11,57.15,56.29,56.84,33964000
7/6/2018,56.57,56.79,55.83,56.19,30400000
8/6/2018,55.91,56.33,55.61,56.04,25816000
11/6/2018,55.93,56.86,55.93,56.5,21586000
12/6/2018,56.55,56.99,56.54,56.97,18240000
13/6/2018,57.06,57.33,56.67,56.74,30128000
14/6/2018,57.19,57.77,57.03,57.61,26868000
15/6/2018,57.44,57.67,57.17,57.61,42450000
18/6/2018,57.18,58.72,57.18,58.67,28274000
19/6/2018,57.92,58.56,57.7,58.4,32420000
20/6/2018,58.77,59.31,58.46,58.49,32970000
21/6/2018,58.74,58.86,57.61,57.88,24762000
22/6/2018,57.96,58.12,57.36,57.77,26220000
25/6/2018,57.18,57.2,55.64,56.24,43146000
26/6/2018,56.4,56.66,55.83,55.92,31264000
27/6/2018,56.07,56.59,55.18,55.2,25878000
28/6/2018,55.1,56.12,54.8,55.71,21448000
29/6/2018,56,56.41,55.75,55.78,26302000
2/7/2018,54.95,56.4,54.69,56.37,24346000
3/7/2018,56.79,56.79,55,55.14,13580000
5/7/2018,55.53,56.38,55.42,56.21,21334000
6/7/2018,56.18,57.05,56.04,57.01,19922000
9/7/2018,57.42,57.73,57.17,57.7,18180000
10/7/2018,57.85,57.98,57.48,57.64,15968000
11/7/2018,57.23,58.21,57.05,57.69,22400000
12/7/2018,57.99,59.22,57.8,59.17,25038000
13/7/2018,59.25,59.77,59,59.44,24438000
16/7/2018,59.47,59.55,58.96,59.19,21114000
17/7/2018,58.61,60.15,58.53,59.94,32208000
18/7/2018,59.83,60.22,59.52,59.79,27872000
19/7/2018,59.55,60,59.17,59.35,25534000
20/7/2018,59.35,59.84,59.21,59.25,24948000
23/7/2018,59.05,60.32,59.05,60.28,52384000
24/7/2018,63.13,63.3,61.78,62.4,66364000
25/7/2018,61.96,63.29,61.96,63.19,42556000
26/7/2018,62.55,63.49,62.45,63.42,48112000
27/7/2018,63.55,63.69,61.55,61.92,42612000
30/7/2018,61.4,61.75,60.57,60.99,36998000
31/7/2018,61,61.38,60.28,60.86,32894000
1/8/2018,61.4,61.67,60.51,61,31344000
2/8/2018,60.29,61.49,60.24,61.31,30626000
3/8/2018,61.48,61.5,60.75,61.19,21792000
6/8/2018,61.25,61.3,60.79,61.24,21634000
7/8/2018,61.85,62.56,61.81,62.11,29880000
8/8/2018,62.02,62.83,61.9,62.28,27406000
9/8/2018,62.49,62.78,62.3,62.46,16972000
10/8/2018,62.15,62.28,61.6,61.88,22174000
13/8/2018,61.85,62.46,61.68,61.75,19946000
14/8/2018,61.76,62.29,61.26,62.1,26962000
15/8/2018,61.46,61.76,60.48,60.72,36576000
16/8/2018,61.24,61.3,60.13,60.32,26864000
17/8/2018,60.1,60.45,59.41,60.05,27792000
20/8/2018,60.25,60.55,59.73,60.39,17416000
21/8/2018,60.4,60.86,60.02,60.08,24112000
22/8/2018,60,60.59,59.95,60.37,17748000
23/8/2018,60.36,61.06,60.21,60.27,19852000
24/8/2018,60.44,61.08,60.32,61.03,18932000
27/8/2018,61.38,62.15,61.29,62.09,23126000
28/8/2018,62.06,62.13,61.43,61.56,26080000
29/8/2018,61.87,62.53,61.82,62.47,25978000
30/8/2018,62.21,62.68,61.63,61.96,26628000
31/8/2018,61.75,61.93,60.56,60.91,36328000
4/9/2018,60.21,60.65,59.62,59.85,36620000
5/9/2018,59.69,59.95,58.1,59.32,41226000
6/9/2018,59.31,59.31,57.6,58.57,37770000
7/9/2018,57.93,58.76,57.86,58.24,28026000
10/9/2018,58.61,58.73,58.01,58.23,22308000
11/9/2018,58.08,58.93,57.81,58.87,24186000
12/9/2018,58.64,58.93,57.92,58.14,25910000
13/9/2018,58.54,58.93,58.14,58.77,28624000
14/9/2018,58.96,59.02,58.42,58.63,18880000
17/9/2018,58.51,58.86,57.7,57.8,26130000
18/9/2018,57.85,58.8,57.85,58.06,24072000
19/9/2018,58.25,58.66,57.73,58.55,23828000
20/9/2018,59,59.49,58.67,59.34,24508000
21/9/2018,59.6,59.61,58.3,58.3,88112000
24/9/2018,57.86,58.9,57.35,58.67,25420000
25/9/2018,58.81,59.34,58.4,59.23,19554000
26/9/2018,59.26,59.71,58.74,59.02,29246000
27/9/2018,59.34,60.1,59.18,59.73,25216000
28/9/2018,59.59,59.77,59.22,59.67,27612000
1/10/2018,59.99,60.49,59.51,59.77,27152000
2/10/2018,59.55,60.5,59.33,60.01,33758000
3/10/2018,60.25,60.32,59.69,60.15,25124000
4/10/2018,59.77,59.88,57.78,58.41,44190000
5/10/2018,58.38,58.67,57.26,57.87,23686000
8/10/2018,57.51,58.4,56.37,57.45,38648000
9/10/2018,57.31,57.72,56.88,56.94,26174000
10/10/2018,56.55,56.61,54.06,54.06,53514000
11/10/2018,53.65,55.32,53.41,53.97,58980000
12/10/2018,55.4,55.75,54.32,55.5,42026000
15/10/2018,55.45,55.67,54.45,54.61,27448000
16/10/2018,55.23,56.21,55.12,56.06,38570000
17/10/2018,56.32,56.45,55.11,55.78,29344000
18/10/2018,56.09,56.09,53.85,54.4,41890000
19/10/2018,54.67,55.52,54.39,54.82,25352000
22/10/2018,55.15,55.61,54.55,55.06,30284000
23/10/2018,54.04,55.39,53.5,55.18,36974000
24/10/2018,55.21,55.31,52.44,52.54,39648000
25/10/2018,53.59,55.55,53.48,54.78,50916000
26/10/2018,51.85,55.33,51.7,53.57,83752000
29/10/2018,54.12,54.85,49.79,51,77614000
30/10/2018,50.42,51.87,50.04,51.81,64254000
31/10/2018,52.99,54.6,52.85,53.84,50596000
1/11/2018,53.79,54.2,53.12,53.5,29640000
2/11/2018,53.69,54.15,52.73,52.89,36780000
5/11/2018,52.75,52.92,51.06,52,48828000
6/11/2018,51.97,53.22,51.9,52.79,24666000
7/11/2018,53.45,54.77,53.29,54.67,41168000
8/11/2018,54.57,54.66,53.61,54.12,29764000
9/11/2018,53.7,53.78,52.66,53.31,26864000
12/11/2018,53.07,53.11,51.55,51.93,29436000
13/11/2018,52.16,52.83,51.56,51.8,30274000
14/11/2018,52.5,52.73,51.55,52.18,31318000
15/11/2018,52.24,53.59,51.59,53.24,36722000
16/11/2018,52.97,53.35,52.45,53.07,33162000
19/11/2018,52.86,53.04,50.81,51,37172000
20/11/2018,50,51.59,49.8,51.29,48982000
21/11/2018,51.84,52.43,51.67,51.88,30686000
23/11/2018,51.5,51.88,51.12,51.19,13830000
26/11/2018,51.92,52.47,51.7,52.43,38856000
27/11/2018,52.05,52.88,51.92,52.22,36064000
28/11/2018,52.44,54.34,51.79,54.31,49508000
29/11/2018,53.8,54.71,53.8,54.42,29378000
30/11/2018,54.45,54.78,53.89,54.72,51604000
3/12/2018,56.16,56.23,55.18,55.32,39824000
4/12/2018,55.16,55.22,52.5,52.54,46904000
6/12/2018,51.71,53.56,51.54,53.44,55384000
7/12/2018,53,53.76,51.42,51.83,42024000
10/12/2018,51.75,52.42,51.16,51.98,36154000
11/12/2018,52.82,53.03,51.99,52.59,27894000
12/12/2018,53.4,54.08,53.14,53.18,30476000
13/12/2018,53.4,53.99,52.7,53.1,26596000
14/12/2018,52.5,53.13,52.04,52.1,33732000
17/12/2018,51.88,52.66,50.4,50.83,47708000
18/12/2018,51.3,52.47,51.07,51.44,43850000
19/12/2018,51.7,53.1,50.4,51.15,49586000
20/12/2018,50.91,51.71,49.82,50.47,53470000
21/12/2018,50.76,51.2,48.68,48.98,91920000
24/12/2018,48.69,50.18,48.51,48.81,31806000
26/12/2018,49.45,52,49.15,51.97,47466000
27/12/2018,50.86,52.19,49.85,52.19,42196000
28/12/2018,52.48,52.78,51.65,51.85,28296000
31/12/2018,52.55,52.63,51.18,51.78,29866000
2/1/2019,50.83,52.62,50.79,52.29,30652000
3/1/2019,52.05,52.85,50.7,50.8,36822000
4/1/2019,51.63,53.54,51.37,53.54,41878000
7/1/2019,53.58,53.7,52.74,53.42,39638000
8/1/2019,53.81,54.23,53.03,53.81,35298000
9/1/2019,54.08,54.13,53.32,53.73,23986000
10/1/2019,53.38,53.56,52.89,53.52,29128000
11/1/2019,53.16,53.19,52.42,52.86,30416000
14/1/2019,52.35,52.58,52.06,52.23,22886000
15/1/2019,52.51,54,52.37,53.86,29272000
16/1/2019,54,54.62,53.97,54.05,26636000
17/1/2019,53.97,54.59,53.67,54.49,24854000
18/1/2019,55,55.42,54.54,54.91,39112000
22/1/2019,54.4,54.58,53.17,53.53,32270000
23/1/2019,53.87,54.25,52.99,53.78,19340000
24/1/2019,53.82,53.97,53.03,53.69,27226000
25/1/2019,54.25,54.7,54.09,54.55,22382000
28/1/2019,54.01,54.15,53.19,53.5,25686000
29/1/2019,53.63,53.76,52.79,53.03,20436000
30/1/2019,53.42,54.55,53.34,54.45,25596000
31/1/2019,55.15,55.87,54.77,55.82,30766000
1/2/2019,55.62,56.25,55.24,55.54,29244000
4/2/2019,55.63,56.64,55.45,56.64,51530000
5/2/2019,56.24,57.34,55.86,57.3,71044000
6/2/2019,56.98,57.35,55.64,55.76,42112000
7/2/2019,55.21,55.24,54.3,54.94,40896000
8/2/2019,54.35,54.95,54.33,54.75,21516000
11/2/2019,54.85,55.3,54.64,54.75,21304000
12/2/2019,55.34,56.26,55.29,56.07,32182000
13/2/2019,56.25,56.74,55.92,56.01,20996000
14/2/2019,55.9,56.41,55.52,56.08,18952000
15/2/2019,56.5,56.58,55.53,55.68,28996000
19/2/2019,55.5,56.09,55.5,55.93,20928000
20/2/2019,56,56.17,55.26,55.69,21756000
21/2/2019,55.54,55.6,54.63,54.85,28302000
22/2/2019,55.04,55.56,54.78,55.52,20990000
25/2/2019,55.8,55.93,55.36,55.47,28262000
26/2/2019,55.29,55.98,55,55.76,29426000
27/2/2019,55.35,55.9,55.05,55.8,19368000
28/2/2019,55.56,56.38,55.55,56,30850000
1/3/2019,56.24,57.15,56.24,57.05,29006000
4/3/2019,57.35,57.91,56.53,57.39,28920000
5/3/2019,57.5,58.48,57.31,58.1,28864000
6/3/2019,58.12,58.38,57.77,57.89,21986000
7/3/2019,57.79,57.84,56.75,57.17,23332000
8/3/2019,56.34,57.35,56.17,57.12,24248000
11/3/2019,57.22,58.81,57.22,58.79,34384000
12/3/2019,58.91,60,58.91,59.66,40262000
13/3/2019,60.03,60.05,59.6,59.67,28718000
14/3/2019,59.73,59.89,59.22,59.28,23456000
15/3/2019,59.67,59.83,59.13,59.22,49236000
18/3/2019,59.17,59.5,58.87,59.21,25852000
19/3/2019,59.44,60,59.29,59.94,30414000
20/3/2019,59.87,61.36,59.81,61.2,44548000
21/3/2019,60.8,61.59,60.66,61.58,24080000
22/3/2019,61.32,61.5,60.14,60.28,34284000
25/3/2019,59.85,60.32,59.35,59.65,29936000
26/3/2019,59.93,60.14,58.84,59.23,38024000
27/3/2019,59.28,59.38,57.97,58.65,28004000
28/3/2019,58.58,58.58,57.97,58.42,19234000
29/3/2019,58.74,58.95,58.14,58.67,25398000
1/4/2019,59.21,59.83,59.1,59.72,25050000
2/4/2019,59.77,60.07,59.29,60.02,16558000
3/4/2019,60.37,60.81,60.03,60.3,20286000
4/4/2019,60.3,60.78,60.21,60.75,19000000
5/4/2019,60.75,60.81,60.25,60.36,18144000
8/4/2019,60.39,60.43,59.99,60.19,17204000
9/4/2019,59.8,60.11,59.65,59.86,17528000
10/4/2019,60.03,60.19,59.82,60.11,14492000
11/4/2019,60.2,60.4,60.01,60.23,14204000
12/4/2019,60.5,60.92,60.41,60.89,18668000
15/4/2019,60.9,61.21,60.46,61.06,23748000
16/4/2019,61.25,61.54,61.01,61.36,17126000
17/4/2019,61.65,62.03,61.39,61.82,24438000
18/4/2019,61.96,62.1,61.73,61.82,26636000
22/4/2019,61.8,62.45,61.42,62.44,16146000
23/4/2019,62.53,63.45,62.32,63.23,26398000
24/4/2019,63.21,63.4,62.75,62.8,20376000
25/4/2019,63.24,63.37,62.6,63.17,22146000
26/4/2019,63.45,63.65,63.02,63.61,24828000
29/4/2019,63.7,64.46,63.31,64.38,49988000
30/4/2019,59.25,59.64,58.75,59.42,124140000
1/5/2019,59.4,59.4,58.36,58.4,52784000
2/5/2019,58.39,58.71,57.75,58.13,38896000
3/5/2019,58.68,59.34,58.45,59.27,39614000
6/5/2019,58.31,59.54,58.31,59.47,31278000
7/5/2019,59.02,59.52,58.05,58.71,31028000
8/5/2019,58.6,59.02,58.29,58.31,26186000
9/5/2019,57.95,58.48,57.54,58.12,23714000
10/5/2019,58.18,58.63,57.12,58.21,26290000
13/5/2019,57.1,57.4,56.11,56.6,37212000
14/5/2019,56.86,57.02,55.98,56.02,36732000
15/5/2019,55.89,58.57,55.83,58.21,45786000
16/5/2019,58.23,59.41,58.14,58.95,30628000
17/5/2019,58.42,59.01,58,58.12,24172000
20/5/2019,57.22,57.34,56.57,56.94,27066000
21/5/2019,57.42,57.64,56.9,57.48,23196000
22/5/2019,57.34,57.93,57.29,57.57,18290000
23/5/2019,57.03,57.3,56.46,57.04,23978000
24/5/2019,57.37,57.49,56.58,56.67,22240000
28/5/2019,56.7,57.58,56.66,56.71,27300000
29/5/2019,56.38,56.46,55.41,55.82,30764000
30/5/2019,55.78,56.16,55.61,55.9,19038000
31/5/2019,55.06,55.48,55.01,55.18,30156000
3/6/2019,53.28,53.28,51.25,51.81,102612000
4/6/2019,52.15,52.8,51.68,52.65,56670000
5/6/2019,52.58,52.68,51.52,52.11,43368000
6/6/2019,52.25,52.37,51.69,52.22,34064000
7/6/2019,52.53,53.55,52.42,53.3,36048000
10/6/2019,53.65,54.63,53.62,54.02,29284000
11/6/2019,54.7,55.1,53.88,53.94,28734000
12/6/2019,53.9,54.05,53.38,53.85,21220000
13/6/2019,54.18,54.71,54.01,54.44,21154000
14/6/2019,54.32,54.63,54.01,54.27,22230000
17/6/2019,54.31,54.96,54.31,54.62,18832000
18/6/2019,55.48,55.82,54.95,55.18,27734000
19/6/2019,55.28,55.35,54.67,55.12,26776000
20/6/2019,56,56.01,55.24,55.57,25240000
21/6/2019,55.46,56.21,55.4,56.09,38952000
24/6/2019,55.98,56.1,55.55,55.78,27912000
25/6/2019,55.63,55.72,54.19,54.32,30938000
26/6/2019,54.33,54.65,53.61,53.99,36218000
27/6/2019,54.2,54.35,53.76,53.8,20086000
28/6/2019,53.82,54.05,53.67,54.05,33864000
1/7/2019,54.9,55.38,54.69,54.9,28726000
2/7/2019,55.11,55.59,54.91,55.56,19832000
3/7/2019,55.87,56.34,55.69,56.08,15340000
5/7/2019,55.89,56.64,55.81,56.58,25286000
8/7/2019,56.26,56.3,55.56,55.82,24728000
9/7/2019,55.59,56.4,55.36,56.24,26608000
10/7/2019,56.56,57.1,56.55,57.02,24190000
11/7/2019,57.16,57.65,56.98,57.21,23910000
12/7/2019,57.2,57.37,56.94,57.24,17280000
15/7/2019,57.34,57.54,56.97,57.52,18076000
16/7/2019,57.3,57.93,57.25,57.68,24776000
17/7/2019,57.55,57.92,57.29,57.32,23400000
18/7/2019,57.09,57.38,56.64,57.32,25814000
19/7/2019,57.41,57.56,56.48,56.51,32944000
22/7/2019,56.67,56.96,56.21,56.9,26030000
23/7/2019,57.2,57.35,56.59,57.31,21874000
24/7/2019,56.6,57.2,56.35,56.89,31796000
25/7/2019,56.89,57.08,56.05,56.61,44196000
26/7/2019,61.2,63.28,61.2,62.52,96116000
29/7/2019,62.05,62.37,61.41,61.97,44474000
30/7/2019,61.27,61.74,61.17,61.26,29066000
31/7/2019,61.15,61.7,60.39,60.83,34510000
1/8/2019,60.7,61.71,60.29,60.45,33970000
2/8/2019,60.04,60.35,59.45,59.7,32902000
5/8/2019,58.5,58.76,57.01,57.62,51950000
6/8/2019,58.17,59,58,58.5,34188000
7/8/2019,57.8,58.92,57.48,58.7,28886000
8/8/2019,59.14,60.25,58.65,60.24,29360000
9/8/2019,59.9,60.19,59.18,59.4,21314000
12/8/2019,58.96,59.25,58.38,58.74,20060000
13/8/2019,58.57,60.24,58.57,59.86,25888000
14/8/2019,58.82,59.12,58.03,58.21,31574000
15/8/2019,58.17,58.79,58.11,58.36,24374000
16/8/2019,58.98,59.14,58.59,58.88,26266000
19/8/2019,59.5,60.35,59.5,59.92,24632000
20/8/2019,59.76,59.8,59.11,59.13,18310000
21/8/2019,59.66,59.95,59.37,59.56,14814000
22/8/2019,59.7,59.9,58.93,59.48,18950000
23/8/2019,59.1,59.7,57.39,57.56,33740000
26/8/2019,57.86,58.47,57.65,58.44,24522000
27/8/2019,59.03,59.12,58.07,58.39,21544000
28/8/2019,58.09,58.82,57.87,58.55,16040000
29/8/2019,59.06,59.8,59.06,59.64,21768000
30/8/2019,59.92,59.92,59.19,59.4,22596000
3/9/2019,58.85,59.34,58.16,58.42,29598000
4/9/2019,58.84,59.17,58.55,59.07,21378000
5/9/2019,59.58,60.65,59.58,60.57,28162000
6/9/2019,60.41,60.6,60.13,60.25,21442000
9/9/2019,60.2,61,59.63,60.22,29438000
10/9/2019,59.76,60.5,59.73,60.3,25202000
11/9/2019,60.17,61.13,60.11,61.01,26140000
12/9/2019,61.22,62.09,61.15,61.71,34518000
13/9/2019,61.57,62.04,61.35,61.98,26028000
16/9/2019,61.48,61.98,61.28,61.56,21066000
17/9/2019,61.52,61.75,61.18,61.46,19102000
18/9/2019,61.38,61.78,60.83,61.62,22702000
19/9/2019,61.6,62.22,61.6,61.94,19920000
20/9/2019,61.66,62.17,61.15,61.5,45400000
23/9/2019,61.3,61.95,61.21,61.7,21248000
24/9/2019,62,62.34,60.53,60.94,31664000
25/9/2019,60.79,62.42,60.5,62.33,29060000
26/9/2019,62.1,62.25,61.61,62.07,30760000
27/9/2019,62.15,62.2,60.72,61.25,27078000
30/9/2019,61.05,61.3,60.62,60.95,28082000
1/10/2019,60.95,61.56,60.18,60.26,25470000
2/10/2019,59.85,59.85,58.56,58.83,32302000
3/10/2019,59,59.45,58.12,59.39,32424000
4/10/2019,59.59,60.57,59.46,60.45,23248000
7/10/2019,60.22,60.91,60.19,60.38,16858000
8/10/2019,59.88,60.3,59.45,59.46,20786000
9/10/2019,59.97,60.42,59.88,60.12,17354000
10/10/2019,59.93,60.75,59.87,60.43,16932000
11/10/2019,61.11,61.42,60.69,60.77,25454000
14/10/2019,60.62,61.32,60.59,60.86,17350000
15/10/2019,61.02,62.37,61.02,62.15,27634000
16/10/2019,62.06,62.74,61.92,62.18,21892000
17/10/2019,62.55,63.17,62.5,62.65,19048000
18/10/2019,62.67,62.94,62.05,62.27,27056000
21/10/2019,62.61,62.73,62.03,62.31,20544000
22/10/2019,62.39,62.53,62.07,62.14,20476000
23/10/2019,62.12,62.99,62.12,62.96,18230000
24/10/2019,63.04,63.2,62.69,63.05,20562000
25/10/2019,62.55,63.48,62.5,63.26,24262000
28/10/2019,63.77,64.97,63.63,64.5,52264000
29/10/2019,63.81,64.08,62.86,63.13,37728000
30/10/2019,62.65,63.47,62.6,63.06,28178000
31/10/2019,63.06,63.38,62.54,63.01,29114000
1/11/2019,63.25,63.73,63.03,63.69,33402000
4/11/2019,63.82,64.71,63.82,64.57,30020000
5/11/2019,64.64,64.95,64.56,64.6,25654000
6/11/2019,64.47,64.69,64.12,64.59,23060000
7/11/2019,64.71,66.19,64.71,65.44,40600000
8/11/2019,65.26,65.9,65.22,65.57,25028000
11/11/2019,65.16,65.32,64.87,64.96,20238000
12/11/2019,65,65.5,64.79,64.94,21718000
13/11/2019,64.7,65.21,64.68,64.9,16534000
14/11/2019,64.88,65.85,64.78,65.57,23870000
15/11/2019,65.95,66.74,65.71,66.74,35652000
18/11/2019,66.61,66.78,65.88,66.04,29748000
19/11/2019,66.39,66.39,65.64,65.77,25384000
20/11/2019,65.59,65.75,64.56,65.15,26172000
21/11/2019,65.07,65.63,64.65,65.07,19910000
22/11/2019,65.28,65.44,64.57,64.77,27714000
25/11/2019,64.96,65.57,64.91,65.33,20724000
26/11/2019,65.49,65.74,65.25,65.68,21394000
27/11/2019,65.75,65.92,65.48,65.65,19912000
29/11/2019,65.36,65.51,65.2,65.25,11740000
2/12/2019,65.05,65.29,64.05,64.5,30218000
3/12/2019,63.98,64.92,63.95,64.76,22876000
4/12/2019,65.35,66.29,65.24,66.03,30750000
5/12/2019,66.4,66.47,65.82,66.41,24254000
6/12/2019,66.67,67.2,66.67,67.03,26296000
9/12/2019,66.9,67.97,66.89,67.18,27086000
10/12/2019,67.07,67.5,66.8,67.23,21882000
11/12/2019,67.54,67.56,67.13,67.25,17008000
12/12/2019,67.3,67.79,67.03,67.51,25620000
13/12/2019,67.4,67.65,67.19,67.39,30992000
16/12/2019,67.82,68.23,67.63,68.06,27946000
17/12/2019,68.14,68.25,67.57,67.76,37080000
18/12/2019,67.83,68.02,67.55,67.63,30452000
19/12/2019,67.59,67.9,67.45,67.8,29398000
20/12/2019,68.17,68.18,67.45,67.48,66300000
23/12/2019,67.79,67.99,67.33,67.44,17662000
24/12/2019,67.43,67.51,67.14,67.18,6950000
26/12/2019,67.31,68.07,67.22,68.02,13350000
27/12/2019,68.15,68.23,67.47,67.59,20768000
30/12/2019,67.5,67.65,66.7,66.81,21018000
31/12/2019,66.51,66.9,66.45,66.85,19236000
2/1/2020,67.08,68.41,67.08,68.37,28132000
3/1/2020,67.39,68.62,67.28,68.03,23728000
6/1/2020,67.5,69.82,67.5,69.71,34646000
7/1/2020,69.9,70.15,69.52,69.67,30054000
8/1/2020,69.6,70.58,69.54,70.22,30560000
9/1/2020,71.03,71.37,70.51,70.99,30018000
10/1/2020,71.38,71.75,70.92,71.49,36414000
13/1/2020,71.81,72.03,71.3,71.96,33046000
14/1/2020,71.95,72.09,71.42,71.54,31178000
15/1/2020,71.51,72.07,71.51,71.96,25654000
16/1/2020,72.37,72.6,72.05,72.58,23474000
17/1/2020,73.15,74.06,72.91,74.02,47924000
21/1/2020,73.96,74.59,73.56,74.22,40734000
22/1/2020,74.55,75.16,74.25,74.3,32216000
23/1/2020,74.38,74.78,74.11,74.33,27024000
24/1/2020,74.68,74.77,73.26,73.34,35692000
27/1/2020,71.55,71.9,71.06,71.69,35104000
28/1/2020,72.15,72.8,71.62,72.63,31548000
29/1/2020,72.94,73.27,72.34,72.93,21554000
30/1/2020,72,72.86,71.82,72.79,26788000
31/1/2020,73.44,73.51,71.43,71.71,48344000
3/2/2020,73.1,74.5,72.95,74.3,60736000
4/2/2020,72.85,73.47,71.32,72.35,78660000
5/2/2020,73.12,73.19,71.53,72.41,39724000
6/2/2020,72.52,74.1,72.48,73.81,33588000
7/2/2020,73.36,74.29,73.32,73.96,23446000
10/2/2020,73.72,75.47,73.72,75.43,28398000
11/2/2020,75.59,76.48,75.28,75.44,26892000
12/2/2020,75.72,76.03,75.41,75.91,23352000
13/2/2020,75.63,76.36,75.23,75.73,18590000
14/2/2020,75.78,76.04,75.37,76.04,23956000
18/2/2020,75.75,76.58,75.63,75.98,22414000
19/2/2020,76.25,76.61,76.07,76.33,18986000
20/2/2020,76.1,76.48,75.34,75.91,21932000
21/2/2020,75.4,75.61,74.02,74.26,34634000
24/2/2020,71.31,71.85,70.57,71.08,57342000
25/2/2020,71.65,71.91,69.12,69.42,49566000
26/2/2020,69.81,70.79,68.95,69.66,44048000
27/2/2020,68.1,68.59,65.86,65.9,59566000
28/2/2020,63.88,67.06,63.55,66.97,75782000
2/3/2020,67.58,69.54,66.34,69.46,48630000
3/3/2020,69.97,70.51,66.6,67.07,48046000
4/3/2020,67.96,69.4,67.16,69.33,38266000
5/3/2020,67.51,67.95,65.25,65.95,51226000
6/3/2020,63.85,65.31,63.05,64.92,53212000
9/3/2020,60.26,62.74,60,60.78,67308000
10/3/2020,63,64.06,60.94,64.02,52228000
11/3/2020,62.49,63.05,59.8,60.77,52170000
12/3/2020,56.3,59.69,55.67,55.75,84534000
13/3/2020,58.95,60.99,55.86,60.99,74002000
16/3/2020,54.8,57.61,53.72,54.22,85048000
17/3/2020,54.66,56.54,52.8,55.99,77230000
18/3/2020,52.83,55.33,51.86,54.84,84668000
19/3/2020,54.65,57.9,53.01,55.76,73022000
20/3/2020,56.79,57.2,53.27,53.62,72036000
23/3/2020,53.07,53.57,50.68,52.83,80882000
24/3/2020,55.19,56.75,54.53,56.72,66890000
25/3/2020,56.32,57.44,54.3,55.12,81630000
26/3/2020,55.59,58.5,54.68,58.09,71434000
27/3/2020,56.28,57.53,55.3,55.54,64170000
30/3/2020,56.25,57.58,54.82,57.34,51482000
31/3/2020,57.37,58.77,56.91,58.14,49728000
1/4/2020,56.1,56.48,54.87,55.28,46884000
2/4/2020,54.91,56.34,54.82,56.04,39298000
3/4/2020,55.95,56.18,53.99,54.89,46268000
6/4/2020,56.9,59.73,56.55,59.35,53294000
7/4/2020,61.05,61.25,59.11,59.33,47746000
8/4/2020,60.33,60.95,59.41,60.51,39502000
9/4/2020,61.2,61.28,59.84,60.57,43508000
13/4/2020,60.46,61.03,59.38,60.88,34796000
14/4/2020,62.25,64.1,61.85,63.46,49408000
15/4/2020,62.28,64.02,62.02,63.12,33434000
16/4/2020,63.71,63.95,62.13,63.17,50362000
17/4/2020,64.24,64.72,63.56,64.16,38980000
20/4/2020,63.55,64.08,63.07,63.33,33910000
21/4/2020,62.35,62.71,60.49,60.82,43060000
22/4/2020,62.28,64.28,62.1,63.16,41848000
23/4/2020,63.58,64.67,63.28,63.82,31324000
24/4/2020,63.06,64.02,62.47,63.97,32792000
27/4/2020,64.8,64.81,63.45,63.79,32012000
28/4/2020,64.4,64.4,61.61,61.68,59026000
29/4/2020,67.07,68,66.27,67.07,75872000
30/4/2020,66.24,67.64,66.12,67.43,53378000
1/5/2020,66.43,67.6,65.55,66.03,41450000
4/5/2020,65.41,66.38,64.95,66.34,30080000
5/5/2020,66.9,68.7,66.87,67.56,33030000
6/5/2020,68.08,68.56,67.36,67.36,24308000
7/5/2020,68.3,68.88,67.76,68.63,27952000
8/5/2020,69.16,69.94,68.77,69.42,27738000
11/5/2020,68.91,70.83,68.86,70.16,28242000
12/5/2020,70.36,70.75,68.74,68.79,27812000
13/5/2020,68.85,69.27,66.42,67.47,36252000
14/5/2020,66.75,67.87,66.2,67.81,32062000
15/5/2020,67.5,68.72,66.95,68.66,34154000
18/5/2020,68.09,69.62,67.71,69.2,36448000
19/5/2020,69.35,69.6,68.67,68.67,25612000
20/5/2020,69.48,70.52,69.36,70.34,33108000
21/5/2020,70.4,70.77,69.67,70.14,27700000
22/5/2020,69.84,70.64,69.59,70.52,26188000
26/5/2020,71.86,72.05,70.61,70.85,41212000
27/5/2020,70.86,71.09,69.56,70.89,33716000
28/5/2020,69.84,72.04,69.8,70.84,33844000
29/5/2020,70.85,71.63,70.67,71.45,36418000
1/6/2020,70.92,71.9,70.9,71.59,24342000
2/6/2020,71.53,71.98,70.94,71.96,25562000
3/6/2020,71.92,72.33,71.49,71.82,25124000
4/6/2020,71.52,71.95,70.24,70.61,29686000
5/6/2020,70.66,72.25,70.3,71.92,34698000
8/6/2020,71.12,72.4,71.12,72.33,28084000
9/6/2020,72.27,73.4,72.16,72.81,28184000
10/6/2020,72.98,73.71,72.81,73.29,30504000
11/6/2020,72.12,72.72,70.1,70.19,39826000
12/6/2020,71.42,71.85,69.3,70.66,38928000
15/6/2020,69.54,71.24,69.4,70.99,30078000
16/6/2020,72.26,72.75,71.29,72.14,34184000
17/6/2020,72.36,73,71.57,72.56,30992000
18/6/2020,72.46,72.57,71.35,71.8,31638000
19/6/2020,72.2,72.39,71.07,71.59,63158000
22/6/2020,71.45,72.64,71.16,72.59,30848000
23/6/2020,72.78,73.8,72.26,73.22,28596000
24/6/2020,73.08,73.77,71.49,71.6,35120000
25/6/2020,71.5,72.14,71,72.07,24610000
26/6/2020,71.57,71.67,67.6,68,85354000
29/6/2020,67.91,69.78,67.35,69.75,36204000
30/6/2020,69.52,70.93,69.2,70.68,40848000
1/7/2020,70.56,72.15,70.49,71.9,35504000
2/7/2020,72.35,74.15,72.32,73.24,37182000
6/7/2020,74,75.33,73.64,74.79,31280000
7/7/2020,74.5,75.84,74.18,74.26,29164000
8/7/2020,74.72,75.29,74.28,74.8,24994000
9/7/2020,75.32,76.14,74.4,75.55,28466000
10/7/2020,75.31,77.19,74.83,77.09,37126000
13/7/2020,77.5,78.86,75.26,75.57,36928000
14/7/2020,74.52,76.15,74.18,76.03,31700000
15/7/2020,76.16,76.77,74.9,75.68,32214000
16/7/2020,75,75.93,74.32,75.9,30386000
17/7/2020,76.08,76.17,74.92,75.78,29134000
20/7/2020,75.76,78.51,75.18,78.29,31146000
21/7/2020,79.35,79.35,77.71,77.92,24324000
22/7/2020,78.03,78.5,77.31,78.42,18640000
23/7/2020,78.35,78.59,75.37,75.78,32552000
24/7/2020,74.95,75.88,74.42,75.59,30880000
27/7/2020,75.78,77.05,75.76,76.51,24920000
28/7/2020,76.26,76.32,74.88,75.02,34044000
29/7/2020,75.32,76.56,75.07,76.1,22130000
30/7/2020,74.85,76.89,74.61,76.57,33428000
31/7/2020,75.25,75.45,72.7,74.15,68798000
3/8/2020,74.33,74.52,73.28,73.72,46604000
4/8/2020,73.83,74.28,72.93,73.25,38070000
5/8/2020,73.46,74.12,73.17,73.68,39590000
6/8/2020,73.59,75.12,73.3,75,39908000
7/8/2020,75,75.84,74.08,74.72,31556000
10/8/2020,74.36,75.2,73.65,74.81,25786000
11/8/2020,74.62,75.5,73.9,74.02,29088000
12/8/2020,74.28,75.62,74.26,75.33,28740000
13/8/2020,75.52,76.86,75.4,75.92,29104000
14/8/2020,75.78,76.1,75.14,75.39,27096000
17/8/2020,75.73,76.28,75.4,75.9,27566000
18/8/2020,76.31,78.12,76.19,77.93,40542000
19/8/2020,77.67,78.68,77.2,77.38,33212000
20/8/2020,77.17,79.29,76.91,79.09,34138000
21/8/2020,78.85,79.89,78.4,79.02,28930000
24/8/2020,79.7,80.71,79.03,79.41,28198000
25/8/2020,79.1,80.58,79.1,80.41,44942000
26/8/2020,80.4,82.96,80.18,82.62,79868000
27/8/2020,82.68,82.75,81.29,81.72,37232000
28/8/2020,81.67,82.36,81.54,82.22,29980000
31/8/2020,82.39,82.4,81.52,81.71,36468000
1/9/2020,81.83,83.29,81.61,83.04,36506000
2/9/2020,83.69,86.66,83.32,86.41,50224000
3/9/2020,85.49,85.49,80.75,82.09,62156000
4/9/2020,81.21,82.26,77.38,79.55,52172000
8/9/2020,76.68,78.19,76.4,76.62,52218000
9/9/2020,77.88,78.45,76.8,77.85,35494000
10/9/2020,78.03,79.2,76.29,76.6,32372000
11/9/2020,76.8,78.76,74.87,76.04,31942000
14/9/2020,76.95,78.2,75.79,75.96,33932000
15/9/2020,76.8,77.98,76.59,77.07,26622000
16/9/2020,77.78,78.1,75.99,76.04,26234000
17/9/2020,74.8,75.41,73.5,74.78,37596000
18/9/2020,74.9,75.15,71.86,73,62078000
21/9/2020,72,72.42,70.33,71.56,57776000
22/9/2020,72.5,73.48,71.73,73.27,31664000
23/9/2020,72.94,73.05,70.39,70.76,33148000
24/9/2020,70.55,72.19,70.49,71.41,29004000
25/9/2020,71.63,72.5,70.67,72.25,26460000
28/9/2020,73.71,73.84,72.47,73.23,40158000
29/9/2020,73.52,73.83,72.94,73.47,19564000
30/9/2020,73.34,74.49,72.99,73.48,34032000
1/10/2020,74.21,74.95,73.96,74.5,35590000
2/10/2020,73.1,74.16,72.55,72.92,25682000
5/10/2020,73.31,74.41,73.21,74.3,22266000
6/10/2020,73.78,74.34,72.43,72.67,24908000
7/10/2020,73.21,73.45,71.8,73.01,34924000
8/10/2020,73.25,74.5,73.25,74.3,23756000
9/10/2020,74.74,75.83,74.47,75.76,28706000
12/10/2020,77.15,79.69,76.63,78.46,49652000
13/10/2020,79.19,79.5,78.16,78.58,32020000
14/10/2020,78.93,79.38,77.53,78.4,38586000
15/10/2020,77.36,78.76,77.25,77.96,30800000
16/10/2020,78.29,79.06,78.15,78.65,28694000
19/10/2020,79.02,79.41,76.4,76.73,32142000
20/10/2020,76.35,78.88,76.28,77.8,44834000
21/10/2020,78.67,80.94,78.58,79.67,51366000
22/10/2020,79.65,81.1,79.25,80.77,28672000
23/10/2020,81.3,82.12,81.03,82.05,27516000
26/10/2020,81.25,81.91,78.82,79.52,37066000
27/10/2020,79.78,80.34,79.14,80.21,24580000
28/10/2020,77.99,78.07,75.73,75.83,36680000
29/10/2020,76.12,79.69,76.11,78.36,40062000
30/10/2020,83.61,84.35,80.22,81.05,86582000
2/11/2020,81.41,83.04,80.8,81.3,50708000
3/11/2020,81.59,83.08,80.83,82.51,33234000
4/11/2020,85.51,88.57,85.3,87.46,71418000
5/11/2020,89.05,89.68,87.53,88.17,41316000
6/11/2020,87.7,88.62,87.02,88.09,33218000
9/11/2020,89.54,90.9,88,88.15,45366000
10/11/2020,86.55,88.15,85.86,87.02,52722000
11/11/2020,87.5,88.21,87.37,87.64,25280000
12/11/2020,87.38,88.41,87.28,87.49,24950000
13/11/2020,87.88,89.05,87.23,88.85,29998000
16/11/2020,88.58,89.95,88.38,89.07,24936000
17/11/2020,88.85,89.25,88.35,88.51,22942000
18/11/2020,88.26,88.67,87.31,87.34,23470000
19/11/2020,86.92,88.48,86.85,88.2,24998000
20/11/2020,88.26,88.7,87.09,87.11,46270000
23/11/2020,87.48,87.69,85.89,86.74,43232000
24/11/2020,86.53,88.58,86.38,88.44,31560000
25/11/2020,88.64,88.93,87.83,88.57,20916000
27/11/2020,88.65,90.2,88.62,89.66,17698000
30/11/2020,89.06,89.4,87.75,88.04,36476000
1/12/2020,88.72,91.24,88.47,89.9,34738000
2/12/2020,89.9,91.78,89.47,91.4,24440000
3/12/2020,91.2,92.36,91.13,91.34,24546000
4/12/2020,91.23,91.66,90.85,91.4,27564000
7/12/2020,90.95,91.62,90.29,90.97,26418000
8/12/2020,90.5,91.1,89.81,90.93,21926000
9/12/2020,90.6,91.71,88.39,89.21,30152000
10/12/2020,88.49,89.07,87.02,88.77,27256000
11/12/2020,88.15,89.22,88,89.09,24414000
14/12/2020,88.75,89.87,87.86,88,32004000
15/12/2020,88.22,88.57,87.5,88.39,29646000
16/12/2020,88.64,88.65,87.8,88.15,30270000
17/12/2020,88.43,88.59,86.93,87.39,32494000
18/12/2020,87.71,87.76,86.01,86.55,80328000
21/12/2020,85.68,87.04,84.95,86.97,36568000
22/12/2020,86.72,86.87,85.63,86.18,18734000
23/12/2020,86.41,87.4,86.25,86.62,20676000
24/12/2020,86.75,87.3,86.46,86.94,6936000
28/12/2020,87.58,89.54,87.32,88.8,27860000
29/12/2020,89.39,89.62,87.8,87.94,25988000
30/12/2020,88.1,88.25,86.28,86.98,26122000
31/12/2020,86.77,87.95,86.77,87.59,20238000
4/1/2021,87.88,88.03,85.39,86.41,38038000
5/1/2021,86.25,87.38,85.9,87.05,22906000
6/1/2021,85.13,87.4,84.95,86.76,52042000
7/1/2021,87,89.42,86.85,89.36,45300000
8/1/2021,89.4,90.49,88.68,90.36,41012000
11/1/2021,89.3,89.72,88.03,88.34,24194000
12/1/2021,87.7,88.9,86.27,87.33,27140000
13/1/2021,86.93,88.25,86.9,87.72,21882000
14/1/2021,87.68,88.75,86.67,87.01,23590000
15/1/2021,86.91,87.8,86.08,86.81,26844000
19/1/2021,87.61,90.46,87.07,89.54,34692000
20/1/2021,91.57,95.19,91.28,94.35,49806000
21/1/2021,94.9,96.74,94.36,94.56,41278000
22/1/2021,94.78,95.55,94.09,95.05,25442000
25/1/2021,96.03,96.48,93.38,94.97,38546000
26/1/2021,94.44,96.25,94.21,95.86,26262000
27/1/2021,94.13,94.5,90.45,91.54,54966000
28/1/2021,92.2,94.94,92.13,93.16,35462000
29/1/2021,92.31,92.86,90.51,91.79,32252000
1/2/2021,92.68,96.12,92.55,95.07,32044000
2/2/2021,96.13,97.79,95.72,96.38,45474000
3/2/2021,103.65,105.82,100.92,103.5,82364000
4/2/2021,103.44,103.93,102.13,103.12,37046000
5/2/2021,103.5,105.13,102.97,104.9,30702000
8/2/2021,105.3,106.18,103.6,104.65,24838000
9/2/2021,103.93,105.26,103.93,104.18,17798000
10/2/2021,104.71,105.42,103.15,104.77,22710000
11/2/2021,104.98,105.1,103.87,104.79,18914000
12/2/2021,104.51,105.44,104.16,105.21,17114000
16/2/2021,105.22,107.63,105.22,106.1,22676000
17/2/2021,105,106.68,104.95,106.42,21418000
18/2/2021,105.52,106.64,105.19,105.86,22432000
19/2/2021,105.96,106.53,104.87,105.06,29148000
22/2/2021,103.35,104.57,103.11,103.24,27350000
23/2/2021,101.25,104.1,100.1,103.54,33348000
24/2/2021,102.09,105.04,101.91,104.76,24966000
25/2/2021,103.37,104.74,101.06,101.57,36568000
26/2/2021,102.53,103.55,100.8,101.84,41670000
1/3/2021,102.83,104.33,102.31,104.08,28090000
2/3/2021,103.81,105.22,103.56,103.79,22692000
3/3/2021,103.36,104.43,100.5,101.34,29684000
4/3/2021,101.17,104.46,101.01,102.45,42360000
5/3/2021,103.66,105.91,102.32,105.43,43904000
8/3/2021,105.06,106.44,101.08,101.21,32948000
9/3/2021,103.5,103.9,102.39,102.64,33946000
10/3/2021,103.59,103.75,101.67,102.75,25372000
11/3/2021,103.7,106.29,103.62,105.74,24782000
12/3/2021,104.25,104.51,102.38,103.1,34516000
15/3/2021,103.11,103.35,102.18,103.32,25962000
16/3/2021,103.95,106.18,103.5,104.63,29832000
17/3/2021,103.8,105.49,102.7,104.55,25980000
18/3/2021,103.05,103.78,101.68,101.81,27228000
19/3/2021,102.1,102.65,100.88,102.16,46298000
22/3/2021,102.09,102.9,101.3,101.93,39096000
23/3/2021,102.58,103.62,101.96,102.65,27340000
24/3/2021,103.27,103.91,102.08,102.25,23080000
25/3/2021,102.24,102.94,100.54,102.22,28378000
26/3/2021,101.94,102.55,100.7,101.78,29870000
29/3/2021,101.39,102.92,100.78,102.8,24596000
30/3/2021,102.88,103.54,102.2,102.78,20732000
31/3/2021,102.96,104.67,102.84,103.43,29198000
1/4/2021,104.9,107.15,104.84,106.89,33980000
5/4/2021,107.65,111.87,107.58,111.28,43298000
6/4/2021,111.12,111.88,110.74,111.24,27060000
7/4/2021,111.31,112.75,111.27,112.48,25798000
8/4/2021,113.9,114.2,112.88,113.27,27166000
9/4/2021,112.83,114.45,112.69,114.29,20888000
12/4/2021,113.31,113.77,111.92,112.74,31318000
13/4/2021,113.07,113.86,112.8,113.36,23310000
14/4/2021,113.76,113.9,112.46,112.74,20220000
15/4/2021,113.85,115.33,113.3,114.83,27472000
16/4/2021,115.15,115.32,114.22,114.89,22596000
19/4/2021,114.6,115.92,114.39,115.12,24688000
20/4/2021,115.39,115.48,113.59,114.68,21774000
21/4/2021,114.26,114.77,112.93,114.66,23930000
22/4/2021,114.66,115.19,112.82,113.4,21096000
23/4/2021,114.17,116.29,113.91,115.76,28670000
26/4/2021,116,117.06,115.69,116.34,20834000
27/4/2021,116.8,116.87,115.21,115.36,31972000
28/4/2021,120.36,122.62,118.74,119,59728000
29/4/2021,120.52,121.83,120.11,121.49,39554000
30/4/2021,120.22,121.36,120.11,120.51,39142000
3/5/2021,120.14,120.99,119.22,119.76,33788000
4/5/2021,118.49,118.96,115.58,117.71,35120000
5/5/2021,118.42,119.11,117.57,117.84,21806000
6/5/2021,117.53,119.14,117.12,119.07,20618000
7/5/2021,120,120.82,119.5,119.93,23272000
10/5/2021,118.74,118.9,116.74,117.08,26006000
11/5/2021,114.59,116.1,114.15,115.44,32110000
12/5/2021,113.09,114.27,111.5,111.95,34934000
13/5/2021,113.05,113.83,112.14,113.1,26670000
14/5/2021,114.59,116.06,114.17,115.81,26624000
17/5/2021,115.47,116.17,114.75,116.07,19842000
18/5/2021,116.85,117.16,115.16,115.17,17302000
19/5/2021,113.22,115.84,113.18,115.44,19350000
20/5/2021,116.4,118.02,116.05,117.8,23832000
21/5/2021,118.3,118.45,117.12,117.25,22832000
24/5/2021,118.35,120.92,118.01,120.33,21244000
25/5/2021,121,121.64,120.15,120.45,18838000
26/5/2021,120.64,122.15,120.63,121.68,21856000
27/5/2021,121.85,122,120.1,120.13,38962000
28/5/2021,121.1,121.41,120.38,120.58,24108000
1/6/2021,121.1,121.9,120.24,121.49,19166000
2/6/2021,121.77,122.1,120.21,121.06,17158000
3/6/2021,119.75,120.49,119.14,120.23,18346000
4/6/2021,121.13,122.69,120.89,122.59,25948000
7/6/2021,122.57,123.4,122.05,123.3,23850000
8/6/2021,124,124.72,123.41,124.14,25060000
9/6/2021,124.97,125.25,124.37,124.57,20126000
10/6/2021,124.7,126.16,124.7,126.08,31234000
11/6/2021,126.25,126.35,124.91,125.7,25240000
14/6/2021,125.67,126.41,125.05,126.35,22550000
15/6/2021,126.52,126.86,125.65,126.03,22182000
16/6/2021,126.25,126.52,124.15,125.7,26316000
17/6/2021,125.52,127.2,125.51,126.37,25756000
18/6/2021,125.71,126.39,124.6,125.57,53306000
21/6/2021,125.74,127.04,125.13,126.46,26256000
22/6/2021,126.45,127.27,126.03,127,20984000
23/6/2021,126.55,127.8,126.25,126.46,19694000
24/6/2021,127.05,127.54,126.96,127.28,18934000
25/6/2021,126.96,127.5,126.44,127,33484000
28/6/2021,127,127.34,125.97,126.82,28110000
29/6/2021,126.77,127,125.44,126.02,20950000
30/6/2021,125.65,125.8,124.76,125.32,24006000
1/7/2021,124.85,126.46,124.85,126.37,17120000
2/7/2021,126.84,128.85,126.77,128.72,21160000
6/7/2021,129.45,129.88,128.41,129.77,21350000
7/7/2021,130.34,130.64,129.76,130.08,16680000
8/7/2021,128.25,130.03,128.04,129.18,19780000
9/7/2021,128.94,129.85,128.94,129.57,15106000
12/7/2021,129.83,130.77,129.6,130.56,16944000
13/7/2021,130.88,132.04,130.64,130.99,16618000
14/7/2021,131.9,133,131.9,132.08,17912000
15/7/2021,132.5,132.6,130.6,131.27,16586000
16/7/2021,131.64,132.18,130.82,131.85,14856000
19/7/2021,131.16,131.25,128.54,129.25,25710000
20/7/2021,130,132,129.19,131.1,19084000
21/7/2021,130.79,132.62,130.6,132.6,14742000
22/7/2021,132.65,133.5,132.4,133.33,13608000
23/7/2021,135.26,138.81,134.7,137.82,26378000
26/7/2021,138.25,139.71,137.65,139.64,23052000
27/7/2021,140.01,140.01,135.1,136.8,42164000
28/7/2021,138.56,139.68,136.35,136.38,54688000
29/7/2021,136.38,137.15,136.14,136.54,19284000
30/7/2021,135.51,135.77,134.81,135.22,23954000
2/8/2021,135.48,136.02,134.67,135.99,20140000
3/8/2021,136,136.34,134.18,136.28,19064000
4/8/2021,136.25,136.54,135.41,136.03,16528000
5/8/2021,136.03,136.95,135.6,136.94,11866000
6/8/2021,136.29,137.08,136.05,137.04,13560000
9/8/2021,136.95,138.32,136.43,138,12374000
10/8/2021,138.08,138.55,137.23,138.1,16034000
11/8/2021,138.28,138.85,137.35,137.69,15204000
12/8/2021,137.71,138.42,136.78,138.39,14646000
13/8/2021,138.36,138.67,138.01,138.41,12580000
16/8/2021,138,138.99,136.17,138.92,18040000
17/8/2021,138.19,138.72,136.79,137.3,21272000
18/8/2021,137.12,138.29,136.42,136.57,14934000
19/8/2021,135.47,137.45,135.36,136.91,18296000
20/8/2021,137.08,138.61,136.47,138.44,15564000
23/8/2021,139,142.18,138.75,141.1,21090000
24/8/2021,141.54,143.01,141.35,142.4,15126000
25/8/2021,142.88,143.31,142.44,142.95,12838000
26/8/2021,142.62,143.13,142.09,142.12,14922000
27/8/2021,142.11,145.01,142.02,144.55,24562000
30/8/2021,144.7,146.49,144.6,145.47,16916000
31/8/2021,145.88,146.11,145,145.46,26756000
1/9/2021,145.65,146.82,145.61,145.84,15824000
2/9/2021,145.95,146.32,144.11,144.22,21844000
3/9/2021,144.15,145.38,143.51,144.77,19104000
7/9/2021,144.75,145.82,144.54,145.52,15170000
8/9/2021,145.39,145.55,144.2,144.88,15486000
9/9/2021,144.88,145.67,144.43,144.91,14798000
10/9/2021,145.44,146.02,141.74,141.92,32896000
13/9/2021,143.2,144.19,142.28,143.46,20176000
14/9/2021,144.16,144.73,142.91,143.41,18916000
15/9/2021,143.76,145.58,142.26,145.21,20648000
16/9/2021,145.12,145.2,143.42,144.37,20292000
17/9/2021,143.8,144.25,141.06,141.46,60040000
20/9/2021,139,139.36,137.05,139.02,34918000
21/9/2021,140.12,140.81,138.91,139.65,18130000
22/9/2021,140.05,141.58,139.47,140.94,22068000
23/9/2021,141.61,142.25,141.1,141.83,17272000
24/9/2021,140.95,142.9,140.85,142.63,14950000
27/9/2021,141.59,142.5,140.5,141.5,18844000
28/9/2021,139.09,139.61,135.7,136.18,42190000
29/9/2021,137.11,137.4,134.25,134.52,26338000
30/9/2021,134.32,135.59,133,133.27,35294000
1/10/2021,133.55,137.07,133.38,136.46,28388000
4/10/2021,135.7,135.7,131.17,133.76,31530000
5/10/2021,134,137.36,134,136.18,24126000
6/10/2021,134.63,137.85,134.49,137.35,19764000
7/10/2021,138.86,140.15,138.56,139.19,18250000
8/10/2021,139.91,140.32,139.43,140.06,18924000
11/10/2021,139.8,140.76,138.81,138.85,16584000
12/10/2021,139.64,139.7,136.25,136.71,22536000
13/10/2021,137.75,138.55,136.98,137.9,16380000
14/10/2021,139.95,141.65,139.34,141.41,21426000
15/10/2021,142.2,142.2,141.06,141.68,21250000
18/10/2021,141.21,143,141.21,142.96,16564000
19/10/2021,143.29,144.11,143.1,143.82,15316000
20/10/2021,144.22,144.25,141.91,142.41,17940000
21/10/2021,142.19,142.85,141.64,142.78,14850000
22/10/2021,140.35,141.56,137.17,138.62,30182000
25/10/2021,138.81,139.21,136.75,138.77,21082000
26/10/2021,140.61,140.84,139.01,139.67,28258000
27/10/2021,139.9,149.12,139.9,146.43,51850000
28/10/2021,147.3,147.42,144.76,146.13,32418000
29/10/2021,145.52,148.61,145.17,148.27,28954000
1/11/2021,148.16,148.4,143.58,143.77,32272000
2/11/2021,144.81,146.92,144.64,145.86,21150000
3/11/2021,146.27,146.91,145.05,146.79,17886000
4/11/2021,147.2,149.95,146.63,148.68,24700000
5/11/2021,149.35,150.57,148.65,149.24,20408000
8/11/2021,150,151.03,149.12,149.35,18388000
9/11/2021,149.75,150.38,147.51,149.25,16876000
10/11/2021,148.01,148.7,145.32,146.63,22708000
11/11/2021,147.11,148.5,146.69,146.75,12464000
12/11/2021,147.83,149.86,146.45,149.65,17048000
15/11/2021,150,150.48,148.65,149.39,16248000
16/11/2021,149.17,149.83,148.35,149.08,17254000
17/11/2021,149.23,149.63,148.56,149.06,15290000
18/11/2021,149.15,151.61,149,150.71,26658000
19/11/2021,151,151.85,149.89,149.95,19766000
22/11/2021,150.14,150.74,147.01,147.08,24608000
23/11/2021,147.11,147.69,144.89,146.76,18126000
24/11/2021,146.35,147,145.2,146.72,16464000
26/11/2021,145.02,145.3,142.49,142.81,16992000
29/11/2021,144.3,146.86,144.3,146.11,26276000
30/11/2021,145.45,146.63,142.07,142.45,41590000
1/12/2021,144.21,146.5,141.5,141.62,28476000
2/12/2021,141.82,144.68,140.98,143.78,21250000
3/12/2021,144.5,145.21,141.15,142.52,26688000
6/12/2021,143.57,144.35,140.65,143.8,22198000
7/12/2021,145.95,148.3,145.7,148.04,23258000
8/12/2021,148.33,149.16,147.2,148.72,18964000
9/12/2021,148.18,149.6,147.53,148.11,18580000
10/12/2021,149.1,149.4,147.36,148.68,21634000
13/12/2021,148.44,148.56,146.36,146.7,24104000
14/12/2021,144.77,145.44,142.24,144.97,24778000
15/12/2021,144.37,147.52,142.71,147.37,27280000
16/12/2021,148.08,148.55,144.09,144.84,27400000
17/12/2021,142.71,144.46,141.79,142.8,43404000
20/12/2021,140.68,142.61,140.25,142.4,20264000
21/12/2021,143.15,144.69,141.74,144.22,19548000
22/12/2021,144.1,147.3,143.96,146.95,18438000
23/12/2021,147.09,148.57,146.95,147.14,13818000
27/12/2021,147.46,148.43,147.25,148.06,13256000
28/12/2021,148.37,148.37,145.94,146.45,18624000
29/12/2021,146.43,147.18,145.5,146.5,17022000
30/12/2021,146.45,147.06,145.76,146,12978000
31/12/2021,145.54,146.37,144.68,144.68,17298000
3/1/2022,144.48,145.55,143.5,145.07,25214000
4/1/2022,145.55,146.61,143.82,144.42,22928000
5/1/2022,144.18,144.3,137.52,137.65,49642000
6/1/2022,137.5,139.69,136.76,137.55,29050000
7/1/2022,137.9,138.25,135.79,137,19408000
10/1/2022,135.1,138.64,133.14,138.57,34096000
11/1/2022,138.18,140.33,136.81,140.02,23502000
12/1/2022,141.55,142.81,141.11,141.65,23642000
13/1/2022,141.84,143.19,138.91,139.13,26566000
14/1/2022,137.5,141.2,137.5,139.79,23826000
18/1/2022,136.6,137.39,135.62,136.29,27382000
19/1/2022,136.94,138.4,135.5,135.65,20796000
20/1/2022,136.51,137.91,133.14,133.51,21930000
21/1/2022,133.01,134.76,130,130.09,41920000
24/1/2022,126.03,130.78,124.64,130.37,55148000
25/1/2022,128.44,129.34,126.38,126.74,36008000
26/1/2022,130.59,132.81,127.15,129.24,39630000
27/1/2022,131.36,132.61,128.95,129.12,30248000
28/1/2022,130,133.37,128.69,133.29,30518000
31/1/2022,134.2,135.84,132.27,135.7,34056000
1/2/2022,137.84,138.2,134.57,137.88,51204000
2/2/2022,151.86,152.1,145.56,148.04,89750000
3/2/2022,145.29,149.12,142.21,142.65,56930000
4/2/2022,143.02,144.54,139.82,143.02,49224000
7/2/2022,143.71,143.85,138.7,138.94,44610000
8/2/2022,138.99,139.84,136.87,139.21,34256000
9/2/2022,140.85,142.18,140.38,141.45,28628000
10/2/2022,139.5,141.43,138.05,138.6,33018000
11/2/2022,138.75,139.28,133.29,134.13,38808000
14/2/2022,133.37,136.17,133.3,135.3,26792000
15/2/2022,137.47,137.9,135.54,136.43,26578000
16/2/2022,136.43,137.95,134.82,137.49,25610000
17/2/2022,136.15,136.84,132.2,132.31,30968000
18/2/2022,133.04,133.82,130.31,130.47,31858000
22/2/2022,129.99,131.9,127.74,129.4,38906000
23/2/2022,131.08,131.75,127.5,127.58,26432000
24/2/2022,125,133.04,124.76,132.67,43166000
25/2/2022,133.53,135.39,131.76,134.52,26236000
28/2/2022,133.28,135.64,132.83,134.89,29676000
1/3/2022,134.48,136.11,133.38,134.17,24640000
2/3/2022,134.61,135.62,133.43,134.75,23966000
3/3/2022,135.98,136.71,133.43,134.31,19780000
4/3/2022,133.38,134.2,130.41,132.12,24446000
7/3/2022,131.9,131.9,126.41,126.46,39178000
8/3/2022,126.25,131.25,125.86,127.28,35250000
9/3/2022,131.4,134.2,130.09,133.87,32258000
10/3/2022,131.46,133.54,131.4,132.68,24266000
11/3/2022,134,134.2,130.3,130.48,26600000
14/3/2022,130.57,131.03,126.41,126.74,30254000
15/3/2022,127.74,130.52,126.57,129.66,30292000
16/3/2022,131,133.77,129.2,133.69,32058000
17/3/2022,133.32,134.74,132.72,134.6,23994000
18/3/2022,133.88,136.91,132.93,136.8,45900000
21/3/2022,136.85,137.58,134.61,136.48,26632000
22/3/2022,136.5,141.5,136.5,140.28,29776000
23/3/2022,139.14,140.02,138.17,138.5,25302000
24/3/2022,139.27,141.4,138.04,141.31,20544000
25/3/2022,141.75,141.96,139.7,141.52,19270000
28/3/2022,140.68,141.98,139.83,141.95,23774000
29/3/2022,143.16,144.16,142.48,143.25,28678000
30/3/2022,142.87,143.48,142.17,142.64,21046000
31/3/2022,142.45,142.64,139.62,139.65,29516000
1/4/2022,140.01,140.95,138.8,140.7,23480000
4/4/2022,140.82,144.04,140.82,143.64,19076000
5/4/2022,143.4,143.59,140.94,141.06,19256000
6/4/2022,139.16,139.85,136.42,137.18,23574000
7/4/2022,136.62,137.7,134.86,136.46,19448000
8/4/2022,136.25,136.25,133.75,134.01,16434000
11/4/2022,132.9,132.94,129.62,129.8,24188000
12/4/2022,132.42,132.42,127.58,128.37,23004000
13/4/2022,128.63,130.66,128.44,130.29,19542000
14/4/2022,130.65,130.71,127.11,127.25,23484000
18/4/2022,127.41,128.71,126.58,127.96,14918000
19/4/2022,128.08,130.9,127.45,130.53,22720000
20/4/2022,131.28,131.92,127.89,128.25,22610000
21/4/2022,129.35,130.31,124.65,124.94,30158000
22/4/2022,125,125.45,119.14,119.61,46410000
25/4/2022,119.43,123.28,118.77,123.25,34522000
26/4/2022,122.75,122.75,119.16,119.51,49394000
27/4/2022,114.37,117.5,113.12,115.02,62238000
28/4/2022,117.11,120.44,115.14,119.41,36790000
29/4/2022,117.58,118.96,114.69,114.97,33694000
2/5/2022,113.91,117.34,113.4,117.16,30280000
3/5/2022,116.76,119.3,116.63,118.13,21216000
4/5/2022,118,123.14,115.74,122.57,33232000
5/5/2022,120.22,121.23,115.18,116.75,43090000
6/5/2022,115.52,117.5,114.14,115.66,35310000
9/5/2022,113.3,115.56,112.55,113.08,34520000
10/5/2022,116.04,116.69,113.38,114.58,31158000
11/5/2022,113.71,116.67,113.65,113.96,36502000
12/5/2022,111.94,114.86,110.11,113.16,41464000
13/5/2022,114.85,118.08,114,116.52,29738000
16/5/2022,115.38,116.61,114.33,114.79,23282000
17/5/2022,117.23,117.23,115.34,116.7,21576000
18/5/2022,115.24,115.7,112.14,112.4,27982000
19/5/2022,111.84,113.59,110.47,110.75,29192000
20/5/2022,112.09,112.55,106.37,109.31,37586000
23/5/2022,110.1,112.01,109.15,111.67,31558000
24/5/2022,106.38,106.39,102.21,105.93,60386000
25/5/2022,105.14,106.54,104.21,105.84,37900000
26/5/2022,106.05,108.96,105.49,108.3,30288000
27/5/2022,109.79,112.87,109.55,112.8,29924000
31/5/2022,113.08,116.43,112.57,114.04,51302000
1/6/2022,114.93,117.4,113.55,114.14,28630000
2/6/2022,114.19,117.9,113.31,117.75,27472000
3/6/2022,115.99,116.36,113.67,114.56,25052000
6/6/2022,116.74,119.4,116.53,117.01,23786000
7/6/2022,115.65,117.75,115.13,117.23,26414000
8/6/2022,116.88,118.65,116.7,117.24,22544000
9/6/2022,116.34,118.35,114.87,114.92,23142000
10/6/2022,112.78,113.5,110.86,111.43,31324000
13/6/2022,107.45,109.22,106.59,106.88,36756000
14/6/2022,106.89,108.46,106.35,107.19,25480000
15/6/2022,108.9,112.06,108.12,110.39,33192000
16/6/2022,108.15,109.29,105.79,106.64,35314000
17/6/2022,106.54,109.25,105.63,107.87,43516000
21/6/2022,109.7,112.67,109.29,112.01,39010000
22/6/2022,111.16,113.77,110.72,112.03,23922000
23/6/2022,112.95,113.2,111.03,112.68,24710000
24/6/2022,113.6,118.64,113.6,118.54,39122000
27/6/2022,118.93,119.25,116,116.62,32840000
28/6/2022,116.35,117.86,112.44,112.57,28232000
29/6/2022,112.15,113.66,111.55,112.26,18628000
30/6/2022,110.5,111.33,107.31,109.37,38046000
1/7/2022,108.34,109.81,107.11,109.08,31028000
5/7/2022,107.51,114.05,106.25,113.89,36398000
6/7/2022,114.09,116.35,112.25,115.21,28852000
7/7/2022,116.01,119.86,115.53,119.31,32184000
8/7/2022,117.55,120.43,117.51,120.17,29082000
11/7/2022,118.65,118.79,116.23,116.52,26718000
12/7/2022,116.84,117.85,114.61,114.85,24970000
13/7/2022,112.64,115.16,111.82,112.19,38958000
14/7/2022,110.83,111.99,109.33,111.44,32366000
15/7/2022,112.96,114,111.82,112.77,34330000
18/7/2022,113.44,114.8,109.3,109.91,33354000
19/7/2022,111.73,114.81,110.5,114.62,30992300
20/7/2022,114.06,116.33,113.26,114.7,26780100
21/7/2022,115.09,115.21,111.91,115.04,27267800
22/7/2022,111.81,113.18,107.6,108.36,44455300
25/7/2022,108.88,110.58,107.01,108.21,28289900
26/7/2022,107.43,107.74,104.76,105.44,36626600
27/7/2022,109.6,114.4,108.42,113.6,41474600
28/7/2022,112.8,114.7,111.85,114.59,23303800
29/7/2022,113.4,116.9,113.23,116.64,31336200
1/8/2022,115.53,117.12,114.69,115.48,22856200
2/8/2022,114.43,117.08,114.26,115.9,17911000
3/8/2022,116.34,119.42,116.15,118.78,25302800
4/8/2022,118.3,119.5,117.71,118.87,15757700
5/8/2022,116.93,118.86,116.71,118.22,15615700
8/8/2022,119.12,120.86,117.83,118.14,17061100
9/8/2022,117.99,118.2,116.56,117.5,15424300
10/8/2022,119.59,121.78,119.36,120.65,20497000
11/8/2022,122.08,122.34,119.55,119.82,16671600
12/8/2022,121.16,122.65,120.4,122.65,16121100
15/8/2022,122.21,123.26,121.57,122.88,15525000
16/8/2022,122.32,123.23,121.54,122.51,15626200
17/8/2022,120.93,122.15,120.2,120.32,17589200
18/8/2022,120.23,121.69,119.55,120.86,15652000
19/8/2022,119.87,120,117.67,118.12,20187000
22/8/2022,116.1,116.5,114.67,115.07,19316000
23/8/2022,114.32,115.93,114.3,114.77,14390700
24/8/2022,114.45,115.72,113.78,114.7,16051200
25/8/2022,115.15,117.78,115.05,117.7,14874700
26/8/2022,115.81,116.6,111.22,111.3,31698700
29/8/2022,110.78,111.96,109.81,110.34,20386100
30/8/2022,111.03,111.37,108.8,109.91,20548200
31/8/2022,111.63,111.77,109.05,109.15,25898000
1/9/2022,109.2,111.22,108.19,110.55,22784400
2/9/2022,111.34,111.68,108.13,108.68,20618100
6/9/2022,108.14,108.88,106.51,107.48,20565100
7/9/2022,107.76,110.99,107.61,110.48,22987200
8/9/2022,109.18,110.58,108.06,109.42,21660700
9/9/2022,110.05,112,110,111.78,21732900
12/9/2022,111.99,112.64,110.93,111.87,19732900
13/9/2022,108.89,109.37,105,105.31,33015000
14/9/2022,105.44,106.1,104.5,105.87,22115800
15/9/2022,105.01,106.21,103.31,103.9,26494900
16/9/2022,102.97,104.03,101.86,103.63,64540100
19/9/2022,102.54,104.02,102.37,103.85,19738600
20/9/2022,102.88,103.17,101.12,101.83,24001700
21/9/2022,102.24,103.49,99.99,100.01,26596800
22/9/2022,99.45,101.68,99.41,100.57,21272700
23/9/2022,100.06,100.11,98.01,99.17,25657000
26/9/2022,98.61,100.44,98.38,98.81,22437900
27/9/2022,99.91,100.46,97.34,98.09,24225000
28/9/2022,98.02,101.4,97.8,100.74,24617000
29/9/2022,99.3,99.3,96.52,98.09,21921500
30/9/2022,97.73,99.49,96.03,96.15,26277800
3/10/2022,97.22,99.97,97.02,99.3,24840000
4/10/2022,101.04,102.72,101.04,102.41,22580900
5/10/2022,100.69,102.74,99.74,102.22,18475500
6/10/2022,101.5,103.73,101.5,102.24,17156200
7/10/2022,100.65,101.42,99.21,99.57,24249900
10/10/2022,99.85,99.99,97.87,98.71,16529900
11/10/2022,98.25,100.12,97.25,98.05,21617700
12/10/2022,98.27,99.65,97.67,98.3,17343400
13/10/2022,95.93,100.53,95.27,99.71,32812200
14/10/2022,100.62,101.29,97.03,97.18,22624800
17/10/2022,99.52,101.77,99.51,100.78,23311600
18/10/2022,103.94,104.22,100.65,101.39,21610500
19/10/2022,100.7,101.66,99.64,100.29,21573700
20/10/2022,100.82,103,99.97,100.53,25125100
21/10/2022,98.46,101.62,98.23,101.48,28988700
24/10/2022,102.09,103.1,100.3,102.97,24680800
25/10/2022,103.3,105.1,103.02,104.93,29910200
26/10/2022,96.76,98.54,94.57,94.82,71504300
27/10/2022,94.31,95.17,91.9,92.6,54036500
28/10/2022,92.53,96.86,92.32,96.58,35696900
31/10/2022,95.78,96.35,94.38,94.66,29868700
1/11/2022,95.59,96.17,90.43,90.5,43220600
2/11/2022,90.91,91.3,87.01,87.07,43553600
3/11/2022,86.35,86.55,83.45,83.49,48510400
4/11/2022,85.51,86.73,83.88,86.7,40173300
7/11/2022,87.34,88.94,86.96,88.65,26899900
8/11/2022,89.16,90.4,87.65,88.91,30172000
9/11/2022,88.54,89.49,87.36,87.4,26743900
10/11/2022,92.34,94.55,91.65,94.17,42371200
11/11/2022,94.71,97.36,94.16,96.73,30569100
14/11/2022,95.5,97.18,95.11,96.03,24170100
15/11/2022,98.67,100.42,97.02,98.72,31831000
16/11/2022,98.02,99.85,97.9,98.99,24660200
17/11/2022,97.18,99.48,97.1,98.5,21818700
18/11/2022,99.01,99.16,96.74,97.8,24969900
21/11/2022,97.56,98.72,95.67,95.83,18696900
22/11/2022,96.16,97.55,94.41,97.33,18868900
23/11/2022,97.34,99.07,97.34,98.82,17568900
25/11/2022,98.46,98.94,97.53,97.6,8567800
28/11/2022,97.2,97.83,95.89,96.25,19974500
29/11/2022,96,96.39,94.39,95.44,20220000
30/11/2022,95.12,101.45,94.67,101.45,39888100
1/12/2022,101.4,102.59,100.67,101.28,21771500
2/12/2022,99.37,101.15,99.17,100.83,18821500
5/12/2022,99.82,101.75,99.36,99.87,19955500
6/12/2022,99.67,100.21,96.76,97.31,20877600
7/12/2022,96.77,97.31,95.03,95.15,26647900
8/12/2022,95.69,95.87,93.8,93.95,25593200
9/12/2022,93.9,94.49,93.02,93.07,21885300
12/12/2022,93.09,93.88,91.9,93.56,27380900
13/12/2022,98.07,99.8,95.38,95.85,34788500
14/12/2022,95.54,97.22,93.94,95.31,26452900
15/12/2022,93.54,94.03,90.43,91.2,28298800
16/12/2022,91.2,91.75,90.01,90.86,48485500
19/12/2022,90.88,91.2,88.93,89.15,23020500
20/12/2022,88.73,89.78,88.04,89.63,21976800
21/12/2022,89.73,90.92,88.91,90.25,20336400
22/12/2022,88.93,89.18,86.94,88.26,23656100
23/12/2022,87.62,90.1,87.62,89.81,17815000
27/12/2022,89.31,89.5,87.54,87.93,15470900
28/12/2022,87.5,88.52,86.37,86.46,17879600
29/12/2022,87.03,89.36,86.99,88.95,18280700
30/12/2022,87.36,88.83,87.03,88.73,19190300
3/1/2023,89.83,91.55,89.02,89.7,20738500
4/1/2023,91.01,91.24,87.8,88.71,27046500
5/1/2023,88.07,88.21,86.56,86.77,23136100
6/1/2023,87.36,88.47,85.57,88.16,26612600
9/1/2023,89.19,90.83,88.58,88.8,22996700
10/1/2023,86.72,89.47,86.7,89.24,22855600
11/1/2023,90.06,92.45,89.74,92.26,25998800
12/1/2023,92.4,92.62,90.57,91.91,22754200
13/1/2023,91.53,92.98,90.93,92.8,18630700
17/1/2023,92.78,92.97,90.84,92.16,22935800
18/1/2023,92.94,93.59,91.4,91.78,19641600
19/1/2023,91.39,94.4,91.38,93.91,28707700
20/1/2023,95.95,99.42,95.91,99.28,53704800
23/1/2023,99.13,101.4,98.75,101.21,31791800
24/1/2023,99.55,101.09,98.7,99.21,27391400
25/1/2023,97.2,97.72,95.26,96.73,31000900
26/1/2023,98.28,99.21,96.82,99.16,24542100
27/1/2023,99.05,101.58,98.97,100.71,29020400
30/1/2023,98.75,99.41,97.52,97.95,24365100
31/1/2023,97.86,99.91,97.79,99.87,22306800
1/2/2023,99.74,102.19,98.42,101.43,26392600
2/2/2023,106.79,108.82,106.54,108.8,46622600
3/2/2023,103.51,108.02,103.3,105.22,36823400
6/2/2023,102.68,104.7,102.21,103.47,25573000
7/2/2023,103.63,108.67,103.55,108.04,33738800
8/2/2023,102.69,103.58,98.46,100,73546000
9/2/2023,100.54,100.61,93.86,95.46,97798600
10/2/2023,95.74,97.02,94.53,94.86,49325300
13/2/2023,95.01,95.35,94.05,95,43116600
14/2/2023,94.66,95.18,92.65,94.95,42513100
15/2/2023,94.74,97.34,94.36,97.1,36964500
16/2/2023,95.54,97.88,94.97,95.78,35642100
17/2/2023,95.07,95.75,93.45,94.59,31095100
21/2/2023,93.24,93.42,92,92.05,28367200
22/2/2023,91.93,92.36,90.87,91.8,29891100
23/2/2023,92.13,92.13,90.01,91.07,32423700
24/2/2023,89.63,90.13,88.86,89.35,31295600
27/2/2023,90.09,90.45,89.61,90.1,22724300
28/2/2023,89.54,91.45,89.52,90.3,30546900
1/3/2023,90.16,91.2,89.85,90.51,26323900
2/3/2023,89.86,92.48,89.77,92.31,23328600
3/3/2023,92.74,94.11,92.66,94.02,30242500
6/3/2023,94.36,96.3,94.3,95.58,28288200
7/3/2023,95.42,96.09,93.84,94.17,24101500
8/3/2023,94.4,96.24,94.4,94.65,25395200
9/3/2023,94.49,95.92,92.36,92.66,24438900
10/3/2023,92.5,93.18,90.8,91.01,32850100
13/3/2023,90.57,93.08,89.94,91.66,31508600
14/3/2023,93.07,94.83,92.78,94.25,32303900
15/3/2023,93.54,97.25,93.04,96.55,38367300
16/3/2023,96.57,101.97,95.87,101.07,54499500
17/3/2023,100.84,103.49,100.75,102.46,76140300
20/3/2023,101.06,102.58,100.79,101.93,26033900
21/3/2023,101.98,105.96,101.86,105.84,33122800
22/3/2023,105.14,107.51,104.21,104.22,32336900
23/3/2023,105.89,107.1,105.41,106.26,31385800
24/3/2023,105.74,106.16,104.74,106.06,25236200
27/3/2023,105.32,105.4,102.63,103.06,25393400
28/3/2023,103,103,100.28,101.36,24913500
29/3/2023,102.72,102.82,101.03,101.9,26148300
30/3/2023,101.44,101.61,100.29,101.32,25009800
31/3/2023,101.71,104.19,101.44,104,28108000
3/4/2023,102.67,104.95,102.38,104.91,20719900
4/4/2023,104.84,106.1,104.6,105.12,20377200
5/4/2023,106.12,106.54,104.1,104.95,21864200
6/4/2023,105.77,109.63,104.82,108.9,34684200
10/4/2023,107.39,107.97,105.6,106.95,19741500
11/4/2023,106.92,107.22,105.28,106.12,18721300
12/4/2023,107.39,107.59,104.97,105.22,22761600
13/4/2023,106.47,108.26,106.44,108.19,21650700
14/4/2023,107.69,109.58,107.59,109.46,20758700
17/4/2023,105.43,106.71,105.32,106.42,29043400
18/4/2023,107,107.05,104.78,105.12,17641400
19/4/2023,104.21,105.72,103.8,105.02,16732000
20/4/2023,104.65,106.89,104.64,105.9,22515300
21/4/2023,106.09,106.64,105.49,105.91,22379000
24/4/2023,106.05,107.32,105.36,106.78,21410900
25/4/2023,106.61,107.44,104.56,104.61,31408100
26/4/2023,105.56,107.02,103.27,104.45,37068200
27/4/2023,105.23,109.15,104.42,108.37,38235200
28/4/2023,107.8,108.29,106.04,108.22,23957900
1/5/2023,107.72,108.68,107.5,107.71,20926300
2/5/2023,107.66,107.73,104.5,105.98,20343100
3/5/2023,106.22,108.13,105.62,106.12,17116300
4/5/2023,106.16,106.3,104.7,105.21,19780600
5/5/2023,105.32,106.44,104.74,106.21,20710600
8/5/2023,105.79,108.42,105.79,108.24,17266000
9/5/2023,108.78,110.6,107.72,107.94,24782400
10/5/2023,108.55,113.51,108.48,112.28,47533500
11/5/2023,115.86,118.44,114.93,116.9,57115100
12/5/2023,117,118.26,116.55,117.92,31293800
15/5/2023,116.49,118.79,116.48,116.96,22107900
16/5/2023,116.83,121.2,116.83,120.09,32370100
17/5/2023,120.18,122.28,119.46,121.48,26659600
18/5/2023,121.56,123.9,121.49,123.52,27014500
19/5/2023,124.2,126.48,122.72,123.25,30268900
22/5/2023,123.51,127.05,123.45,125.87,29760200
23/5/2023,124.93,125.42,123.05,123.29,24477900
24/5/2023,121.88,122.75,120.75,121.64,23087900
25/5/2023,125.21,125.98,122.9,124.35,33812700
26/5/2023,124.07,126,123.29,125.43,25154700
30/5/2023,126.29,126.38,122.89,124.64,27230700
31/5/2023,123.7,124.9,123.1,123.37,41548800
1/6/2023,123.5,125.04,123.3,124.37,25017700
2/6/2023,124.49,126.75,124.35,125.23,19367500
5/6/2023,124.61,127.99,124.38,126.63,22672500
6/6/2023,126.6,128.88,125.97,127.91,19450100
7/6/2023,127.57,129.55,122.63,122.94,34179300
8/6/2023,122.58,123.73,122.01,122.67,24815000
9/6/2023,122.56,124.29,122.42,122.87,20304500
12/6/2023,123.39,124.75,122.35,124.35,22255700
13/6/2023,125.65,125.86,123.85,124.43,19287700
14/6/2023,123.8,124.79,122.16,124.38,24659600
15/6/2023,123.88,126.16,123.14,125.79,24517100
16/6/2023,126.7,126.7,123.79,124.06,56699200
20/6/2023,123.54,125.18,122.83,123.85,22698000
21/6/2023,123.24,123.41,120.86,121.26,22612000
22/6/2023,120.66,123.93,119.6,123.87,20781900
23/6/2023,122.04,123.44,121.86,123.02,29573100
26/6/2023,121.47,122.72,118.99,119.09,23185000
27/6/2023,117.84,119.89,116.91,119.01,27221700
28/6/2023,117.96,121.27,117.6,121.08,19753100
29/6/2023,120.09,120.91,119.21,120.01,18517500
30/6/2023,121.1,122.03,120.88,120.97,23871800
3/7/2023,120.32,121.02,119.71,120.56,13888300
5/7/2023,120.06,123.37,120.06,122.63,17830300
6/7/2023,120.64,121.15,119.25,120.93,17732500
7/7/2023,120.89,121.75,120.09,120.14,20997700
10/7/2023,119.07,119.07,116.64,116.87,32960100
11/7/2023,116.76,118.22,115.83,117.71,18286600
12/7/2023,119.3,120.96,119,119.62,22059600
13/7/2023,121.54,125.33,121.06,124.83,31535900
14/7/2023,125.13,127.09,124.9,125.7,20499800
17/7/2023,126.06,127.28,124.5,125.06,20675300
18/7/2023,124.9,124.99,123.3,124.08,21045800
19/7/2023,124.79,125.47,122.47,122.78,22313800
20/7/2023,122.12,124.7,118.68,119.53,27541700
21/7/2023,120.87,121.3,119.07,120.31,56514600
24/7/2023,121.93,123.35,121.38,121.88,22276100
25/7/2023,121.88,123.69,121.53,122.79,31820800
26/7/2023,130.36,131.37,128.71,129.66,46216900
27/7/2023,131.8,133.6,129.18,129.87,35931600
28/7/2023,130.97,134.07,130.92,133.01,26971000
31/7/2023,133.01,133.83,132.13,133.11,18381900
1/8/2023,130.85,132.92,130.75,131.89,22154300
2/8/2023,129.84,130.42,127.85,128.64,22705800
3/8/2023,128.37,129.77,127.78,128.77,15018100
4/8/2023,129.6,131.93,128.32,128.54,20521900
7/8/2023,129.51,132.06,129.43,131.94,17621000
8/8/2023,130.98,131.94,130.13,131.84,16836000
9/8/2023,132.19,132.47,129.51,130.15,17745200
10/8/2023,131.97,132.65,130.04,130.21,17855700
11/8/2023,129.2,130.44,128.75,130.17,15205500
14/8/2023,129.85,131.91,129.59,131.83,17526200
15/8/2023,131.59,131.99,129.82,130.27,14769200
16/8/2023,129.28,130.9,128.46,129.11,17548400
17/8/2023,130.45,132.49,129.85,130.46,23665600
18/8/2023,129.06,129.83,127,128.11,23627200
21/8/2023,127.85,129.26,127.16,128.93,21851100
22/8/2023,129.13,130.95,128.93,129.69,15557900
23/8/2023,130.85,134.07,130.51,133.21,26497000
24/8/2023,134.73,134.97,130.3,130.42,18680400
25/8/2023,130.14,131.4,128.04,130.69,20678100
28/8/2023,132.08,133.24,130.85,131.79,16715500
29/8/2023,133,137.29,132.98,135.49,30803300
30/8/2023,135.57,137.25,135.02,136.93,21773400
31/8/2023,137.05,138.4,136.82,137.35,28147900
1/9/2023,138.43,138.58,135.94,136.8,16671600
5/9/2023,136.44,137.37,135.56,136.71,17730200
6/9/2023,137.01,137.48,134.69,135.37,15814300
7/9/2023,134.6,136.58,133.96,136.2,16976000
8/9/2023,135.87,137.51,135.87,137.2,17810700
11/9/2023,137.38,138.26,136.55,137.74,17180800
12/9/2023,137.13,137.64,135.93,136.07,15212900
13/9/2023,135.9,137.7,134.93,137.5,16394900
14/9/2023,138.39,139.55,137.06,138.99,19064600
15/9/2023,138.8,139.36,137.18,138.3,48958800
18/9/2023,137.63,139.93,137.63,138.96,16233600
19/9/2023,138.25,139.18,137.5,138.83,15479100
20/9/2023,138.83,138.84,134.52,134.59,21473500
21/9/2023,132.39,133.19,131.09,131.36,22058400
22/9/2023,131.68,133.01,130.51,131.25,17348700
25/9/2023,130.77,132.22,130.03,132.17,14650000
26/9/2023,130.91,131.4,128.19,129.45,20378800
27/9/2023,129.44,131.72,129.38,131.46,18764200
28/9/2023,130.69,134.18,130.69,133.13,18201400
29/9/2023,134.08,134.89,131.32,131.85,23237300
2/10/2023,132.15,135.36,132.07,135.17,19210400
3/10/2023,134.93,135.24,132.82,133.3,19628700
4/10/2023,133.66,136.57,133.43,136.27,22848000
5/10/2023,136.13,136.5,134.46,135.99,15922900
6/10/2023,134.94,139.19,134.94,138.73,20826700
9/10/2023,137.99,139.97,136.7,139.5,16599100
10/10/2023,139.51,140.74,138.43,139.2,19554900
11/10/2023,139.85,142.22,139.84,141.7,20146300
12/10/2023,142.16,142.38,139.45,140.29,18173100
13/10/2023,140.65,141.34,137.97,138.58,19438700
16/10/2023,139.73,140.9,139.32,140.49,17345600
17/10/2023,140.03,141.25,138.53,140.99,17424000
18/10/2023,140.75,141.99,138.71,139.28,18304900
19/10/2023,139.8,141.01,138.6,138.98,21831200
20/10/2023,138.59,139.04,136.24,136.74,24970300
23/10/2023,136.23,139.02,135.11,137.9,20780700
24/10/2023,139.16,140.71,138.75,140.12,26535200
25/10/2023,129.77,130.1,126.09,126.67,58796100
26/10/2023,124.47,125.46,122.32,123.44,33907400
27/10/2023,124.03,124.44,121.46,123.4,37367700
30/10/2023,124.46,126.55,123.88,125.75,24165600
31/10/2023,126.27,126.56,123.93,125.3,21123400
1/11/2023,125.34,127.74,124.93,127.57,26536600
2/11/2023,129.56,130.09,128.11,128.58,24091700
3/11/2023,129.09,130.73,129.01,130.37,19529400
6/11/2023,130.22,131.56,129.93,131.45,15360400
7/11/2023,131.98,133.28,131.14,132.4,19223800
8/11/2023,132.36,133.54,132.16,133.26,15093600
9/11/2023,133.36,133.96,131.51,131.69,17976500
10/11/2023,131.53,134.27,130.87,134.06,20872900
13/11/2023,133.36,134.11,132.77,133.64,16409900
14/11/2023,135.65,137.24,135.1,135.43,22317300
15/11/2023,136.64,136.84,135.33,136.38,15840900
16/11/2023,136.96,138.88,136.08,138.7,17615100
17/11/2023,137.82,138,135.48,136.94,25565300
20/11/2023,135.5,138.43,135.49,137.92,19569400
21/11/2023,137.94,138.96,137.71,138.62,17648100
22/11/2023,139.1,141.1,139,140.02,17306400
24/11/2023,139.54,139.68,137.47,138.22,8828600
27/11/2023,137.57,139.63,137.54,138.05,17886400
28/11/2023,137.63,138.66,137.04,138.62,17046900
29/11/2023,138.99,139.67,136.29,136.4,21014700
30/11/2023,136.4,136.96,132.79,133.92,29913500
1/12/2023,133.32,133.5,132.15,133.32,24268000
4/12/2023,131.29,131.45,129.4,130.63,24117100
5/12/2023,130.37,133.54,129.73,132.39,19235100
6/12/2023,132.9,133.31,131.31,131.43,16360600
7/12/2023,136.6,140,136.23,138.45,38419400
8/12/2023,135.66,137.99,135.57,136.64,23016100
11/12/2023,133.82,134.79,132.89,134.7,24502900
12/12/2023,133.27,134.54,132.83,133.64,26584000
13/12/2023,134.54,134.78,132.95,133.97,25414500
14/12/2023,134.77,135.04,131.06,133.2,29619100
15/12/2023,132.92,134.83,132.63,133.84,58594000
18/12/2023,133.86,138.38,133.77,137.19,25699800
19/12/2023,138,138.77,137.45,138.1,20661000
20/12/2023,140.33,143.08,139.41,139.66,33507300
21/12/2023,140.77,142.03,140.47,141.8,18101500
22/12/2023,142.13,143.25,142.05,142.72,18513500
26/12/2023,142.98,143.95,142.5,142.82,11170100
27/12/2023,142.83,143.32,141.05,141.44,17288400
28/12/2023,141.85,142.27,140.83,141.28,12192500
29/12/2023,140.68,141.43,139.9,140.93,14881000
2/1/2024,139.6,140.62,137.74,139.56,20071900
3/1/2024,138.6,141.09,138.43,140.36,18974300
4/1/2024,139.85,140.63,138.01,138.04,18253300
5/1/2024,138.35,138.81,136.85,137.39,15439500
8/1/2024,138,140.64,137.88,140.53,17645300
9/1/2024,140.06,142.8,139.79,142.56,19579700
10/1/2024,142.52,144.52,142.46,143.8,16641900
11/1/2024,144.9,146.66,142.21,143.67,17471100
12/1/2024,144.34,144.74,143.36,144.24,13998700
16/1/2024,143.43,145.84,143.06,144.08,19198900
17/1/2024,142.91,143.41,140.51,142.89,17884500
18/1/2024,143.44,145.59,143.35,144.99,18876800
19/1/2024,146.3,148.04,145.8,147.97,27181000
22/1/2024,148.71,150.01,147.58,147.71,21829200
23/1/2024,147.72,148.86,147.19,148.68,14113600
24/1/2024,150.29,151.57,149.84,150.35,19245000
25/1/2024,151.74,154.76,151.22,153.64,21495100
26/1/2024,152.87,154.11,152.8,153.79,19494500
29/1/2024,153.64,155.2,152.92,154.84,20909300
30/1/2024,154.01,155.04,152.77,153.05,26578900
31/1/2024,145.39,145.59,141.55,141.8,43908600
1/2/2024,143.69,144.62,142.26,142.71,25526900
2/2/2024,140.89,143.88,138.17,143.54,42136100
5/2/2024,144.04,146.67,143.91,144.93,29254400
6/2/2024,145.96,146.74,144.52,145.41,21517700
7/2/2024,146.12,147,145.21,146.68,21436100
8/2/2024,146.97,147.61,146.42,147.22,18241300
9/2/2024,147.95,150.7,147.43,150.22,21877700
12/2/2024,149.54,150.59,148.56,148.73,17236100
13/2/2024,146.07,148.04,145.11,146.37,18138500
14/2/2024,147.37,147.83,145.55,147.14,16651800
15/2/2024,144.46,144.76,141.88,143.94,26724300
16/2/2024,144.21,144.48,141.52,141.76,21865100
20/2/2024,140.94,143.33,140.8,142.2,18625600
21/2/2024,142.64,143.98,141.91,143.84,16440800
22/2/2024,146.12,146.2,144.01,145.32,23024700
23/2/2024,144.97,145.96,144.79,145.29,14519400
26/2/2024,143.45,143.84,138.74,138.75,33513000
27/2/2024,139.41,140.49,138.5,140.1,22364000
28/2/2024,139.1,139.28,136.64,137.43,30628700
29/2/2024,138.35,139.95,137.57,139.78,35485000
1/3/2024,139.61,140,137.98,138.08,28551500
4/3/2024,136.54,136.63,132.86,134.2,43571500
5/3/2024,132.74,134.02,131.55,133.78,28447600
6/3/2024,134.24,134.74,131.95,132.56,23175200
7/3/2024,133.89,135.82,132.66,135.24,24107300
8/3/2024,135.04,138.99,134.8,136.29,26495200
11/3/2024,137.07,139.98,137.07,138.94,22536400
12/3/2024,138.25,140.28,138.21,139.62,19019700
13/3/2024,140.06,142.19,140.01,140.77,19637000
14/3/2024,142.3,144.73,141.49,144.34,36117900
15/3/2024,143.41,144.34,141.13,142.17,41039500
18/3/2024,149.37,152.93,148.14,148.48,47676700
19/3/2024,148.98,149.62,147.01,147.92,17748400
20/3/2024,148.79,149.76,147.66,149.68,17730000
21/3/2024,150.32,151.3,148.01,148.74,19843900
22/3/2024,150.24,152.56,150.09,151.77,19252900
25/3/2024,150.95,151.46,148.8,151.15,15114700
26/3/2024,151.24,153.2,151.03,151.7,19312700
27/3/2024,152.15,152.69,150.13,151.94,16622000
28/3/2024,152,152.67,151.33,152.26,21105600
1/4/2024,151.83,157,151.65,156.5,24469800
2/4/2024,154.75,155.99,153.46,155.87,17598100
3/4/2024,154.92,156.55,154.13,156.37,17266200
4/4/2024,155.08,156.18,151.88,151.94,24184800
5/4/2024,151.68,154.84,151.08,153.94,16297300
8/4/2024,154.01,156.65,153.99,156.14,16641500
9/4/2024,157.35,159.89,156.64,158.14,21521500
10/4/2024,157.88,158.16,156.2,157.66,16339200
11/4/2024,158.34,161.12,157.93,160.79,17841700
12/4/2024,159.4,161.7,158.6,159.19,16989800
15/4/2024,160.28,160.83,156.15,156.33,21140900
16/4/2024,155.64,157.23,155.05,156,15413200
17/4/2024,157.19,158.68,156.13,156.88,16237800
18/4/2024,156.93,158.49,156.21,157.46,14016100
19/4/2024,157.75,157.99,153.91,155.72,21479900
22/4/2024,156.01,159.18,155.66,157.95,17243900
23/4/2024,158.59,160.48,157.96,159.92,16115400
24/4/2024,159.09,161.39,158.82,161.1,19485700
25/4/2024,153.36,158.28,152.77,157.95,36197800
26/4/2024,175.99,176.42,171.4,173.69,56500800
29/4/2024,170.77,171.38,167.06,167.9,35914600
30/4/2024,167.38,169.87,164.5,164.64,29420800
1/5/2024,166.18,168.81,164.9,165.57,25223200
2/5/2024,166.67,168.53,165.69,168.46,17041100
3/5/2024,169.54,169.85,164.98,168.99,22767100
6/5/2024,169.22,169.9,167.89,169.83,15147900
7/5/2024,170.12,173.47,170,172.98,21102400
8/5/2024,170.75,171.91,170.52,171.16,14569900
9/5/2024,171.15,172.44,169.93,171.58,11937700
10/5/2024,169.69,171.34,167.91,170.29,18740500
13/5/2024,165.85,170.95,165.76,170.9,19648600
14/5/2024,171.59,172.78,170.42,171.93,18729500
15/5/2024,172.3,174.05,172.03,173.88,20958200
16/5/2024,174.6,176.34,174.05,175.43,17247300
17/5/2024,175.55,177.49,174.98,177.29,16546400
20/5/2024,177.31,179.95,177.23,178.46,17495100
21/5/2024,178.4,179.82,177.31,179.54,14706000
22/5/2024,178.4,178.85,176.78,178,16189400
23/5/2024,178.78,179.91,174.54,175.06,14928400
24/5/2024,176.52,177.3,175.2,176.33,11403600
28/5/2024,175.74,178.51,175.68,178.02,15655300
29/5/2024,176.81,178.23,176.26,177.4,15023800
30/5/2024,176.69,176.69,173.23,173.56,18826300
31/5/2024,173.4,174.42,170.97,173.96,28085200
3/6/2024,173.88,175.86,172.45,174.42,20742800
4/6/2024,174.45,175.19,173.22,175.13,14066600
5/6/2024,176.54,177.97,175.29,177.07,15233900
6/6/2024,177.43,178.71,177.21,178.35,14255800
7/6/2024,178.46,179.42,175.79,175.95,14716300
10/6/2024,176.45,178.47,174.38,176.63,17099800
11/6/2024,177.72,178.39,175.44,178.19,14402400
12/6/2024,179.75,182.08,177.78,179.56,18600400
13/6/2024,177.84,178.51,176.66,176.74,15956900
14/6/2024,175.85,178.73,175.85,178.37,12361600
17/6/2024,176.98,179.92,176.49,178.78,15272900
18/6/2024,178.79,178.91,175.62,176.45,15640300
20/6/2024,176.71,178.74,176.46,177.71,16753200
21/6/2024,178.49,182.51,178.06,180.26,58903200
24/6/2024,181.28,182.08,180.23,180.79,18198300
25/6/2024,181.15,185.75,181.1,185.58,18797000
26/6/2024,184.2,185.93,183.99,185.37,13375700
27/6/2024,185.65,187.5,185.45,186.86,13025700
28/6/2024,185.72,186.58,183.32,183.42,23032400
1/7/2024,184.48,185.34,182.73,184.49,11815900
2/7/2024,183.47,186.95,183.06,186.61,12555500
3/7/2024,186.3,187.62,185.38,187.39,7409100
5/7/2024,187.32,192.26,187.32,191.96,14303400
8/7/2024,191.37,191.68,189.32,190.48,12097600
9/7/2024,191.75,192.86,190.23,190.44,10198500
10/7/2024,190.75,193.31,190.62,192.66,12052900
11/7/2024,191.34,192.41,186.82,187.3,16452000
12/7/2024,186.92,188.69,186.14,186.78,14449100
15/7/2024,186.49,189.9,186.49,188.19,12186000
16/7/2024,188.96,190.34,185.12,185.5,12760100
17/7/2024,184.68,185.23,181.62,182.62,17376600
18/7/2024,183.54,184.05,178.21,179.22,17877200
19/7/2024,180.37,181.97,178.86,179.39,14485900
22/7/2024,182.35,184.3,181.9,183.35,16303900
23/7/2024,183.84,185.22,183.33,183.6,23772600
24/7/2024,175.39,177.95,173.57,174.37,31250700
25/7/2024,174.25,175.2,169.05,169.16,28967900
26/7/2024,168.77,169.84,165.87,168.68,25150100
29/7/2024,170.5,172.16,169.72,171.13,13768900
30/7/2024,171.83,172.95,170.12,171.86,13681400
31/7/2024,174.92,175.91,171.72,173.15,15650200
1/8/2024,171.98,175.68,170.51,172.45,17177800
2/8/2024,168.19,170.21,166.39,168.4,18907800
5/8/2024,157.37,165.94,156.6,160.64,34907800
6/8/2024,160.95,162.35,158.13,160.54,36146500
7/8/2024,163.24,164.79,160.24,160.75,19334200
8/8/2024,162.34,165.5,162.03,163.84,15733600
9/8/2024,161.65,165.52,160.93,165.39,13549200
12/8/2024,165.99,166.7,163.55,163.95,12435000
13/8/2024,165.18,166.54,164.77,165.93,12717600
14/8/2024,164.21,164.96,159.53,162.03,22515900
15/8/2024,162.21,163.52,161.49,163.17,18392500
16/8/2024,163.41,166.95,163.08,164.74,16853100
19/8/2024,167,168.47,166.09,168.4,13100800
20/8/2024,168.74,170.41,168.66,168.96,12622500
21/8/2024,166.99,168.64,166.57,167.63,15269600
22/8/2024,169.04,169.42,165.03,165.49,19123800
23/8/2024,166.55,167.95,165.66,167.43,14281600
26/8/2024,168.15,169.38,166.32,167.93,11990300
27/8/2024,167.61,168.24,166.16,166.38,13718200
28/8/2024,166.78,167.39,163.28,164.5,15208700
29/8/2024,166.06,167.63,161.98,163.4,17133800
30/8/2024,164.22,165.28,163.41,165.11,18498800
3/9/2024,163.32,163.38,157.85,158.61,26533100
4/9/2024,158.07,160.4,157.44,157.81,17410700
5/9/2024,157.78,161.01,157.52,158.6,14139500
6/9/2024,158.69,159.22,151.93,152.13,24999100
9/9/2024,153.63,154.64,148.2,149.54,28057700
10/9/2024,151.45,152.3,149.54,150.01,20401800
11/9/2024,151.09,152.48,148.7,152.15,18991500
12/9/2024,154.81,155.61,153.5,155.54,20980800
13/9/2024,156.36,159.27,156.11,158.37,16733900
16/9/2024,158.33,159.24,157.61,158.99,14157600
17/9/2024,160.09,161.59,159.41,160.28,12064800
18/9/2024,160.85,161.63,159.66,160.81,16756500
19/9/2024,164.82,164.99,162.52,163.24,17548200
20/9/2024,164.52,164.75,163.18,164.64,46362700
23/9/2024,165.34,166.61,162.95,163.07,15648400
24/9/2024,164.25,164.55,162.03,163.64,18774100
25/9/2024,162.97,164.22,162.77,162.99,13607900
26/9/2024,165.03,165.5,163.5,163.83,18234500
27/9/2024,163.91,166.97,163.83,165.29,13604300
30/9/2024,164.78,167.36,164.64,167.19,14070100
1/10/2024,168.86,170.44,165.9,168.42,18629500
2/10/2024,167.76,168.88,166.25,167.31,12745000
3/10/2024,165.82,167.91,165.37,167.21,11004300
4/10/2024,169.34,169.55,166.96,168.56,11422100
7/10/2024,169.14,169.9,164.13,164.39,14034700
8/10/2024,165.43,166.1,164.31,165.7,11723900
9/10/2024,164.85,166.26,161.12,163.06,19666400
10/10/2024,162.11,164.31,161.64,163.18,12900500
11/10/2024,163.33,165.27,162.5,164.52,10946000
14/10/2024,164.91,167.62,164.78,166.35,9981800
15/10/2024,167.14,169.09,166.05,166.9,14829300
16/10/2024,166.03,167.28,165.22,166.74,9968500
17/10/2024,167.38,167.93,164.37,164.51,15113400
18/10/2024,164.87,166.37,164.75,165.05,13091300
21/10/2024,164.58,166.22,164.3,165.8,11384000
22/10/2024,164.7,167.47,164.67,166.82,11958600
23/10/2024,166.43,167.6,163.63,164.48,12754300
24/10/2024,164.59,165.05,162.77,164.53,12764400
25/10/2024,165.37,167.4,165.23,166.99,14566400
28/10/2024,170.59,170.61,165.79,168.34,20858300
29/10/2024,169.38,171.86,168.66,171.14,28916100
30/10/2024,182.41,183.79,175.74,176.14,49698300
31/10/2024,174.72,178.42,172.56,172.69,32801900
1/11/2024,171.54,173.82,170.31,172.65,21752900
4/11/2024,171.24,171.92,169.49,170.68,16194000
5/11/2024,170.83,172.1,170.37,171.41,12518300
6/11/2024,175.35,178.64,175.04,178.33,27061500
7/11/2024,179.11,182.58,178.89,182.28,16730400
8/11/2024,182,182.35,179.57,179.86,15021500
11/11/2024,180.07,182.09,179.99,181.97,12503400
12/11/2024,181.38,184.02,180.99,183.32,14065800
13/11/2024,182.15,182.62,180.12,180.49,13969700
14/11/2024,179.75,180.45,176.03,177.35,17925800
15/11/2024,175.64,175.88,172.74,173.89,21708900
18/11/2024,174.96,176.91,174.42,176.8,18662800
19/11/2024,175.24,180.17,175.12,179.58,15392900
20/11/2024,178.83,179.11,175.33,177.33,15729800
21/11/2024,175.46,175.58,165.31,169.24,38839400
22/11/2024,167.16,168.26,165.71,166.57,24497000
25/11/2024,167.99,170.46,167.4,169.43,21395700
26/11/2024,169.49,171.49,169.43,170.62,14937500
27/11/2024,170.68,171.14,169.67,170.82,12433400
29/11/2024,170.06,170.87,168.75,170.49,9250700
2/12/2024,170.32,173.6,170.27,172.98,16593400
3/12/2024,173.12,174.32,172.51,173.02,15721500
4/12/2024,172.78,176.43,172.75,176.09,18239800
5/12/2024,177.32,177.71,174.01,174.31,16145500
6/12/2024,173.88,176.84,173.55,176.49,13319500
9/12/2024,175.71,178.04,175.4,177.1,19887800
10/12/2024,184.54,188.03,182.67,186.53,34317400
11/12/2024,186.7,196.89,186.26,196.71,41664500
12/12/2024,196.3,196.71,193.28,193.63,25197800
13/12/2024,192.71,194.34,191.26,191.38,18883200
16/12/2024,194.37,200.64,194.11,198.16,32248600
17/12/2024,198.53,202.88,196.69,197.12,24129500
18/12/2024,196.83,198.69,189.28,190.15,27638400
19/12/2024,193.28,194.6,189.52,189.7,26981200
20/12/2024,187.01,194.13,186.37,192.96,45319700
23/12/2024,194.03,196.49,191.63,195.99,15235900
24/12/2024,196.17,197.67,195.2,197.57,6809800
26/12/2024,196.74,198.16,195.87,197.1,7907900
27/12/2024,196.47,196.8,191.97,194.04,14693000
30/12/2024,190.87,193.78,190.36,192.69,12209500
