Date,Open,High,Low,Close,Volume
2/1/2013,27.44,28.18,27.42,28,69846400
3/1/2013,27.88,28.47,27.59,27.77,63140600
4/1/2013,28.01,28.93,27.83,28.76,72715400
7/1/2013,28.69,29.79,28.65,29.42,83781800
8/1/2013,29.51,29.6,28.86,29.06,45871300
9/1/2013,29.67,30.6,29.49,30.59,104787700
10/1/2013,30.6,31.45,30.28,31.3,95316400
11/1/2013,31.28,31.96,31.1,31.72,89598000
14/1/2013,32.08,32.21,30.62,30.95,98892800
15/1/2013,30.64,31.71,29.88,30.1,173242600
16/1/2013,30.21,30.35,29.53,29.85,75332700
17/1/2013,30.08,30.42,30.03,30.14,40256700
18/1/2013,30.31,30.44,29.27,29.66,49631500
22/1/2013,29.75,30.89,29.74,30.73,55243300
23/1/2013,31.1,31.5,30.8,30.82,48899800
24/1/2013,31.27,31.49,30.81,31.08,43845100
25/1/2013,31.41,31.93,31.13,31.54,54363600
28/1/2013,31.88,32.51,31.81,32.47,59682500
29/1/2013,32,32.07,30.71,30.79,72976500
30/1/2013,30.98,31.49,30.88,31.24,87682100
31/1/2013,29.15,31.47,28.74,30.98,190744900
1/2/2013,31.01,31.02,29.63,29.73,85856700
4/2/2013,29.06,29.2,28.01,28.11,92362200
5/2/2013,28.26,28.96,28.04,28.64,47948200
6/2/2013,28.74,29.29,28.66,29.05,38375900
7/2/2013,29.11,29.15,28.27,28.65,34540100
8/2/2013,28.89,29.17,28.51,28.55,37708800
11/2/2013,28.61,28.68,28.04,28.26,37361800
12/2/2013,27.67,28.16,27.1,27.37,93498700
13/2/2013,27.36,28.32,27.31,27.91,50164000
14/2/2013,28.02,28.63,28.01,28.5,35615800
15/2/2013,28.52,28.75,28.09,28.32,33109300
19/2/2013,28.23,29.08,28.12,28.93,49396400
20/2/2013,28.92,29.05,28.33,28.46,42098200
21/2/2013,28.28,28.55,27.15,27.28,49642300
22/2/2013,27.62,27.63,26.82,27.13,36350200
25/2/2013,27.16,27.64,27.15,27.27,34652000
26/2/2013,27.36,27.46,26.7,27.39,31611700
27/2/2013,27.34,27.34,26.63,26.87,44319700
28/2/2013,26.84,27.3,26.34,27.25,83027800
1/3/2013,27.05,28.12,26.81,27.78,54064800
4/3/2013,27.76,28.06,27.44,27.72,32400700
5/3/2013,27.88,28.18,27.21,27.52,40622200
6/3/2013,28.1,28.13,27.35,27.45,33532600
7/3/2013,27.57,28.68,27.47,28.58,74540200
8/3/2013,28.43,28.47,27.73,27.96,44198900
11/3/2013,28.01,28.64,27.83,28.14,35642100
12/3/2013,28.1,28.32,27.6,27.83,27569600
13/3/2013,27.62,27.65,26.92,27.08,39619500
14/3/2013,27.1,27.43,26.83,27.04,27646400
15/3/2013,27.03,27.06,26.56,26.65,31597400
18/3/2013,26.37,26.79,25.78,26.49,26653700
19/3/2013,26.53,26.9,26.21,26.55,25254200
20/3/2013,26.68,26.69,25.78,25.86,44006500
21/3/2013,25.66,26.11,25.56,25.74,24336100
22/3/2013,25.8,26.01,25.63,25.73,18456300
25/3/2013,25.75,25.8,25.08,25.13,39199000
26/3/2013,25.08,25.48,25.03,25.21,26957200
27/3/2013,25,26.28,24.72,26.09,52297400
28/3/2013,26.09,26.17,25.52,25.58,28585700
1/4/2013,25.63,25.89,25.28,25.53,22249300
2/4/2013,25.77,26.12,25.3,25.42,35153300
3/4/2013,25.83,26.39,25.7,26.25,48195200
4/4/2013,26.62,27.23,26.11,27.07,82016800
5/4/2013,26.86,27.8,26.61,27.39,64566600
8/4/2013,27.19,27.2,26.63,26.85,27256000
9/4/2013,26.58,26.89,26.42,26.59,21311100
10/4/2013,27.01,27.84,26.9,27.57,45949400
11/4/2013,27.48,28.1,27.25,28.02,33368500
12/4/2013,28,28,27.24,27.4,28697400
15/4/2013,27.16,27.48,26.36,26.52,30275400
16/4/2013,26.81,27.11,26.4,26.92,27365900
17/4/2013,26.65,27.2,26.39,26.63,26440600
18/4/2013,26.82,26.82,25.15,25.69,39059000
19/4/2013,25.62,25.96,25.33,25.73,20380900
22/4/2013,25.81,26.36,25.7,25.97,25687600
23/4/2013,26.22,26.33,25.77,25.98,25191500
24/4/2013,25.93,26.4,25.8,26.11,19729900
25/4/2013,26.07,26.4,26,26.14,17150000
26/4/2013,26.6,27.62,26.6,26.85,33018000
29/4/2013,27.16,27.41,26.86,26.98,29201100
30/4/2013,27.13,27.85,27.01,27.77,36245700
1/5/2013,27.85,27.92,27.31,27.43,64567600
2/5/2013,28.01,29.02,27.98,28.97,104257000
3/5/2013,29.04,29.07,28.15,28.31,58506400
6/5/2013,28.33,28.46,27.48,27.57,43939400
7/5/2013,27.55,27.85,26.85,26.89,41259100
8/5/2013,26.88,27.3,26.65,27.12,34654900
9/5/2013,27.08,27.55,26.85,27.04,33457200
10/5/2013,27.14,27.3,26.57,26.68,30847100
13/5/2013,26.6,27.33,26.53,26.82,29068800
14/5/2013,26.89,27.28,26.82,27.07,24930300
15/5/2013,26.92,26.99,26.4,26.6,30299800
16/5/2013,26.48,26.55,25.9,26.13,35499100
17/5/2013,26.4,26.6,26.2,26.25,29462700
20/5/2013,26.18,26.19,25.69,25.76,42402900
21/5/2013,25.87,26.08,25.59,25.66,26261300
22/5/2013,25.65,25.85,24.92,25.16,45314500
23/5/2013,24.8,25.53,24.77,25.06,37663100
24/5/2013,24.97,24.97,24.08,24.31,58727900
28/5/2013,24.54,24.54,23.92,24.1,50079700
29/5/2013,23.79,23.81,23.26,23.32,64237800
30/5/2013,24.13,24.78,23.93,24.55,60733200
31/5/2013,24.63,24.95,24.27,24.35,35925000
3/6/2013,24.27,24.32,23.71,23.85,35733800
4/6/2013,23.89,23.93,23.32,23.52,34760800
5/6/2013,23.35,23.71,22.79,22.9,53819700
6/6/2013,22.99,23.09,22.67,22.97,31260700
7/6/2013,23.03,23.4,22.86,23.29,38699200
10/6/2013,24.06,24.6,23.99,24.33,58393000
11/6/2013,24.03,24.35,24,24.03,29885900
12/6/2013,24.16,24.26,23.58,23.77,26445800
13/6/2013,23.72,23.83,23.27,23.73,31189300
14/6/2013,23.56,23.89,23.26,23.63,30677100
17/6/2013,23.91,24.25,23.75,24.02,33664500
18/6/2013,24.09,24.69,24.08,24.21,36709100
19/6/2013,24.2,25.19,24.1,24.31,31790600
20/6/2013,24.28,24.75,23.65,23.9,42765600
21/6/2013,24.59,24.7,24.05,24.53,45833900
24/6/2013,23.95,24.11,23.38,23.94,40626000
25/6/2013,24.14,24.43,24.04,24.25,24713200
26/6/2013,24.51,24.65,23.99,24.16,29890300
27/6/2013,24.24,24.84,24.21,24.66,34694100
28/6/2013,24.68,24.98,24.42,24.88,96778900
1/7/2013,24.97,25.06,24.62,24.81,20582200
2/7/2013,24.7,24.77,24.3,24.41,18394100
3/7/2013,24.22,24.71,24.15,24.52,10404400
5/7/2013,24.65,24.66,24.2,24.37,20229500
8/7/2013,24.47,25.04,24.42,24.71,27064600
9/7/2013,25.07,25.49,25.03,25.48,30387900
10/7/2013,25.58,25.83,25.47,25.8,26721800
11/7/2013,25.96,26,25.45,25.81,26777400
12/7/2013,25.74,25.93,25.55,25.91,16537900
15/7/2013,25.93,26.43,25.65,26.28,24234000
16/7/2013,26.39,26.75,26.01,26.32,30817600
17/7/2013,26.37,26.78,26.3,26.65,21518500
18/7/2013,26.75,26.77,26.12,26.18,24806900
19/7/2013,25.82,26.11,25.6,25.88,46539700
22/7/2013,25.99,26.13,25.72,26.05,27526300
23/7/2013,26.1,26.3,25.97,26.13,28221600
24/7/2013,26.32,26.53,26.05,26.51,82635600
25/7/2013,33.54,34.88,32.75,34.36,365457900
26/7/2013,33.77,34.73,33.56,34.01,136028900
29/7/2013,34.07,35.63,34.01,35.43,124718800
30/7/2013,35.65,37.96,35.32,37.63,173582800
31/7/2013,37.96,38.31,36.33,36.8,154828700
1/8/2013,37.3,38.29,36.92,37.49,106066500
2/8/2013,37.66,38.49,37.5,38.05,73058500
5/8/2013,38.43,39.32,38.25,39.19,79994800
6/8/2013,39.11,39.25,37.94,38.55,63950800
7/8/2013,38.61,38.94,37.7,38.87,68854800
8/8/2013,39.13,39.19,38.43,38.54,41301000
9/8/2013,38.59,38.74,38.01,38.5,43532300
12/8/2013,38.2,38.5,38.1,38.22,31161000
13/8/2013,38.24,38.32,36.77,37.02,65379200
14/8/2013,36.83,37.55,36.62,36.65,48423900
15/8/2013,36.36,37.07,36.02,36.56,56521100
16/8/2013,36.97,37.49,36.9,37.08,45840800
19/8/2013,37.43,38.28,37.14,37.81,57609600
20/8/2013,38.35,38.58,37.69,38.41,57995200
21/8/2013,38.38,38.85,38.15,38.32,46116900
22/8/2013,38.37,38.75,38.34,38.55,21931200
23/8/2013,39,40.63,38.93,40.55,86442300
26/8/2013,40.9,41.94,40.62,41.34,94162400
27/8/2013,40.68,41.2,39.42,39.64,72695100
28/8/2013,39.96,40.85,39.88,40.55,57918200
29/8/2013,40.89,41.78,40.8,41.28,58303400
30/8/2013,42.02,42.26,41.06,41.29,67735100
3/9/2013,41.84,42.16,41.51,41.87,48774900
4/9/2013,42.01,42.17,41.44,41.78,42581900
5/9/2013,41.79,42.77,41.77,42.66,50035400
6/9/2013,43.09,44.61,42.4,43.95,117535700
9/9/2013,44.36,44.79,43.7,44.04,75794700
10/9/2013,44.24,44.26,43.23,43.6,54540300
11/9/2013,43.39,45.09,43.11,45.04,72328300
12/9/2013,45.53,45.62,44.65,44.75,68072300
13/9/2013,45.04,45.08,43.93,44.31,52765300
16/9/2013,44.85,44.94,42.43,42.51,70424200
17/9/2013,42.5,45.44,42.43,45.07,91934600
18/9/2013,44.84,45.47,44.4,45.23,79317000
19/9/2013,45.51,46.05,45.23,45.98,63972400
20/9/2013,46.32,47.6,45.74,47.49,115508400
23/9/2013,47.28,47.55,46.29,47.19,75177000
24/9/2013,48.51,49.66,48.16,48.45,136716100
25/9/2013,49.23,49.54,48.46,49.46,87879700
26/9/2013,50.01,50.6,49.5,50.39,98220100
27/9/2013,50.29,51.28,49.86,51.24,81410500
30/9/2013,50.14,51.6,49.8,50.23,100095000
1/10/2013,49.97,51.03,49.45,50.42,98114000
2/10/2013,50.13,51.1,49.95,50.28,62834000
3/10/2013,50.47,50.72,49.06,49.18,82045000
4/10/2013,49.77,51.16,49.57,51.04,74447000
7/10/2013,50.73,51.29,50.4,50.52,57204000
8/10/2013,50.6,50.6,47.08,47.14,136081000
9/10/2013,47.38,47.84,45.26,46.77,147297000
10/10/2013,47.87,49.68,47.83,49.05,99774000
11/10/2013,49.18,49.87,48.79,49.11,58428000
14/10/2013,48.31,49.63,47.91,49.51,68781000
15/10/2013,49.99,51,49.18,49.5,81167000
16/10/2013,50.04,51.24,49.9,51.14,64678000
17/10/2013,51.12,52.22,50.95,52.21,71522000
18/10/2013,54.18,54.83,53.6,54.22,88260000
21/10/2013,54.68,54.81,53.51,53.85,58235000
22/10/2013,54.33,54.76,52.2,52.68,83204000
23/10/2013,51.75,52.25,51.13,51.9,57207000
24/10/2013,52.38,52.84,51.59,52.45,46775000
25/10/2013,53.18,53.24,51.88,51.95,45085000
28/10/2013,51.54,51.7,49.61,50.23,73472000
29/10/2013,50.73,50.79,49.25,49.4,102143000
30/10/2013,50,50.21,48.75,49.01,127073000
31/10/2013,47.16,52,46.5,50.21,248809000
1/11/2013,50.85,52.09,49.72,49.75,95033000
4/11/2013,49.37,49.75,48.02,48.22,80371000
5/11/2013,47.79,50.18,47.51,50.11,76835000
6/11/2013,50.26,50.45,48.71,49.12,67889000
7/11/2013,49.24,49.87,47.3,47.56,97128000
8/11/2013,47.81,48.65,47.25,47.53,70731000
11/11/2013,47.04,47.53,45.73,46.2,80910000
12/11/2013,46,47.37,45.83,46.61,68196000
13/11/2013,46.23,48.74,46.06,48.71,79245000
14/11/2013,48.7,49.57,48.03,48.99,75117000
15/11/2013,49.11,49.48,48.71,49.01,42453000
18/11/2013,48.47,48.84,45.8,45.83,85910000
19/11/2013,46.26,47,45.72,46.36,75602000
20/11/2013,46.61,47.55,46.31,46.43,53933000
21/11/2013,46.99,47.46,46.69,46.7,34886000
22/11/2013,47.04,47.27,45.96,46.23,40545000
25/11/2013,46.36,46.65,44.04,44.82,82565000
26/11/2013,44.66,46.17,43.55,45.89,82016000
27/11/2013,45.97,46.67,45.53,46.49,44993000
29/11/2013,46.75,47.21,46.5,47.01,22953900
2/12/2013,46.9,47.54,46.26,47.06,50774000
3/12/2013,46.75,47.2,46.29,46.73,32086000
4/12/2013,46.46,48.77,46.26,48.62,60890000
5/12/2013,48.15,48.7,47.87,48.34,43855000
6/12/2013,48.98,49.39,47.71,47.94,42938000
9/12/2013,48.09,48.97,47.74,48.84,36056000
10/12/2013,48.64,50.77,48.54,50.25,68479000
11/12/2013,50.55,50.77,49.01,49.38,65776000
12/12/2013,51.05,52.07,50.66,51.83,92723000
13/12/2013,51.66,53.5,51.34,53.32,82641000
16/12/2013,53.25,54.5,52.91,53.81,85119000
17/12/2013,54.76,55.18,54.24,54.86,78751000
18/12/2013,54.86,55.89,53.75,55.57,76003000
19/12/2013,54.33,55.19,53.95,55.05,89753200
20/12/2013,54.93,55.15,54.23,55.12,239824000
23/12/2013,55.5,58.32,55.45,57.77,98297000
24/12/2013,58.27,58.58,56.91,57.96,46617800
26/12/2013,58.32,58.38,57.37,57.73,55101000
27/12/2013,57.48,57.68,55.25,55.44,60466000
30/12/2013,54.93,55.18,53.43,53.71,68307000
31/12/2013,54.12,54.86,53.91,54.65,43076200
2/1/2014,54.83,55.22,54.19,54.71,43195500
3/1/2014,55.02,55.65,54.53,54.56,38246200
6/1/2014,54.42,57.26,54.05,57.2,68852600
7/1/2014,57.7,58.55,57.22,57.92,77207400
8/1/2014,57.6,58.41,57.23,58.23,56682400
9/1/2014,58.65,58.96,56.65,57.22,92253300
10/1/2014,57.13,58.3,57.06,57.94,42449500
13/1/2014,57.91,58.25,55.38,55.91,63010900
14/1/2014,56.46,57.78,56.1,57.74,37503600
15/1/2014,57.98,58.57,57.27,57.6,33663400
16/1/2014,57.26,58.02,56.83,57.19,34541800
17/1/2014,57.3,57.82,56.07,56.3,40849200
21/1/2014,56.6,58.58,56.5,58.51,48669200
22/1/2014,58.85,59.31,57.1,57.51,61352900
23/1/2014,56.37,56.68,55.69,56.63,47951800
24/1/2014,56.15,56.42,54.4,54.45,55200700
27/1/2014,54.73,54.94,51.85,53.55,73924100
28/1/2014,54.02,55.28,54,55.14,48191200
29/1/2014,54.61,54.95,53.19,53.53,92995600
30/1/2014,62.12,62.5,60.46,61.08,150178900
31/1/2014,60.47,63.37,60.17,62.57,87794600
3/2/2014,63.03,63.77,60.7,61.48,74866600
4/2/2014,62.05,63.14,61.82,62.75,45985500
5/2/2014,62.74,63.16,61.27,62.19,51685100
6/2/2014,61.46,62.78,61.46,62.16,42086500
7/2/2014,62.27,64.57,62.22,64.32,60704300
10/2/2014,64.3,64.49,63.47,63.55,43666100
11/2/2014,63.75,65,63.35,64.85,45675600
12/2/2014,64.92,65.06,64.05,64.45,47282100
13/2/2014,64.18,67.33,64.05,67.33,61911700
14/2/2014,67.5,67.58,66.72,67.09,36694900
18/2/2014,66.94,67.54,66.07,67.3,43809900
19/2/2014,67.05,69.08,67,68.06,62087100
20/2/2014,67.73,70.11,65.73,69.63,130928900
21/2/2014,69.69,69.96,68.45,68.59,70932400
24/2/2014,68.74,71.44,68.54,70.78,76620300
25/2/2014,70.95,71,69.45,69.85,52077000
26/2/2014,70.19,71.22,68.85,69.26,55322700
27/2/2014,69.34,70.01,68.87,68.94,41653700
28/2/2014,69.47,69.88,67.38,68.46,66783700
3/3/2014,66.96,68.05,66.51,67.41,56824100
4/3/2014,68.66,68.9,67.62,68.8,42013500
5/3/2014,69.69,71.97,69.62,71.57,74567700
6/3/2014,71.88,71.89,70.25,70.84,46026500
7/3/2014,71.08,71.18,69.47,69.8,38927000
10/3/2014,70.77,72.15,70.51,72.03,59871600
11/3/2014,72.5,72.59,69.96,70.1,59408300
12/3/2014,69.86,71.35,69,70.88,46340500
13/3/2014,71.29,71.35,68.15,68.83,57091000
14/3/2014,68.49,69.43,67.46,67.72,48227000
17/3/2014,68.18,68.95,66.62,68.74,52197000
18/3/2014,68.76,69.6,68.3,69.19,40827000
19/3/2014,69.17,69.29,67.47,68.24,43981000
20/3/2014,68.01,68.23,66.82,66.97,44439000
21/3/2014,67.53,67.92,66.18,67.24,59999900
24/3/2014,67.19,67.36,63.36,64.1,85696000
25/3/2014,64.89,66.19,63.78,64.89,68786000
26/3/2014,64.74,64.95,60.37,60.39,97503900
27/3/2014,60.51,61.9,57.98,60.97,112650000
28/3/2014,61.34,61.95,59.34,60.01,67052000
31/3/2014,60.78,61.52,59.87,60.24,53011000
1/4/2014,60.46,62.66,60.24,62.62,59291000
2/4/2014,63.21,63.91,62.21,62.72,66277000
3/4/2014,62.55,63.17,59.13,59.49,83859000
4/4/2014,59.94,60.2,56.32,56.75,125214400
7/4/2014,55.9,58,55.44,56.95,108488000
8/4/2014,57.68,58.71,57.17,58.19,78836000
9/4/2014,59.63,62.46,59.19,62.41,100215000
10/4/2014,63.08,63.18,58.68,59.16,114988000
11/4/2014,57.6,60.31,57.31,58.53,91452000
14/4/2014,60.09,60.45,57.78,58.89,72325000
15/4/2014,59.29,59.68,55.88,59.09,108623000
16/4/2014,59.79,60.19,57.74,59.72,78774000
17/4/2014,59.3,60.58,58.72,58.94,88040000
21/4/2014,59.46,61.24,59.15,61.24,60364000
22/4/2014,62.65,63.44,62.22,63.03,60631000
23/4/2014,63.45,63.48,61.26,61.36,95908700
24/4/2014,63.6,63.65,59.77,60.87,138769000
25/4/2014,59.97,60.01,57.57,57.71,92502000
28/4/2014,58.05,58.31,54.66,56.14,107758000
29/4/2014,56.09,58.28,55.84,58.15,75557000
30/4/2014,57.58,59.85,57.16,59.78,76093000
1/5/2014,60.43,62.28,60.21,61.15,82429000
2/5/2014,61.3,61.89,60.18,60.46,54189000
5/5/2014,59.67,61.35,59.18,61.22,46057000
6/5/2014,60.98,61.15,58.49,58.53,55901000
7/5/2014,58.77,59.3,56.26,57.39,78587000
8/5/2014,57.23,58.82,56.5,56.76,61251000
9/5/2014,56.85,57.65,56.38,57.24,52584000
12/5/2014,57.98,59.9,57.98,59.83,48575000
13/5/2014,59.66,60.89,59.51,59.83,48525000
14/5/2014,59.53,60.45,58.95,59.23,47429000
15/5/2014,59.26,59.38,57.52,57.92,56814000
16/5/2014,58.31,58.45,57.31,58.02,47933000
19/5/2014,57.89,59.56,57.57,59.21,43034000
20/5/2014,59.5,60.19,58.18,58.56,53931000
21/5/2014,58.56,60.5,58.25,60.49,58992000
22/5/2014,60.94,61.48,60.4,60.52,54200000
23/5/2014,60.41,61.45,60.15,61.35,38294000
27/5/2014,61.62,63.51,61.57,63.48,55682000
28/5/2014,63.39,64.14,62.62,63.51,47795000
29/5/2014,63.84,64.3,63.51,63.83,42700000
30/5/2014,63.95,64.17,62.56,63.3,45253500
2/6/2014,63.23,63.59,62.05,63.08,35996000
3/6/2014,62.62,63.42,62.32,62.87,32217000
4/6/2014,62.45,63.59,62.07,63.34,36514000
5/6/2014,63.66,64.36,62.82,63.19,47352000
6/6/2014,63.37,63.48,62.15,62.5,42442000
9/6/2014,62.4,63.34,61.79,62.88,37617000
10/6/2014,63.53,65.82,63.5,65.77,69338000
11/6/2014,65.32,65.8,64.9,65.78,44242000
12/6/2014,65.85,66.47,64.06,64.29,55730000
13/6/2014,64.7,64.97,63.83,64.5,29419000
16/6/2014,64.16,64.88,63.75,64.19,31046000
17/6/2014,64.1,64.88,63.93,64.4,27715000
18/6/2014,64.49,65.75,64.05,65.6,35570000
19/6/2014,65.46,65.58,64.21,64.34,34245000
20/6/2014,64.46,64.81,63.35,64.5,46466000
23/6/2014,64.32,65.66,64.22,65.37,34560000
24/6/2014,65.36,67.17,65.27,65.72,57335000
25/6/2014,65.58,67.48,65.57,67.44,44308000
26/6/2014,68,68,66.9,67.13,47714000
27/6/2014,67.31,67.7,66.84,67.6,46461000
30/6/2014,67.46,67.92,67.13,67.29,27102800
1/7/2014,67.58,68.44,67.39,68.06,33243000
2/7/2014,68.04,68.3,65.79,66.45,41895000
3/7/2014,66.86,67,65.76,66.29,25203200
7/7/2014,66.3,66.57,65.12,65.29,28745000
8/7/2014,65.06,65.56,62.21,62.76,68926000
9/7/2014,63.41,65.12,63.15,64.97,51432000
10/7/2014,63.31,65.34,63.05,64.87,44422000
11/7/2014,65.28,66.59,64.79,66.34,39212000
14/7/2014,67.13,68.17,66.9,67.9,38537000
15/7/2014,67.96,68.09,66.26,67.17,44213200
16/7/2014,67.54,67.94,67.07,67.66,29541600
17/7/2014,67.03,67.85,66.04,66.41,38188000
18/7/2014,66.8,68.46,66.16,68.42,42456000
21/7/2014,68.81,69.96,68.5,69.4,49539000
22/7/2014,69.76,69.77,68.61,69.27,40398000
23/7/2014,69.74,71.33,69.61,71.29,78435000
24/7/2014,75.96,76.74,74.51,74.98,124168000
25/7/2014,74.99,75.67,74.66,75.19,45917000
28/7/2014,75.17,75.5,73.85,74.92,41725000
29/7/2014,74.72,74.92,73.42,73.71,41324000
30/7/2014,74.21,75.19,74.13,74.68,36853000
31/7/2014,74,74.17,72.44,72.65,43992000
1/8/2014,72.22,73.22,71.55,72.36,43535000
4/8/2014,72.36,73.88,72.36,73.51,30777000
5/8/2014,73.2,73.59,72.18,72.69,34986000
6/8/2014,72.02,73.72,71.79,72.47,30986000
7/8/2014,73,74,72.7,73.17,38141000
8/8/2014,73.4,73.43,72.56,73.06,27202000
11/8/2014,73.46,73.91,73.06,73.44,24591000
12/8/2014,73.09,73.33,72.22,72.83,27419000
13/8/2014,73.12,74.25,73.05,73.77,29266000
14/8/2014,73.97,74.38,73.69,74.3,22207000
15/8/2014,74.32,74.65,73,73.63,38846600
18/8/2014,74,74.72,73.96,74.59,23974000
19/8/2014,74.81,75.58,74.51,75.29,26679000
20/8/2014,74.97,75.18,74.62,74.81,22917000
21/8/2014,74.92,75.19,74.41,74.57,20102000
22/8/2014,74.34,74.73,73.57,74.57,20897000
25/8/2014,74.94,75.28,74.79,75.02,19734000
26/8/2014,75,75.99,74.73,75.96,23993000
27/8/2014,75.27,75.49,74.46,74.63,36323000
28/8/2014,74,74.43,73.73,73.86,21947000
29/8/2014,74.3,74.82,74.01,74.82,26241000
2/9/2014,75.01,76.7,74.82,76.68,34979000
3/9/2014,77.14,77.48,75.6,75.83,32389000
4/9/2014,75.89,76.93,75.53,75.95,26676000
5/9/2014,76.1,77.38,75.6,77.26,29476000
8/9/2014,77.26,78.17,77.01,77.89,28183000
9/9/2014,77.59,78.17,76.2,76.67,28882000
10/9/2014,76.52,77.95,76.51,77.43,29909000
11/9/2014,77.13,78.36,77.05,77.92,32219000
12/9/2014,78.02,78.3,77.1,77.48,26676800
15/9/2014,77.15,77.25,73.43,74.58,49679000
16/9/2014,73.52,76.23,73.07,76.08,37742000
17/9/2014,75.96,77.25,75.57,76.43,28693000
18/9/2014,76.77,77.33,76.52,77,23031000
19/9/2014,77.4,78.3,76.44,77.91,76671000
22/9/2014,77,77.53,75.95,76.8,31961000
23/9/2014,76.33,78.63,76.04,78.29,36814000
24/9/2014,78.1,78.62,77.51,78.54,30680000
25/9/2014,78.6,78.94,77.13,77.22,37533000
26/9/2014,77.59,78.84,77.33,78.79,28872000
29/9/2014,78.12,79.2,77.91,79,34031000
30/9/2014,79.35,79.71,78.6,79.04,35899000
1/10/2014,78.78,78.82,75.9,76.55,55090000
2/10/2014,76.57,77.48,75.64,77.08,36488000
3/10/2014,77.76,78.06,77.26,77.44,23340000
6/10/2014,77.19,77.89,76.85,77.56,25729000
7/10/2014,77.05,77.95,76.24,76.29,25317000
8/10/2014,76.18,77.71,75.1,77.52,32976000
9/10/2014,77.28,77.76,75.85,75.91,32487000
10/10/2014,75.59,76.5,72.76,72.91,52146000
13/10/2014,73.23,74.78,72.52,72.99,43938000
14/10/2014,74,74.18,72.05,73.59,50299000
15/10/2014,71.69,73.8,70.32,73.21,61528000
16/10/2014,70.79,73.35,70.58,72.63,53529000
17/10/2014,74.23,76,73.75,75.95,76342000
20/10/2014,75.6,77.09,75.38,76.95,34701000
21/10/2014,77.56,78.74,77.15,78.69,32252000
22/10/2014,78.82,79.85,78.01,78.37,41862000
23/10/2014,79.38,80.63,79.01,80.04,35056000
24/10/2014,80.2,80.82,79.32,80.67,32248000
27/10/2014,80.74,80.8,79.76,80.28,30169000
28/10/2014,80.18,81.16,79.57,80.77,74212000
29/10/2014,75.45,76.88,74.78,75.86,106120000
30/10/2014,75.05,75.35,72.9,74.11,83270000
31/10/2014,74.93,75.7,74.45,74.99,44544000
3/11/2014,75.47,75.52,73.7,73.88,40727000
4/11/2014,74.23,75.77,73.65,75.76,39326000
5/11/2014,76.51,76.8,74.42,74.83,35913000
6/11/2014,74.89,75.6,74.31,75.26,21383000
7/11/2014,75.39,75.86,75.02,75.6,20774000
10/11/2014,75.36,75.48,74.61,75,21575100
11/11/2014,74.95,74.98,74.03,74.61,18715700
12/11/2014,74.28,75.14,73.54,74.72,26536600
13/11/2014,74.74,75.24,73.64,74.25,26448500
14/11/2014,74.27,74.93,74.04,74.88,19476900
17/11/2014,74.88,75.66,73.88,74.24,28701200
18/11/2014,74.45,74.8,73.9,74.34,20690500
19/11/2014,74.01,74.54,73.11,73.33,25441200
20/11/2014,72.8,73.99,72.51,73.6,19154900
21/11/2014,74.5,74.5,73.5,73.75,23060400
24/11/2014,73.54,74.35,73.35,74.01,22103800
25/11/2014,74.21,75.74,74.13,75.63,32250200
26/11/2014,75.53,77.78,75.51,77.62,32695300
28/11/2014,77.67,78.27,77.23,77.7,15992000
1/12/2014,77.26,77.31,74.8,75.1,31789900
2/12/2014,75.33,75.91,75.04,75.46,16773900
3/12/2014,75.38,75.73,74.4,74.88,16689900
4/12/2014,74.83,75.55,74.66,75.24,14362800
5/12/2014,75.8,76.76,75.36,76.36,24306400
8/12/2014,76.18,77.25,75.4,76.52,25733900
9/12/2014,75.2,76.93,74.78,76.84,25358600
10/12/2014,76.65,77.55,76.07,76.18,32210500
11/12/2014,76.52,78.52,76.48,77.73,33462100
12/12/2014,77.16,78.88,77.02,77.83,28091600
15/12/2014,78.46,78.58,76.56,76.99,29396500
16/12/2014,76.19,77.39,74.59,74.69,31554600
17/12/2014,75.01,76.41,74.9,76.11,29203900
18/12/2014,76.89,78.4,76.51,78.4,34222100
19/12/2014,78.75,80,78.33,79.88,43335000
22/12/2014,80.08,81.89,80,81.45,31395800
23/12/2014,82.02,82.17,80.4,80.61,19865800
24/12/2014,81.03,81.43,80.75,80.77,7685500
26/12/2014,81.02,81.28,80.51,80.78,10647400
29/12/2014,80.49,80.96,79.71,80.02,14134700
30/12/2014,79.85,80.59,79.1,79.22,14370800
31/12/2014,79.54,79.8,77.86,78.02,19935400
2/1/2015,78.58,78.93,77.7,78.45,18177500
5/1/2015,77.98,79.25,76.86,77.19,26452200
6/1/2015,77.23,77.59,75.36,76.15,27399300
7/1/2015,76.76,77.36,75.82,76.15,22045300
8/1/2015,76.74,78.23,76.08,78.18,23961000
9/1/2015,78.2,78.62,77.2,77.74,21157000
12/1/2015,77.84,78,76.21,76.72,19190200
13/1/2015,77.23,78.08,75.85,76.45,25179600
14/1/2015,76.42,77.2,76.03,76.28,25918600
15/1/2015,76.4,76.57,73.54,74.05,34134000
16/1/2015,74.04,75.32,73.84,75.18,21791500
20/1/2015,75.72,76.31,74.82,76.24,22821600
21/1/2015,76.16,77.3,75.85,76.74,25096700
22/1/2015,77.17,77.75,76.68,77.65,19519500
23/1/2015,77.65,78.19,77.04,77.83,16746500
26/1/2015,77.98,78.47,77.29,77.5,19260800
27/1/2015,76.71,76.88,75.63,75.78,20110000
28/1/2015,76.9,77.64,76,76.24,53306400
29/1/2015,76.85,78.02,74.21,78,61293500
30/1/2015,78,78.16,75.75,75.91,42649500
2/2/2015,76.11,76.14,73.75,74.99,41955300
3/2/2015,75.19,75.58,73.86,75.4,26957700
4/2/2015,75.09,76.35,75.01,75.63,20277400
5/2/2015,75.71,75.98,75.21,75.61,15062600
6/2/2015,75.68,75.7,74.25,74.47,21211000
9/2/2015,74.05,74.83,73.45,74.44,16194300
10/2/2015,74.85,75.34,74.5,75.19,15811300
11/2/2015,75.09,76.75,75.03,76.51,20877400
12/2/2015,76.86,76.87,75.89,76.23,17235000
13/2/2015,76.46,76.48,75.5,75.74,18621900
17/2/2015,75.3,76.91,75.08,75.6,25254400
18/2/2015,75.94,76.9,75.45,76.71,22426400
19/2/2015,76.99,79.84,76.95,79.42,45851200
20/2/2015,79.55,80.34,79.2,79.9,36931700
23/2/2015,79.96,80.19,78.38,78.84,24139100
24/2/2015,78.5,79.48,78.1,78.45,18897100
25/2/2015,78.5,80.2,78.5,79.56,25593800
26/2/2015,79.88,81.37,79.72,80.41,31111900
27/2/2015,80.68,81.23,78.62,78.97,30739200
2/3/2015,79,79.86,78.52,79.75,21662500
3/3/2015,79.61,79.7,78.52,79.6,18635000
4/3/2015,79.3,81.15,78.85,80.9,28126700
5/3/2015,81.23,81.99,81.05,81.21,27825700
6/3/2015,80.9,81.33,79.83,80.01,24488600
9/3/2015,79.68,79.91,78.63,79.44,18925100
10/3/2015,78.5,79.26,77.55,77.55,23067100
11/3/2015,77.8,78.43,77.26,77.57,20215700
12/3/2015,78.1,79.05,77.91,78.93,16093300
13/3/2015,78.6,79.38,77.68,78.05,18557300
16/3/2015,77.96,78.12,77.36,78.07,19305400
17/3/2015,78.36,79.78,78.34,79.36,22170000
18/3/2015,79.25,81.24,79.17,80.91,36912400
19/3/2015,81.12,83,81,82.75,42099500
20/3/2015,83.39,84.6,83.07,83.8,44466300
23/3/2015,83.92,84.96,83.3,84.43,27357300
24/3/2015,84.71,86.07,84.52,85.31,32576500
25/3/2015,85.5,85.52,82.92,82.92,37436100
26/3/2015,82.72,83.77,82.14,83.01,32794800
27/3/2015,83.38,83.95,82.88,83.3,18372600
30/3/2015,83.81,84.34,82.41,83.2,24527700
31/3/2015,82.9,83.5,82.21,82.22,19734300
1/4/2015,82.5,82.72,80.87,81.67,22058200
2/4/2015,82.25,82.56,81.44,81.56,19664100
6/4/2015,80.8,82.81,80.8,82.44,19062900
7/4/2015,82.65,83.42,82.22,82.32,17467000
8/4/2015,82.63,83.1,81.84,82.28,18966700
9/4/2015,82.5,82.8,81.71,82.17,15927300
10/4/2015,82.21,82.61,81.91,82.04,12529700
13/4/2015,81.93,83.94,81.92,83.01,26883100
14/4/2015,83.17,83.69,82.44,83.52,19634200
15/4/2015,83.55,83.66,82.27,82.71,22390900
16/4/2015,82.47,83.07,82.15,82.31,13769700
17/4/2015,81.48,82.11,80.37,80.78,24215000
20/4/2015,81.54,83.15,81.24,83.09,28796800
21/4/2015,84,84.49,83.54,83.62,27171900
22/4/2015,84.32,84.74,83.65,84.63,45548000
23/4/2015,84.1,85.59,82.41,82.41,73728100
24/4/2015,82.77,82.94,81.48,81.53,29660400
27/4/2015,81.87,82.93,81.63,81.91,25446000
28/4/2015,81.83,81.9,80.23,80.68,23775300
29/4/2015,80.01,81.39,79.52,80.47,26430300
30/4/2015,80.01,80.96,78.32,78.77,28999000
1/5/2015,79.24,79.76,78.11,78.99,24136400
4/5/2015,79.33,79.69,78.63,78.81,14692000
5/5/2015,78.55,78.8,77.22,77.56,22311300
6/5/2015,77.97,78.81,77.05,78.1,28663000
7/5/2015,78,78.94,77.56,78.43,19749400
8/5/2015,79.1,79.23,78.03,78.51,19943600
11/5/2015,78.48,79.03,77.93,78.01,18874100
12/5/2015,77.87,77.89,76.79,77.46,21285300
13/5/2015,77.72,78.53,77.65,78.44,21512300
14/5/2015,78.94,81.85,78.67,81.37,49438000
15/5/2015,81.41,81.52,80.18,80.42,27069900
18/5/2015,80.33,81.38,80.23,80.88,21613700
19/5/2015,81.25,81.69,80.55,80.63,17955400
20/5/2015,80.47,81.1,79.46,80.55,23056900
21/5/2015,80.19,80.92,80.08,80.48,13402700
22/5/2015,80.35,81.31,80.25,80.54,19567900
26/5/2015,80.43,80.6,79.08,79.33,16321300
27/5/2015,79.6,80.66,79.43,80.55,14160900
28/5/2015,80.25,81.07,80,80.15,11982000
29/5/2015,79.95,80.07,78.88,79.19,16134600
1/6/2015,79.3,80.38,78.66,80.29,18119000
2/6/2015,79.76,81.35,79.56,80.44,18923300
3/6/2015,81.35,82.53,81.25,82.44,31775000
4/6/2015,82.14,82.95,81.51,82.05,20863900
5/6/2015,81.87,82.46,81.51,82.14,16143100
8/6/2015,81.82,82,80.13,80.67,16915500
9/6/2015,80.6,81.19,79.32,80.67,16497500
10/6/2015,80.83,82.6,80.81,82.16,21531200
11/6/2015,82.31,82.9,81.36,81.83,18656800
12/6/2015,81.37,82.09,81.2,81.53,11417900
15/6/2015,80.55,80.93,80.07,80.71,18805100
16/6/2015,80.82,81.51,80.45,81.06,13693700
17/6/2015,81.76,82.22,81.34,81.79,18350300
18/6/2015,81.64,83.19,81.57,82.91,26782600
19/6/2015,82.83,82.98,82.12,82.51,23353200
22/6/2015,83.41,84.97,83.31,84.74,29383100
23/6/2015,84.96,87.97,84.76,87.88,50667900
24/6/2015,87.66,89.25,87.45,88.86,41370200
25/6/2015,89.26,89.4,87.84,87.98,27302000
26/6/2015,88.12,88.34,86.83,88.01,38214600
29/6/2015,86.61,87.5,85.73,85.8,35957900
30/6/2015,86.6,86.7,85.57,85.77,23016500
1/7/2015,86.77,87.95,86.49,86.91,25260000
2/7/2015,87.4,87.44,86.34,87.29,16908800
6/7/2015,86.49,88.19,86.39,87.55,24635900
7/7/2015,87.8,87.85,85.23,87.22,33059900
8/7/2015,86.29,86.75,85.45,85.65,24399300
9/7/2015,86.73,87.6,85.65,85.88,23307400
10/7/2015,87.35,88.22,86.77,87.95,23245900
13/7/2015,88.66,90.22,88.42,90.1,29976700
14/7/2015,90.46,90.8,89.65,89.68,26627800
15/7/2015,90,90.99,89.42,89.76,30886600
16/7/2015,90.28,90.86,89.77,90.85,21804100
17/7/2015,92.55,95.39,92.54,94.97,54001600
20/7/2015,95.85,98.6,95.36,97.91,54860500
21/7/2015,98.95,99.24,97.14,98.39,39453300
22/7/2015,96.74,97.58,95.92,97.04,28299500
23/7/2015,96.96,97.45,94.81,95.44,29418800
24/7/2015,97.35,97.76,95.88,96.95,33444900
27/7/2015,96.58,96.61,93.83,94.17,38585400
28/7/2015,94.84,95.56,93.31,95.29,35236000
29/7/2015,96.32,97.28,94.74,96.99,64648300
30/7/2015,94.91,95.81,91.8,95.21,86211300
31/7/2015,94.95,96.33,93.95,94.01,46509000
3/8/2015,93.53,95.08,92.8,94.14,29343100
4/8/2015,93.79,94.73,93.33,94.06,20136000
5/8/2015,95.25,97.09,95.18,96.44,29813200
6/8/2015,97.18,98.74,94.42,95.12,42271300
7/8/2015,95.38,95.4,93.61,94.3,23199100
10/8/2015,95.68,95.9,93.63,94.15,21624200
11/8/2015,93.73,94.76,92.9,93.62,22491000
12/8/2015,92.7,94.44,91.19,94.19,27050500
13/8/2015,94.05,94.73,93.35,93.43,17451800
14/8/2015,93.54,94.72,93.21,94.42,15929700
17/8/2015,94.42,94.46,93.39,93.93,18313500
18/8/2015,94.08,95.85,94.04,95.17,22278800
19/8/2015,94.63,96.1,94.16,95.31,23251300
20/8/2015,93.54,94.77,90.46,90.56,44598200
21/8/2015,87.52,89.18,85.61,86.06,62778700
24/8/2015,77.03,82.09,72,82.09,83710700
25/8/2015,86.95,87.67,83,83,52021200
26/8/2015,85.95,87.46,83.26,87.19,45124300
27/8/2015,89.1,90.06,87.19,89.73,42431400
28/8/2015,89.88,91.48,89.79,91.01,33215900
31/8/2015,90.6,91.05,88.89,89.43,32850700
1/9/2015,86.85,89.39,86.5,87.23,36097400
2/9/2015,88.81,89.89,87.63,89.89,27190500
3/9/2015,89.76,89.82,87.73,88.15,27048200
4/9/2015,87.2,88.39,86.7,88.26,27328700
8/9/2015,89.69,90.24,88.83,89.53,27012500
9/9/2015,90.78,91.98,90.17,90.44,32551100
10/9/2015,90.07,92.06,89.63,91.98,26437400
11/9/2015,91.68,92.08,91.13,92.05,21185000
14/9/2015,92.31,92.62,91.6,92.31,20127900
15/9/2015,92.37,93.25,91.79,92.9,18859400
16/9/2015,92.9,93.6,92.63,93.45,16321200
17/9/2015,93.37,95.51,92.9,94.34,27841800
18/9/2015,93.2,95.19,93.05,94.4,62300000
21/9/2015,94.62,96.49,94.52,95.55,28790000
22/9/2015,93.77,94.68,91.92,92.96,36888900
23/9/2015,93.4,94.32,92.8,93.97,21701400
24/9/2015,93.06,94.77,92.24,94.41,29106000
25/9/2015,95.79,95.85,92.06,92.77,28961600
28/9/2015,92.08,92.29,88.18,89.21,41199900
29/9/2015,89.1,90.06,85.72,86.67,42281800
30/9/2015,88.44,90.02,88.01,89.9,36169100
1/10/2015,90.05,90.95,88.36,90.95,29283700
2/10/2015,88.9,92.2,88.37,92.07,37881700
5/10/2015,92.94,94.27,92.66,94.01,27292500
6/10/2015,94.08,94.17,92.34,92.8,22172800
7/10/2015,93.11,93.66,91.37,92.4,24129300
8/10/2015,91.89,93.22,90.47,92.47,27290500
9/10/2015,92.9,93.74,92.24,93.24,20012900
12/10/2015,93.32,94.6,92.67,94.26,18449600
13/10/2015,93.66,95.37,93.55,94.12,19480300
14/10/2015,94.08,95.2,93.61,94.07,19253400
15/10/2015,94.99,96.3,94.9,95.96,27557500
16/10/2015,96.18,97.59,95.35,97.54,25412900
19/10/2015,97.18,98.57,96.92,98.47,23729900
20/10/2015,98.73,99.59,96.56,97,30881800
21/10/2015,97.37,98.18,96.47,97.11,21917800
22/10/2015,97.79,99.73,97.55,99.67,26392100
23/10/2015,101.91,102.85,100.16,102.19,42809700
26/10/2015,102.2,103.81,101.55,103.77,25961200
27/10/2015,102.94,104.1,102.4,103.7,23795500
28/10/2015,103.9,104.48,102.92,104.2,24081500
29/10/2015,103.96,105.12,103.52,104.88,20316700
30/10/2015,104.51,104.72,101.65,101.97,33487100
2/11/2015,101.72,103.47,101.18,103.31,24003900
3/11/2015,103.22,103.65,102.4,102.58,21242300
4/11/2015,103.19,104.14,102.48,103.94,43469300
5/11/2015,108.8,110.65,107.95,108.76,63232900
6/11/2015,108.04,108.74,105.91,107.1,35084300
9/11/2015,107,108.25,105.86,106.49,26383500
10/11/2015,105.96,108.15,105.24,107.91,25031700
11/11/2015,108.27,109.87,107.11,109.01,25057100
12/11/2015,108.48,109.39,108,108.02,20924700
13/11/2015,107.71,108.25,103.83,103.95,30278400
16/11/2015,103.32,104.17,100.47,104.04,49309200
17/11/2015,104.62,106.2,104.14,105.13,26807200
18/11/2015,105.8,107.88,105.39,107.77,23836500
19/11/2015,107.36,107.73,105.95,106.26,25520600
20/11/2015,106.84,107.87,106.62,107.32,22129600
23/11/2015,107.19,107.47,106.08,106.95,19897200
24/11/2015,106,106.49,104.39,105.74,23577300
25/11/2015,106.33,106.6,105.1,105.41,15150800
27/11/2015,105.78,105.96,104.86,105.45,5913100
30/11/2015,105.84,106.1,103.75,104.24,20383200
1/12/2015,104.83,107.15,104.5,107.12,22781900
2/12/2015,107,107.92,105.79,106.07,24429100
3/12/2015,106.27,106.85,103.35,104.38,23236500
4/12/2015,104.81,107.73,104.11,106.18,21224700
7/12/2015,106.48,106.83,104.66,105.61,15474900
8/12/2015,104,106.91,103.95,106.49,20401800
9/12/2015,106.18,106.44,103.55,104.6,23517300
10/12/2015,105.05,106.4,104.41,105.42,17454300
11/12/2015,104.15,104.34,101.91,102.12,26427700
14/12/2015,102.29,104.74,101.46,104.66,24648100
15/12/2015,105.3,105.8,104.28,104.55,21764300
16/12/2015,105.37,107.09,104.19,106.79,22680500
17/12/2015,107.49,107.75,106.13,106.22,21675700
18/12/2015,106.08,106.59,103.97,104.04,35994200
21/12/2015,104.91,105.15,103.6,104.77,16138800
22/12/2015,105.22,105.66,104.81,105.51,14597100
23/12/2015,105.89,106.11,103.86,104.63,19599700
24/12/2015,104.74,105.32,104.5,105.02,6501800
28/12/2015,105.02,105.98,104.53,105.93,13069700
29/12/2015,106.42,107.74,106.25,107.26,17179900
30/12/2015,107,107.25,106.06,106.22,13115000
31/12/2015,106,106.17,104.62,104.66,18391100
4/1/2016,101.95,102.24,99.75,102.22,37912400
5/1/2016,102.89,103.71,101.67,102.73,23258200
6/1/2016,101.13,103.77,100.9,102.97,25096200
7/1/2016,100.5,101.43,97.3,97.92,45172900
8/1/2016,99.88,100.5,97.03,97.33,35402300
11/1/2016,97.91,98.6,95.39,97.51,29932400
12/1/2016,99,99.96,97.55,99.37,28395400
13/1/2016,100.58,100.58,95.21,95.44,33410600
14/1/2016,95.85,98.87,92.45,98.37,48658600
15/1/2016,93.98,96.38,93.54,94.97,46132800
19/1/2016,96.53,97.42,93.92,95.26,30998300
20/1/2016,92.83,95,89.37,94.35,59051400
21/1/2016,94.91,95.99,92.62,94.16,30518900
22/1/2016,96.41,98.07,95.49,97.94,30495400
25/1/2016,98.72,99.48,96.93,97.01,32482000
26/1/2016,97.76,97.88,95.66,97.34,26877100
27/1/2016,97.79,97.85,94.23,94.45,58699400
28/1/2016,107.2,110.34,104.81,109.11,107475300
29/1/2016,108.99,112.84,108.84,112.21,62739500
1/2/2016,112.27,115.72,112.01,115.09,46132700
2/2/2016,114.8,117.59,113.2,114.61,59778600
3/2/2016,115.27,115.34,109.75,112.69,56919300
4/2/2016,111.8,111.94,109.25,110.49,38890200
5/2/2016,109.51,109.58,103.18,104.07,76894700
8/2/2016,100.41,102.68,97.46,99.75,71229700
9/2/2016,97.14,102.4,96.82,99.54,62709000
10/2/2016,101.55,103.25,100.24,101,45179400
11/2/2016,99.6,105.11,98.88,101.91,43670600
12/2/2016,103.74,104.24,101.09,102.01,36176800
16/2/2016,103.8,103.93,100.24,101.61,45687200
17/2/2016,102.02,105.72,100.4,105.2,44073400
18/2/2016,105.8,106,103.03,103.47,29593500
19/2/2016,102.55,105.02,102.06,104.57,32404500
22/2/2016,105.49,108.25,105.34,107.16,35709700
23/2/2016,106.85,107.47,105.12,105.46,25319300
24/2/2016,104.21,106.95,102.74,106.88,34412400
25/2/2016,107.11,108.07,105.61,108.07,29906300
26/2/2016,108.7,109.45,107.16,107.92,26686200
29/2/2016,107.6,108.91,106.75,106.92,32779000
1/3/2016,107.83,109.82,107.6,109.82,26817300
2/3/2016,109.68,110.55,108.77,109.95,25670200
3/3/2016,110.25,110.3,108.54,109.58,21353100
4/3/2016,110.05,110.05,107.93,108.39,24938900
7/3/2016,108.07,108.07,104.72,105.73,31436400
8/3/2016,104.78,107.37,104.4,105.93,25617000
9/3/2016,106.7,107.51,105.49,107.51,20493300
10/3/2016,107.91,108.66,105.77,107.32,24854300
11/3/2016,108.48,109.42,107.92,109.41,20697600
14/3/2016,109.28,110.33,108.77,109.89,17249400
15/3/2016,109.11,110.83,108.84,110.67,17618500
16/3/2016,110.49,112.5,110.1,112.18,24744800
17/3/2016,112.15,112.69,110.73,111.02,24241200
18/3/2016,111.56,112.42,110.27,111.45,36256900
21/3/2016,111.66,112.37,111.03,111.85,18448000
22/3/2016,111.36,112.88,111.17,112.25,19001100
23/3/2016,112.01,113.19,112,112.54,18562000
24/3/2016,112.13,113.09,111.68,113.05,17839100
28/3/2016,113.32,114.59,112.95,113.69,21351800
29/3/2016,113.83,116.32,113.64,116.14,29825300
30/3/2016,116.73,116.99,114.36,114.7,33235200
31/3/2016,114.7,115.01,113.77,114.1,21207500
1/4/2016,113.75,116.17,113.35,116.06,24760500
4/4/2016,114.07,114.55,111.61,112.55,48487900
5/4/2016,112.11,113.32,111.9,112.22,22962400
6/4/2016,112.47,113.81,112.42,113.71,20814600
7/4/2016,113.79,114.89,113.07,113.64,20714500
8/4/2016,114.25,114.33,109.9,110.63,48497800
11/4/2016,110.7,110.91,108.77,108.99,39762300
12/4/2016,109.34,111.16,108.99,110.61,26248100
13/4/2016,112.23,112.65,106.52,110.51,88227400
14/4/2016,110.62,112.04,110.26,110.84,28473300
15/4/2016,110.79,110.97,109.2,109.64,20922800
18/4/2016,109.74,110.81,109.2,110.45,21167200
19/4/2016,111.1,112.45,109.16,112.29,30210500
20/4/2016,112.43,113.27,111.56,112.42,21027900
21/4/2016,112.55,114.04,112.31,113.44,20875200
22/4/2016,111.21,111.75,109.01,110.56,38458200
25/4/2016,109.87,110.67,109.07,110.1,21017900
26/4/2016,110.49,110.5,108.15,108.76,22521500
27/4/2016,107.94,108.94,106.31,108.89,52213100
28/4/2016,119.58,120.79,116.23,116.73,87110100
29/4/2016,116.82,117.84,115.84,117.58,37140600
2/5/2016,117.83,118.73,116.57,118.57,28095200
3/5/2016,117.52,118.16,117.02,117.43,24117500
4/5/2016,116.61,118.3,116.57,118.06,23448400
5/5/2016,118.04,118.98,117.25,117.81,22056700
6/5/2016,117.16,119.64,117.11,119.49,26395600
9/5/2016,119.54,120.28,118.9,119.24,21138100
10/5/2016,119.62,120.5,119,120.5,23220000
11/5/2016,120.41,121.08,119.42,119.52,22038400
12/5/2016,119.98,120.84,118.9,120.28,22035500
13/5/2016,120.38,120.64,119.68,119.81,18124300
16/5/2016,119.38,119.61,117.35,118.67,31247800
17/5/2016,118.82,119.01,117.2,117.35,21328600
18/5/2016,116.8,118.27,116.73,117.65,21642300
19/5/2016,117.05,117.49,115.88,116.81,20544100
20/5/2016,116.96,117.99,116.95,117.35,18944800
23/5/2016,117.42,117.6,115.94,115.97,20441000
24/5/2016,116.24,117.73,116.12,117.7,20183600
25/5/2016,118.13,118.67,117.38,117.89,20019800
26/5/2016,118.24,119.76,117.92,119.47,18481300
27/5/2016,119.56,119.85,119.01,119.38,13493600
31/5/2016,119.46,120.1,118.12,118.81,23547600
1/6/2016,118.5,119.08,117.82,118.78,15029500
2/6/2016,118.69,119.44,118.22,118.93,13228300
3/6/2016,118.98,118.98,117.86,118.47,14135100
6/6/2016,118.62,119.43,118.36,118.79,12744700
7/6/2016,119.24,119.3,117.67,117.76,17103000
8/6/2016,117.76,118.6,117.27,118.39,14505600
9/6/2016,118.13,118.68,117.71,118.56,13859200
10/6/2016,117.54,118.11,116.26,116.62,18510800
13/6/2016,115,115.48,113.31,113.95,31718200
14/6/2016,114.07,114.95,113.58,114.94,17618500
15/6/2016,115.3,115.44,114.07,114.6,19819400
16/6/2016,113.87,114.5,112.94,114.39,19236300
17/6/2016,114.42,114.43,112.56,113.02,24644300
20/6/2016,113.77,114.72,112.75,113.37,20785400
21/6/2016,114.12,115.21,113.97,114.38,19166300
22/6/2016,114.65,114.74,113.61,113.91,14846300
23/6/2016,114.37,115.09,113.54,115.08,16176900
24/6/2016,111.01,113.68,111,112.08,40643100
27/6/2016,111.57,111.57,108.23,108.97,36130400
28/6/2016,110.63,112.75,110.55,112.7,26813800
29/6/2016,113.37,114.25,113.04,114.16,20968300
30/6/2016,114.67,115.18,113.67,114.28,23192700
1/7/2016,114.2,115.13,113.81,114.19,14980000
5/7/2016,113.94,114.2,112.97,114.2,14207000
6/7/2016,113.36,116.79,112.97,116.7,24337600
7/7/2016,116.63,116.97,115.36,115.85,16630200
8/7/2016,116.43,117.5,115.85,117.24,18142600
11/7/2016,117.71,118.7,117.5,117.87,17711600
12/7/2016,118.63,118.72,117.57,117.93,15217700
13/7/2016,118.39,118.4,116.68,116.78,16207700
14/7/2016,117.5,117.64,116.7,117.29,14579700
15/7/2016,117.74,118.28,116.58,116.86,16646000
18/7/2016,117.32,119.61,116.89,119.37,20868400
19/7/2016,118.99,120.85,118.66,120.61,21541300
20/7/2016,121.25,122.2,120.56,121.92,20046500
21/7/2016,121.92,122.1,120.25,120.61,17801700
22/7/2016,119.9,121.01,119.31,121,18422400
25/7/2016,121.39,121.85,117.78,121.63,18487400
26/7/2016,122,122.07,120.75,121.22,17612000
27/7/2016,122.42,125,121.51,123.34,52654200
28/7/2016,127.52,128.33,123.63,125,78955800
29/7/2016,124.65,125.84,123.71,123.94,35058800
1/8/2016,123.85,124.58,122.86,124.31,25006900
2/8/2016,124.06,124.8,122.07,123.09,23968400
3/8/2016,123.09,123.92,122.31,122.51,18525300
4/8/2016,122.94,124.79,122.51,124.36,21066000
5/8/2016,124.98,125.84,124.62,125.15,20184000
8/8/2016,125.25,125.45,124.55,125.26,15233900
9/8/2016,125.34,126.09,124.53,125.06,19621000
10/8/2016,125.07,125.48,124.54,124.88,10670100
11/8/2016,125.2,125.38,124.75,124.9,11729500
12/8/2016,124.7,125,124.18,124.88,12159000
15/8/2016,124.91,124.92,123.7,123.9,19295100
16/8/2016,123.5,123.92,122.78,123.3,14222400
17/8/2016,123.66,124.38,122.85,124.37,13794200
18/8/2016,124.01,124.26,123.64,123.91,12400800
19/8/2016,123.6,124.16,123.28,123.56,11688300
22/8/2016,123.33,124.83,123.11,124.15,14386400
23/8/2016,124.51,125.09,124.25,124.37,13309500
24/8/2016,124.47,124.69,123.09,123.48,12243700
25/8/2016,123.12,124.37,123.1,123.89,10730800
26/8/2016,124.05,125.19,123.91,124.96,17504800
29/8/2016,124.35,126.73,124.35,126.54,15925900
30/8/2016,126.6,126.6,125.15,125.84,17804300
31/8/2016,125.6,126.22,125.1,126.12,14200600
1/9/2016,126.38,126.63,125.6,126.17,13536100
2/9/2016,126.85,126.86,126,126.51,12118800
6/9/2016,126.67,129.94,126.47,129.73,26278400
7/9/2016,130.04,131.98,129.95,131.05,27990800
8/9/2016,130.92,131.08,129.81,130.27,15676600
9/9/2016,129.71,129.95,127.1,127.1,27100700
12/9/2016,125.96,128.76,125.75,128.69,21252800
13/9/2016,128.03,128.35,126.66,127.21,18016200
14/9/2016,126.89,128.8,126.89,127.77,15691100
15/9/2016,127.98,129.1,127.67,128.35,15077200
16/9/2016,128.2,129.18,128.2,129.07,24119200
19/9/2016,129.91,129.94,128.26,128.65,14958800
20/9/2016,128.65,129.17,128.03,128.64,11083800
21/9/2016,129.13,130.01,128.39,129.94,14068300
22/9/2016,130.5,130.73,129.56,130.08,15538300
23/9/2016,127.56,128.6,127.3,127.96,28326300
26/9/2016,127.37,128.16,126.8,127.31,15064900
27/9/2016,127.61,129.01,127.43,128.69,15637100
28/9/2016,129.21,129.47,128.4,129.23,12047600
29/9/2016,129.18,129.29,127.55,128.09,14532200
30/9/2016,128.03,128.59,127.45,128.27,18402900
3/10/2016,128.38,129.09,127.8,128.77,13156900
4/10/2016,129.17,129.28,127.55,128.19,14307500
5/10/2016,128.25,128.8,127.83,128.47,12386800
6/10/2016,128.43,129.06,128.08,128.74,11682700
7/10/2016,129.04,129.25,128.33,128.99,12804400
10/10/2016,129.68,130.7,129.2,130.24,15138700
11/10/2016,130.23,130.64,128.23,128.88,17537900
12/10/2016,129.01,129.66,128.46,129.05,11073000
13/10/2016,128.21,128.25,126.75,127.82,17139300
14/10/2016,128.49,128.95,127.58,127.88,13345300
17/10/2016,128.2,128.47,127.32,127.54,11351700
18/10/2016,128.68,129.39,128.01,128.57,13504000
19/10/2016,128.74,130.47,128.6,130.11,16752300
20/10/2016,130.07,130.66,129.5,130,13167500
21/10/2016,129.78,132.13,129.7,132.07,19088800
24/10/2016,132.72,133.41,132.15,133.28,17470200
25/10/2016,133.5,133.5,132.22,132.29,13336800
26/10/2016,131.64,132.26,130.94,131.04,13084700
27/10/2016,131.74,131.8,129.27,129.69,16741400
28/10/2016,130.5,132.97,129.93,131.29,24545500
31/10/2016,132.01,132.12,130.88,130.99,15669000
1/11/2016,131.41,131.94,128.65,129.5,22077800
2/11/2016,130.23,130.23,126.28,127.17,39640900
3/11/2016,122,123.28,119.5,120,63766300
4/11/2016,119.59,121.93,119.25,120.75,30545500
7/11/2016,122.83,123.21,121.35,122.15,23008900
8/11/2016,122.03,124.61,121.54,124.22,19460800
9/11/2016,121.5,123.81,120.51,123.18,31916000
10/11/2016,123.93,124.18,115.27,120.8,67846700
11/11/2016,119.53,120.7,118.15,119.02,32840100
14/11/2016,119.13,119.13,113.55,115.08,51377000
15/11/2016,116.73,118.49,115.83,117.2,34681400
16/11/2016,114.48,117.88,114.21,116.34,32397900
17/11/2016,116.81,117.79,116.01,117.79,18597800
18/11/2016,118.39,119.13,116.84,117.02,22879300
21/11/2016,118.2,121.95,117.8,121.77,35415400
22/11/2016,122.4,122.98,120.9,121.47,26089200
23/11/2016,121.23,121.31,119.94,120.84,15672100
25/11/2016,121.01,121.14,120.07,120.38,8658600
28/11/2016,120.12,121.69,119.82,120.41,18101300
29/11/2016,120.57,122.1,120.4,120.87,18891000
30/11/2016,120.32,121.79,117.95,118.42,30188900
1/12/2016,118.38,118.45,114,115.1,43277000
2/12/2016,115.11,116.48,114.3,115.4,25070400
5/12/2016,115.95,117.57,115.07,117.43,20201500
6/12/2016,117.69,117.8,116.33,117.31,19131200
7/12/2016,117,117.95,116.57,117.95,21913700
8/12/2016,117.98,119.5,117.64,118.91,22442800
9/12/2016,119.22,119.94,118.95,119.68,17464700
12/12/2016,119.22,119.24,117.65,117.77,17805500
13/12/2016,117.86,121.52,117.61,120.31,29768000
14/12/2016,120,121.69,118.85,120.21,25913100
15/12/2016,120.08,122.5,119.63,120.57,20139600
16/12/2016,120.9,121.5,119.27,119.87,25324300
19/12/2016,119.85,120.36,118.51,119.24,15918100
20/12/2016,119.5,119.77,118.8,119.09,13684400
21/12/2016,118.92,119.2,118.48,119.04,10767600
22/12/2016,118.86,118.99,116.93,117.4,16258600
23/12/2016,117,117.56,116.3,117.27,10890000
27/12/2016,116.96,118.68,116.86,118.01,12051500
28/12/2016,118.19,118.25,116.65,116.92,12087400
29/12/2016,117,117.53,116.06,116.35,9934900
30/12/2016,116.6,116.83,114.77,115.05,18684100
3/1/2017,116.03,117.84,115.51,116.86,20663900
4/1/2017,117.55,119.66,117.29,118.69,19630900
5/1/2017,118.86,120.95,118.32,120.67,19492200
6/1/2017,120.98,123.88,120.03,123.41,28545300
9/1/2017,123.55,125.43,123.04,124.9,22880400
10/1/2017,124.82,125.5,124.28,124.35,17324600
11/1/2017,124.35,126.12,124.06,126.09,18356500
12/1/2017,125.61,126.73,124.8,126.62,18653900
13/1/2017,127.49,129.27,127.37,128.34,24884300
17/1/2017,128.04,128.34,127.4,127.87,15294500
18/1/2017,128.41,128.43,126.84,127.92,13145900
19/1/2017,128.23,128.35,127.45,127.55,12195500
20/1/2017,128.1,128.48,126.78,127.04,19097200
23/1/2017,127.31,129.25,126.95,128.93,16593600
24/1/2017,129.38,129.9,128.38,129.37,15162700
25/1/2017,130,131.74,129.77,131.48,18731300
26/1/2017,131.63,133.14,131.44,132.78,20020100
27/1/2017,132.68,132.95,131.08,132.18,19539500
30/1/2017,131.58,131.58,129.6,130.98,18956100
31/1/2017,130.17,130.66,129.52,130.32,19790500
1/2/2017,132.25,133.49,130.68,133.23,50139800
2/2/2017,133.22,135.49,130.4,130.84,54366400
3/2/2017,131.24,132.85,130.76,130.98,24804900
6/2/2017,130.98,132.06,130.3,132.06,17058500
7/2/2017,132.24,133,131.66,131.84,14596400
8/2/2017,132.6,134.44,132.44,134.2,22390600
9/2/2017,134.49,134.5,133.31,134.14,16470600
10/2/2017,134.1,134.94,133.68,134.19,15061900
13/2/2017,134.7,134.7,133.7,134.05,13526200
14/2/2017,134.1,134.23,132.55,133.85,14364900
15/2/2017,133.45,133.7,132.66,133.44,13226500
16/2/2017,133.07,133.87,133.02,133.84,12831100
17/2/2017,133.5,134.09,133.17,133.53,12276500
21/2/2017,133.5,133.91,132.9,133.72,14759100
22/2/2017,133.6,136.79,133.46,136.12,27360100
23/2/2017,135.89,136.12,134.33,135.36,18422500
24/2/2017,134.16,135.62,134.16,135.44,12625700
27/2/2017,135.26,137.18,135.02,136.41,14306700
28/2/2017,136.79,136.81,134.75,135.54,16112100
1/3/2017,136.47,137.48,136.3,137.42,16257000
2/3/2017,137.09,137.82,136.31,136.76,12294800
3/3/2017,136.63,137.33,136.08,137.17,11160600
6/3/2017,136.88,137.83,136.51,137.42,12748200
7/3/2017,137.03,138.37,136.99,137.3,13527100
8/3/2017,137.15,137.99,137.05,137.72,10184500
9/3/2017,137.72,138.57,137.4,138.24,15535300
10/3/2017,138.91,139.49,138.22,138.79,16314100
13/3/2017,138.71,139.68,138.67,139.6,10955500
14/3/2017,139.46,139.46,138.52,139.32,12944000
15/3/2017,139.29,140.1,138.49,139.72,19344800
16/3/2017,140.2,140.25,139.73,139.99,13612900
17/3/2017,140.34,140.34,139.7,139.84,20592800
20/3/2017,139.71,140.19,139.25,139.94,12099500
21/3/2017,141.15,142.31,138.4,138.51,29894800
22/3/2017,137.93,139.79,137.6,139.59,17055400
23/3/2017,139.48,140.39,139.09,139.53,13022800
24/3/2017,140.08,141.02,139.76,140.34,16664700
27/3/2017,139.05,140.65,138.77,140.32,12800500
28/3/2017,140.36,141.95,140.01,141.76,14679400
29/3/2017,141.99,142.86,141.43,142.65,16527600
30/3/2017,142.4,142.95,141.85,142.41,12404000
31/3/2017,142.31,142.63,141.89,142.05,11478300
3/4/2017,141.93,142.47,140.82,142.28,13564000
4/4/2017,141.86,142.09,141.27,141.73,12948600
5/4/2017,142.26,143.44,141.29,141.85,17158100
6/4/2017,142.11,142.22,140.91,141.17,15103400
7/4/2017,141.2,141.55,140.24,140.78,11818300
10/4/2017,141,141.43,140.63,141.04,9039400
11/4/2017,140.8,141.03,138.81,139.92,16638100
12/4/2017,139.72,140.4,139.44,139.58,11612500
13/4/2017,139.62,140.58,139.33,139.39,10965600
17/4/2017,139.76,141.55,139.75,141.42,11519700
18/4/2017,141.27,141.91,140.61,140.96,14807500
19/4/2017,141.35,143.04,141.27,142.27,15563900
20/4/2017,142.95,144.25,142.69,143.8,15968200
21/4/2017,143.9,144.17,142.27,143.68,12382000
24/4/2017,144.96,145.67,144.34,145.47,14407200
25/4/2017,145.79,147.15,145.79,146.49,17767500
26/4/2017,147.09,147.59,146.09,146.56,12395000
27/4/2017,146.67,147.75,146.14,147.7,11275100
28/4/2017,149.5,151.53,149.07,150.25,30652200
1/5/2017,151.74,152.57,151.42,152.46,25218300
2/5/2017,153.34,153.44,151.66,152.78,21870400
3/5/2017,153.6,153.6,151.34,151.8,29782500
4/5/2017,150.17,151.52,148.72,150.85,36225500
5/5/2017,151.45,151.63,149.79,150.24,17148500
8/5/2017,150.71,151.08,149.74,151.06,15827500
9/5/2017,151.49,152.59,150.21,150.48,17453900
10/5/2017,150.23,150.52,148.86,150.29,12080700
11/5/2017,150.31,150.65,149.41,150.04,11841900
12/5/2017,150.4,150.46,149.63,150.33,9598200
15/5/2017,150.17,151.48,149.77,150.19,15064700
16/5/2017,150.11,150.21,149.03,149.78,14550800
17/5/2017,148,148.67,144.42,144.85,28300100
18/5/2017,144.72,148.15,144.51,147.66,23031600
19/5/2017,148.45,149.39,147.96,148.06,16187900
22/5/2017,148.08,148.59,147.69,148.24,12586700
23/5/2017,148.52,148.81,147.25,148.07,12817800
24/5/2017,148.51,150.23,148.42,150.04,17862400
25/5/2017,150.3,152.59,149.95,151.96,19891400
26/5/2017,152.23,152.25,151.15,152.13,14996200
30/5/2017,151.97,152.9,151.64,152.38,13226000
31/5/2017,152.7,153.35,151.09,151.46,18023900
1/6/2017,151.75,152.29,150.3,151.53,14530600
2/6/2017,151.85,153.63,151.3,153.61,16854400
5/6/2017,153.64,154.71,153.41,153.63,12520400
6/6/2017,153.41,154.52,152.48,152.81,13457100
7/6/2017,153.27,153.75,152.34,153.12,12066700
8/6/2017,154.08,154.73,153.1,154.71,17799400
9/6/2017,154.77,155.59,146.61,149.6,35577700
12/6/2017,148.17,149.2,144.56,148.44,33170200
13/6/2017,150.15,151.18,148.9,150.68,20483400
14/6/2017,151.26,152.4,149.05,150.25,20808800
15/6/2017,147.67,150.04,146.37,149.8,18994200
16/6/2017,149.59,150.83,148.6,150.64,22882400
19/6/2017,151.71,153.57,151.71,152.87,19026500
20/6/2017,152.88,153.84,152.21,152.25,14743900
21/6/2017,152.36,154.08,151.88,153.91,15039800
22/6/2017,153.01,154.55,152.91,153.4,13005500
23/6/2017,152.72,155.2,152.65,155.07,18027000
26/6/2017,156.25,156.5,153.2,153.59,18049700
27/6/2017,152.84,153.31,150.39,150.58,19360800
28/6/2017,150.92,153.47,149.86,153.24,16719100
29/6/2017,152.28,152.5,148.92,151.04,23973500
30/6/2017,151.9,151.92,150.06,150.98,17666000
3/7/2017,151.72,152.15,147.8,148.43,13862700
5/7/2017,149,150.85,148.13,150.34,14334300
6/7/2017,149.03,150.04,148,148.82,14951800
7/7/2017,149.25,151.99,149.19,151.44,13615900
10/7/2017,151.69,153.98,151.51,153.5,13378700
11/7/2017,153.37,155.42,152.91,155.27,13667700
12/7/2017,156.49,159.16,156.2,158.9,22739400
13/7/2017,158.74,159.78,158.42,159.26,13929200
14/7/2017,160.13,160.32,159.33,159.97,16371200
17/7/2017,160.25,160.78,158.81,159.73,12858800
18/7/2017,159.66,163.73,159.42,162.86,23722900
19/7/2017,163.59,165.7,163.17,164.14,26273600
20/7/2017,164.8,165,162.81,164.53,18523100
21/7/2017,164.16,165.05,163.75,164.43,14744000
24/7/2017,164.64,166.17,164.31,166,17367000
25/7/2017,165.01,165.54,163.86,165.28,15383200
26/7/2017,166.01,166.01,164.1,165.61,35236900
27/7/2017,174.7,175.49,167.5,170.44,68910700
28/7/2017,169.07,173.43,169.05,172.45,24557600
31/7/2017,172,172.72,168.55,169.25,25478900
1/8/2017,169.82,170.47,169.05,169.86,14385000
2/8/2017,170.3,170.55,166.91,169.3,17433800
3/8/2017,169.3,169.7,168.25,168.59,10793800
4/8/2017,168.97,170.06,168.69,169.62,10777700
7/8/2017,169.95,172.06,169.66,171.98,12787800
8/8/2017,171.88,173.05,170.62,171.23,14393500
9/8/2017,169.98,171.45,169.56,171.18,10815000
10/8/2017,170.06,170.59,166.85,167.4,20832700
11/8/2017,167.95,168.82,166.85,168.08,13791200
14/8/2017,170.09,171.08,169.29,170.75,12954200
15/8/2017,171.49,171.5,170.01,171,8729200
16/8/2017,171.25,171.38,169.24,170,15779900
17/8/2017,169.34,169.86,166.85,166.91,17216000
18/8/2017,166.84,168.67,166.21,167.41,15093600
21/8/2017,167.16,168,165.82,167.78,11907500
22/8/2017,168.28,169.87,167.15,169.64,11391000
23/8/2017,168.84,169.36,168.2,168.71,9856500
24/8/2017,168.88,169.29,166.41,167.74,14030400
25/8/2017,167.86,168.38,166.18,166.32,12614500
28/8/2017,166.91,167.7,166.33,167.24,8553700
29/8/2017,165.25,168.43,165,168.05,11121000
30/8/2017,168.17,170.18,167.63,169.92,11138300
31/8/2017,170.4,172.15,170.06,171.97,17226500
1/9/2017,172.4,172.92,171.31,172.02,11677600
5/9/2017,171.27,172.39,169.55,170.72,13210900
6/9/2017,170.91,172.48,169.57,172.09,13906300
7/9/2017,171.94,173.31,170.27,173.21,18049500
8/9/2017,173.09,173.49,170.8,170.95,10998500
11/9/2017,172.4,173.89,172.2,173.51,12372000
12/9/2017,173.76,174,171.75,172.96,11186300
13/9/2017,173.01,173.17,172.06,173.05,9119300
14/9/2017,172.26,172.28,170.5,170.96,15615700
15/9/2017,170.88,172.34,170.26,171.64,15660500
18/9/2017,171.99,172.07,169.34,170.01,12954000
19/9/2017,170.62,172.56,170.36,172.52,13168600
20/9/2017,172.5,173.05,170.7,172.17,12264100
21/9/2017,171.69,172.27,170.01,171.11,11161400
22/9/2017,170.21,171.73,169.22,170.54,12097100
25/9/2017,169.24,169.3,161.56,162.87,41251600
26/9/2017,164.5,165.5,162.78,164.21,23363300
27/9/2017,165.9,168.34,165.57,167.68,19242500
28/9/2017,167.94,169.07,167.16,168.73,12178700
29/9/2017,168.83,171.66,168.81,170.87,15340400
2/10/2017,171.39,171.87,168.75,169.47,13392300
3/10/2017,169.3,170.73,169.2,169.96,8190300
4/10/2017,169.83,170.67,168.29,168.42,12127900
5/10/2017,169.18,171.31,168.6,171.24,14580600
6/10/2017,170.25,172.37,169.75,172.23,13124500
9/10/2017,172.7,174.88,172,172.5,14570400
10/10/2017,173,173.2,170.8,171.59,11341100
11/10/2017,171.95,172.78,171.4,172.74,11283700
12/10/2017,172.61,173.85,172.29,172.55,10351000
13/10/2017,173.45,174.65,173.2,173.74,13658300
16/10/2017,174.49,175,174.06,174.52,11498800
17/10/2017,174.71,176.13,174.36,176.11,15990100
18/10/2017,176.65,176.74,175.75,176.03,12752400
19/10/2017,174.93,176.03,172.63,174.56,14048400
20/10/2017,175.5,175.88,174.63,174.98,12602200
23/10/2017,175.2,175.34,171.25,171.27,13852700
24/10/2017,172.3,173.24,171.5,171.8,12267900
25/10/2017,171.9,172.25,168.89,170.6,15868200
26/10/2017,171.38,172.29,170.39,170.63,11833100
27/10/2017,174.15,178.21,173.9,177.88,30285300
30/10/2017,179.26,180.69,177.61,179.87,24353200
31/10/2017,180.57,180.8,178.94,180.06,20174200
1/11/2017,182.36,182.9,180.57,182.66,40918300
2/11/2017,180.63,181.94,177.34,178.92,35529900
3/11/2017,179.29,179.86,176.71,178.92,17822100
6/11/2017,178.56,180.45,178.31,180.17,13312700
7/11/2017,180.5,180.75,178.96,180.25,12928200
8/11/2017,179.79,180.35,179.11,179.56,10494100
9/11/2017,178.31,179.4,177.09,179.3,12610300
10/11/2017,178.35,179.1,177.96,178.46,11070200
13/11/2017,177.5,179.04,177.3,178.77,9523400
14/11/2017,178.13,178.97,177.18,178.07,9585900
15/11/2017,176.66,178.57,176.4,177.95,10253700
16/11/2017,178.76,179.83,178.5,179.59,15607600
17/11/2017,179.3,179.98,178.9,179,13018000
20/11/2017,178.87,179.5,178.1,178.74,10052400
21/11/2017,179.15,181.89,178.99,181.86,14504000
22/11/2017,181.3,181.73,180.44,180.87,10376300
24/11/2017,180.4,183.15,180.29,182.78,9426300
27/11/2017,182.56,183.73,181.99,183.03,12344500
28/11/2017,183.51,184.25,182.09,182.42,14379700
29/11/2017,181.89,181.97,174,175.13,41933500
30/11/2017,176.85,178.28,175.2,177.18,25307600
1/12/2017,176.03,177.48,172.34,175.1,20182500
4/12/2017,176.29,176.57,170.79,171.47,24459400
5/12/2017,170.45,175.38,169.01,172.83,20184900
6/12/2017,172.5,176.77,171.9,176.06,20255800
7/12/2017,175.8,180.39,175.8,180.14,20404500
8/12/2017,181.53,182.28,178.74,179,19883800
11/12/2017,179.3,180.22,178.8,179.04,13168600
12/12/2017,178.6,179.18,176.6,176.96,16854100
13/12/2017,177.3,179.16,177.25,178.3,14615700
14/12/2017,178.29,180.36,177.68,178.39,13591000
15/12/2017,179.02,180.49,178.36,180.18,28463100
18/12/2017,181.01,181.3,179.75,180.82,17265400
19/12/2017,179.95,180.08,178.22,179.51,14920600
20/12/2017,179.81,179.81,177.36,177.89,11860500
21/12/2017,177.94,178.68,177.05,177.45,11600700
22/12/2017,177.14,177.53,176.23,177.2,8509500
26/12/2017,176.63,177,174.67,175.99,8897300
27/12/2017,176.55,178.44,176.26,177.62,9496100
28/12/2017,177.95,178.94,177.68,177.92,12220800
29/12/2017,178,178.85,176.46,176.46,10261500
2/1/2018,177.68,181.58,177.55,181.42,18151900
3/1/2018,181.88,184.78,181.33,184.67,16886600
4/1/2018,184.9,186.21,184.1,184.33,13880900
5/1/2018,185.59,186.9,184.93,186.85,13574500
8/1/2018,187.2,188.9,186.33,188.28,17994700
9/1/2018,188.7,188.8,187.1,187.87,12393100
10/1/2018,186.94,187.89,185.63,187.84,10529900
11/1/2018,188.4,188.4,187.38,187.77,9588600
12/1/2018,178.06,181.48,177.4,179.37,77551300
16/1/2018,181.5,181.75,178.04,178.39,36183800
17/1/2018,179.26,179.32,175.8,177.6,27992400
18/1/2018,178.13,180.98,177.08,179.8,23304900
19/1/2018,180.85,182.37,180.17,181.29,26826500
22/1/2018,180.8,185.39,180.41,185.37,21059500
23/1/2018,186.05,189.55,185.55,189.35,25678800
24/1/2018,189.89,190.66,186.52,186.55,24334500
25/1/2018,187.95,188.62,186.6,187.48,17377700
26/1/2018,187.75,190,186.81,190,17759200
29/1/2018,188.75,188.84,185.63,185.98,20453200
30/1/2018,187.62,188.18,181.84,187.12,20858600
31/1/2018,188.37,189.83,185.22,186.89,43275100
1/2/2018,188.22,195.32,187.89,193.09,54211300
2/2/2018,192.04,194.21,189.98,190.28,26677500
5/2/2018,186.93,190.61,180.61,181.26,33128200
6/2/2018,178.57,185.77,177.74,185.31,37758500
7/2/2018,184.15,185.08,179.95,180.18,27601900
8/2/2018,181.01,181.84,171.48,171.58,38478300
9/2/2018,174.76,176.9,167.18,176.11,39887600
12/2/2018,177.06,177.55,171.84,176.41,32092100
13/2/2018,175.62,175.97,173.1,173.15,21809400
14/2/2018,173.45,179.81,173.21,179.52,28929700
15/2/2018,180.5,180.5,176.84,179.96,20922100
16/2/2018,178.99,179.88,176.3,177.36,20645300
20/2/2018,175.77,177.95,175.11,176.01,21204900
21/2/2018,176.71,181.27,176.4,177.91,23200800
22/2/2018,178.7,180.21,177.41,178.99,18464200
23/2/2018,179.9,183.39,179.51,183.29,19007300
26/2/2018,184.58,185.66,183.22,184.93,17599700
27/2/2018,184.45,184.7,181.46,181.46,15849800
28/2/2018,182.3,182.88,178.14,178.32,18783000
1/3/2018,179.01,180.12,174.41,175.94,23201600
2/3/2018,173.29,177.11,172.99,176.62,20025900
5/3/2018,176.2,181.15,175.89,180.4,16189300
6/3/2018,181.78,182.38,179.11,179.78,15086800
7/3/2018,178.74,183.82,178.07,183.71,19097300
8/3/2018,183.56,184.4,181.45,182.34,17225900
9/3/2018,183.91,185.51,183.21,185.23,18526300
12/3/2018,185.23,186.1,184.22,184.76,15301200
13/3/2018,185.61,185.99,181.11,181.88,18067500
14/3/2018,182.6,184.25,181.85,184.19,16821700
15/3/2018,183.24,184,182.19,183.86,15614300
16/3/2018,184.49,185.33,183.41,185.09,24403400
19/3/2018,177.01,177.17,170.06,172.56,88140100
20/3/2018,167.47,170.2,161.95,168.15,129851800
21/3/2018,164.8,173.4,163.3,169.39,106598800
22/3/2018,166.13,170.27,163.72,164.89,73743000
23/3/2018,165.44,166.6,159.02,159.39,53609700
26/3/2018,160.82,161.1,149.02,160.06,126116600
27/3/2018,156.31,162.85,150.75,152.22,79117000
28/3/2018,151.65,155.88,150.8,153.03,60029200
29/3/2018,155.15,161.42,154.14,159.79,59434300
2/4/2018,157.81,159.2,154.11,155.39,36796000
3/4/2018,156.55,157.39,150.81,156.11,42543900
4/4/2018,152.03,155.56,150.51,155.1,49885600
5/4/2018,161.56,161.57,156.65,159.34,41449600
6/4/2018,157.73,161.42,156.81,157.2,41644800
9/4/2018,157.82,160.53,156.04,157.93,34915200
10/4/2018,157.93,165.98,157.01,165.04,57889300
11/4/2018,165.36,168.65,163.25,166.32,56144600
12/4/2018,166.98,167.45,163.1,163.87,38263000
13/4/2018,164.58,165.7,163.77,164.52,19990600
16/4/2018,165.72,165.78,163.39,164.83,18119400
17/4/2018,165.83,169,165.66,168.66,22743000
18/4/2018,166.88,168.12,165.77,166.36,20969600
19/4/2018,166.2,168.33,165.2,168.1,22235000
20/4/2018,167.79,168.43,165.81,166.28,19119400
23/4/2018,167.27,168.45,165.09,165.84,23088100
24/4/2018,165.43,166.1,158.19,159.69,35079900
25/4/2018,160.14,161.06,156.19,159.69,41083600
26/4/2018,173.22,176.27,170.8,174.16,77556900
27/4/2018,176.81,177.1,172.6,173.59,29804700
30/4/2018,173.79,175.72,171.71,172,20750500
1/5/2018,172,174.02,170.23,173.86,26025900
2/5/2018,174.25,178.08,174.2,176.07,30424500
3/5/2018,175.13,176.12,172.12,174.02,24026100
4/5/2018,173.08,176.98,173.06,176.61,17677800
7/5/2018,177.35,179.5,177.17,177.97,18697200
8/5/2018,178.25,179.04,177.11,178.92,15577200
9/5/2018,179.67,183.01,178.78,182.66,23282800
10/5/2018,183.15,186.13,182.5,185.53,21071400
11/5/2018,184.85,188.32,184.18,186.99,21207800
14/5/2018,187.71,187.86,186.2,186.64,15646700
15/5/2018,184.88,185.29,183.2,184.32,15429400
16/5/2018,183.7,184.32,182.66,183.2,16975500
17/5/2018,182.68,184.06,182.22,183.76,14840700
18/5/2018,183.49,184.19,182.61,182.68,13130500
21/5/2018,183.77,185.3,183.13,184.49,13532900
22/5/2018,184.93,185.42,183.43,183.8,12731400
23/5/2018,182.5,186.91,182.18,186.9,16628100
24/5/2018,185.88,186.8,185.03,185.93,12354700
25/5/2018,186.02,186.33,184.45,184.92,10965100
29/5/2018,184.34,186.81,183.71,185.74,16398900
30/5/2018,186.54,188,185.25,187.67,13736900
31/5/2018,187.87,192.72,187.48,191.78,30782600
1/6/2018,193.07,194.55,192.07,193.99,17307200
4/6/2018,191.84,193.98,191.47,193.28,18939800
5/6/2018,194.3,195,192.62,192.94,15544300
6/6/2018,191.03,192.53,189.11,191.34,22558900
7/6/2018,190.75,190.97,186.77,188.18,21503200
8/6/2018,187.53,189.48,186.43,189.1,12677100
11/6/2018,188.81,192.6,188.8,191.54,12928900
12/6/2018,192.17,193.28,191.56,192.4,11562700
13/6/2018,192.74,194.5,191.91,192.41,15853800
14/6/2018,193.1,197.28,192.91,196.81,19120900
15/6/2018,195.79,197.07,194.64,195.85,21860900
18/6/2018,194.8,199.58,194.13,198.31,16826000
19/6/2018,196.24,197.96,193.79,197.49,19994000
20/6/2018,199.1,203.55,198.81,202,28230900
21/6/2018,202.76,203.39,200.09,201.5,19045700
22/6/2018,201.16,202.24,199.31,201.74,17420200
25/6/2018,200,200,193.11,196.35,25275100
26/6/2018,197.6,199.1,196.23,199,17897600
27/6/2018,199.18,200.75,195.8,195.84,18734400
28/6/2018,195.18,197.34,193.26,196.23,18172400
29/6/2018,197.32,197.6,193.96,194.32,15811600
2/7/2018,193.37,197.45,192.22,197.36,13961600
3/7/2018,194.55,195.4,192.52,192.73,13489500
5/7/2018,194.74,198.65,194.03,198.45,19684200
6/7/2018,198.45,203.64,197.7,203.23,19740100
9/7/2018,204.93,205.8,202.12,204.74,18149400
10/7/2018,204.5,204.91,202.26,203.54,13190100
11/7/2018,202.22,204.5,201.75,202.54,12927400
12/7/2018,203.43,207.08,203.19,206.92,15454700
13/7/2018,207.81,208.43,206.45,207.32,11486800
16/7/2018,207.5,208.72,206.84,207.23,11078200
17/7/2018,204.9,210.46,204.84,209.99,15349900
18/7/2018,209.82,210.99,208.44,209.36,15334900
19/7/2018,208.77,209.99,207.76,208.09,11350400
20/7/2018,208.85,211.5,208.5,209.94,16163900
23/7/2018,210.58,211.62,208.8,210.91,16732000
24/7/2018,215.11,216.2,212.6,214.67,28468700
25/7/2018,215.72,218.62,214.27,217.5,58954200
26/7/2018,174.89,180.13,173.75,176.26,169803700
27/7/2018,179.87,179.93,173,174.89,60073700
30/7/2018,175.3,175.3,166.56,171.06,65280800
31/7/2018,170.67,174.24,170,172.58,40356500
1/8/2018,173.93,175.08,170.9,171.65,34042100
2/8/2018,170.68,176.79,170.27,176.37,32400000
3/8/2018,177.69,178.85,176.15,177.78,24763400
6/8/2018,178.97,185.79,178.38,185.69,49716200
7/8/2018,186.5,188.3,183.72,183.81,33398600
8/8/2018,184.75,186.85,183.76,185.18,22205200
9/8/2018,185.85,186.57,182.48,183.09,19732100
10/8/2018,182.04,182.1,179.42,180.26,21500400
13/8/2018,180.1,182.61,178.9,180.05,17423300
14/8/2018,180.71,181.99,178.62,181.11,19102000
15/8/2018,179.34,180.87,174.78,179.53,33020200
16/8/2018,180.42,180.5,174.01,174.7,31351800
17/8/2018,174.5,176.22,172.04,173.8,24893200
20/8/2018,174.04,174.57,170.91,172.5,21518000
21/8/2018,172.81,174.17,171.39,172.62,19578500
22/8/2018,172.21,174.24,172.13,173.64,16894100
23/8/2018,173.09,175.55,172.83,172.9,18053600
24/8/2018,173.7,174.82,172.92,174.65,14631600
27/8/2018,175.99,178.67,175.79,177.46,17921900
28/8/2018,178.1,178.24,175.83,176.26,15910700
29/8/2018,176.3,176.79,174.75,175.9,18494100
30/8/2018,175.9,179.79,175.7,177.64,24216500
31/8/2018,177.15,177.62,174.98,175.73,18065200
4/9/2018,173.5,173.89,168.8,171.16,29809000
5/9/2018,169.49,171.13,166.67,167.18,31226700
6/9/2018,166.98,166.98,160,162.53,41514800
7/9/2018,160.31,164.63,160.16,163.04,24300600
10/9/2018,163.51,165.01,162.16,164.18,20197700
11/9/2018,163.94,167.19,163.72,165.94,20457100
12/9/2018,163.25,164.49,161.8,162,24078100
13/9/2018,162,163.32,160.86,161.36,25453800
14/9/2018,161.72,162.84,160.34,162.32,21770400
17/9/2018,161.92,162.06,159.77,160.58,21005300
18/9/2018,159.39,161.76,158.87,160.3,22465200
19/9/2018,160.08,163.44,159.48,163.06,19629000
20/9/2018,164.5,166.45,164.47,166.02,18936000
21/9/2018,166.64,167.25,162.81,162.93,45994800
24/9/2018,161.03,165.7,160.88,165.41,19222800
25/9/2018,161.99,165.59,161.15,164.91,27622800
26/9/2018,164.3,169.3,164.21,166.95,25252200
27/9/2018,167.55,171.77,167.21,168.84,27266900
28/9/2018,168.33,168.79,162.56,164.46,34265600
1/10/2018,163.03,165.88,161.26,162.44,26407700
2/10/2018,161.58,162.28,158.67,159.33,36031000
3/10/2018,160,163.66,159.53,162.43,23109500
4/10/2018,161.46,161.46,157.35,158.85,25739600
5/10/2018,159.21,160.9,156.2,157.33,25744000
8/10/2018,155.54,158.34,154.39,157.25,24046000
9/10/2018,157.69,160.59,157.42,157.9,18844400
10/10/2018,156.82,157.69,151.31,151.38,30610000
11/10/2018,150.13,154.81,149.16,153.35,35338900
12/10/2018,156.73,156.89,151.3,153.74,25293500
15/10/2018,153.32,155.57,152.55,153.52,15433500
16/10/2018,155.4,159.46,155.01,158.78,19180100
17/10/2018,159.56,160.49,157.95,159.42,17592000
18/10/2018,158.51,158.66,153.28,154.92,21675100
19/10/2018,155.86,157.35,153.55,154.05,19761300
22/10/2018,154.76,157.34,154.46,154.78,15424700
23/10/2018,151.22,154.77,150.85,154.39,19095000
24/10/2018,154.28,154.65,145.6,146.04,27744600
25/10/2018,147.73,152.21,147,150.95,22105700
26/10/2018,145.82,149,143.8,145.37,31303300
29/10/2018,148.5,148.83,139.03,142.09,31336800
30/10/2018,139.94,146.64,139.74,146.22,50528300
31/10/2018,155,156.4,148.96,151.79,60101300
1/11/2018,151.52,152.75,149.35,151.75,25640800
2/11/2018,151.8,154.13,148.96,150.35,24708700
5/11/2018,150.1,150.19,147.44,148.68,15971200
6/11/2018,149.31,150.97,148,149.94,16667100
7/11/2018,151.57,153.01,149.83,151.53,21877400
8/11/2018,150.49,150.94,146.74,147.87,24145800
9/11/2018,146.75,147.76,144.07,144.96,17326900
12/11/2018,144.48,145.04,140.49,141.55,18542100
13/11/2018,142,144.88,141.62,142.16,15141700
14/11/2018,143.7,145.58,141.55,144.22,22068400
15/11/2018,142.33,144.84,140.83,143.85,30320300
16/11/2018,141.07,141.77,137.77,139.53,37250600
19/11/2018,137.61,137.75,131.21,131.55,44362700
20/11/2018,127.03,134.16,126.85,132.43,41939500
21/11/2018,134.4,137.19,134.13,134.82,25469700
23/11/2018,133.65,134.5,131.26,131.73,11886100
26/11/2018,133,137,132.78,136.38,24263600
27/11/2018,135.75,136.61,133.71,135,20750300
28/11/2018,136.28,136.79,131.85,136.76,29847500
29/11/2018,135.92,139.99,135.66,138.68,24238700
30/11/2018,138.26,140.97,137.36,140.61,25732600
3/12/2018,143,143.68,140.76,141.09,24819200
4/12/2018,140.73,143.39,137.16,137.93,30307400
6/12/2018,133.82,139.7,133.67,139.63,28218100
7/12/2018,139.25,140.87,136.66,137.42,21195500
10/12/2018,139.6,143.05,139.01,141.85,26422200
11/12/2018,143.88,143.88,141.1,142.08,20300300
12/12/2018,143.08,147.19,142.51,144.5,23696900
13/12/2018,145.57,145.85,143.19,145.01,18148600
14/12/2018,143.34,146.01,142.51,144.06,21785800
17/12/2018,143.08,144.92,138.42,140.19,24334000
18/12/2018,141.08,145.93,139.83,143.66,24709100
19/12/2018,141.21,144.91,132.5,133.24,57404900
20/12/2018,130.7,135.57,130,133.4,40297900
21/12/2018,133.39,134.9,123.42,124.95,56901500
24/12/2018,123.1,129.74,123.02,124.06,22066000
26/12/2018,126,134.24,125.89,134.18,39723400
27/12/2018,132.44,134.99,129.67,134.52,31202500
28/12/2018,135.34,135.92,132.2,133.2,22627600
31/12/2018,134.45,134.64,129.95,131.09,24625300
2/1/2019,128.99,137.51,128.56,135.68,28146200
3/1/2019,134.69,137.17,131.12,131.74,22717900
4/1/2019,134.01,138,133.75,137.95,29002100
7/1/2019,137.56,138.87,135.91,138.05,20089300
8/1/2019,139.89,143.14,139.54,142.53,26263800
9/1/2019,142.95,144.7,141.27,144.23,22205900
10/1/2019,143.08,144.56,140.84,144.2,16125000
11/1/2019,143.15,145.36,142.57,143.8,12908000
14/1/2019,142,146.57,141.27,145.39,20520300
15/1/2019,146.01,150.68,145.99,148.95,24069000
16/1/2019,149,149.65,147,147.54,18025700
17/1/2019,146.95,149,146.5,148.3,15787900
18/1/2019,149.75,152.43,148.55,150.04,31029600
22/1/2019,149.2,151.53,146.37,147.57,22378700
23/1/2019,148.28,148.8,143.06,144.3,20098400
24/1/2019,144.64,146.44,142.52,145.83,20955500
25/1/2019,147.48,149.83,146.54,149.01,22237200
28/1/2019,148.05,148.96,146.21,147.47,15508500
29/1/2019,148.09,148.1,143.43,144.19,17632100
30/1/2019,146.22,150.95,145.7,150.42,44613200
31/1/2019,165.6,171.68,165,166.69,77233600
1/2/2019,165.84,169.1,165.66,165.71,30806500
4/2/2019,165.7,169.3,163.62,169.25,20036000
5/2/2019,169.15,171.98,168.69,171.16,22557000
6/2/2019,171.2,172.47,169.27,170.49,13281200
7/2/2019,168.2,169.24,165.25,166.38,17517600
8/2/2019,164.47,167.37,164.21,167.33,12561400
11/2/2019,167.9,168.3,165.08,165.79,12811200
12/2/2019,166.86,168.34,164.5,165.04,16292300
13/2/2019,165.38,166.22,163.73,164.07,14205100
14/2/2019,163.19,164.87,162.25,163.95,12755200
15/2/2019,164.51,164.7,160.86,162.5,15504400
19/2/2019,160.5,164.15,160.33,162.29,14345400
20/2/2019,162.25,163.72,161.25,162.56,11770700
21/2/2019,161.93,162.24,159.59,160.04,15607800
22/2/2019,160.58,162.41,160.31,161.89,15858500
25/2/2019,163.07,166.07,162.9,164.62,18737100
26/2/2019,164.34,166.24,163.8,164.13,13784100
27/2/2019,162.9,163.93,160.41,162.81,12697500
28/2/2019,162.37,163.5,160.86,161.45,11114200
1/3/2019,162.6,163.13,161.69,162.28,11097800
4/3/2019,163.9,167.5,163.83,167.37,18894700
5/3/2019,167.37,171.88,166.55,171.26,28187900
6/3/2019,172.9,173.57,171.27,172.51,21531700
7/3/2019,171.5,171.74,167.61,169.13,18306500
8/3/2019,166.2,169.62,165.97,169.6,13184800
11/3/2019,171.6,174.3,171.58,172.07,18884000
12/3/2019,172.09,173.8,171.22,171.92,12155300
13/3/2019,172.32,174.03,172.12,173.37,11973300
14/3/2019,169.76,171.15,168.16,170.17,18037400
15/3/2019,167.16,167.58,162.51,165.98,37135400
18/3/2019,163.57,163.9,159.28,160.47,37524200
19/3/2019,161.48,163.82,160.82,161.57,25611500
20/3/2019,161.5,166.12,161.24,165.44,20211500
21/3/2019,164.89,166.39,163.75,166.08,16223000
22/3/2019,165.65,167.42,164.09,164.34,16389200
25/3/2019,163,166.54,162,166.29,12631200
26/3/2019,167.35,169.45,166.35,167.68,15437900
27/3/2019,167.85,168.94,164.79,165.87,10620300
28/3/2019,164.57,166.72,163.33,165.55,10443000
29/3/2019,166.39,167.19,164.81,166.69,13455500
1/4/2019,167.83,168.9,167.28,168.7,10381500
2/4/2019,170.14,174.9,169.55,174.2,23946500
3/4/2019,174.5,177.96,172.95,173.54,27391100
4/4/2019,176.02,178,175.53,176.02,17847700
5/4/2019,176.88,177,175.1,175.72,9594100
8/4/2019,175.21,175.5,174.23,174.93,7297400
9/4/2019,175.62,179.19,175.55,177.58,19751000
10/4/2019,178.18,178.79,176.54,177.82,11701500
11/4/2019,178.24,178.4,177,177.51,8071000
12/4/2019,178,179.63,177.95,179.1,12329800
15/4/2019,178.5,180.5,176.87,179.65,10834800
16/4/2019,179,180.17,178.3,178.87,11215200
17/4/2019,179.6,180.74,178.36,178.78,9973700
18/4/2019,178.8,178.88,177.34,178.28,11655600
22/4/2019,178.25,181.67,178.25,181.44,13389900
23/4/2019,182.74,184.22,181.48,183.78,19954800
24/4/2019,184.49,185.14,181.65,182.58,37289900
25/4/2019,196.98,198.48,192.12,193.26,54148800
26/4/2019,192.5,192.9,189.09,191.49,22075000
29/4/2019,190.95,195.41,190.65,194.78,19641300
30/4/2019,194.19,197.39,192.28,193.4,23494700
1/5/2019,194.78,196.18,193.01,193.03,15996600
2/5/2019,193,194,189.75,192.53,13209500
3/5/2019,194.38,196.16,193.71,195.47,14575400
6/5/2019,191.24,194.28,190.55,193.88,13994900
7/5/2019,192.54,192.9,187.85,189.77,16253000
8/5/2019,189.39,190.72,188.55,189.54,12505700
9/5/2019,187.2,189.77,186.26,188.65,12967000
10/5/2019,188.25,190,184.59,188.34,12578500
13/5/2019,183.5,185.43,180.84,181.54,16833300
14/5/2019,182.52,183.49,178.1,180.73,17628100
15/5/2019,180.42,187.28,180.02,186.27,16746900
16/5/2019,185.05,188.58,185.05,186.99,12953100
17/5/2019,184.84,187.58,184.28,185.3,10485400
20/5/2019,181.88,184.23,181.37,182.72,10352000
21/5/2019,184.57,185.7,183.89,184.82,7502800
22/5/2019,184.73,186.74,183.61,185.32,9213800
23/5/2019,182.42,183.9,179.67,180.87,12768800
24/5/2019,182.33,183.63,180.83,181.06,8807700
28/5/2019,181.54,184.71,181.45,184.31,14843300
29/5/2019,183.5,184.56,181.35,182.19,12797700
30/5/2019,183.08,183.48,180.89,183.01,8581500
31/5/2019,180.28,180.54,177.16,177.47,15226500
3/6/2019,175,175.05,161.01,164.15,56059600
4/6/2019,163.71,168.28,160.84,167.5,46044300
5/6/2019,167.48,168.72,164.63,168.17,19758300
6/6/2019,168.3,169.7,167.23,168.33,12446400
7/6/2019,170.17,173.87,168.84,173.35,16917300
10/6/2019,174.75,177.86,173.8,174.82,14767900
11/6/2019,178.48,179.98,176.79,178.1,15266600
12/6/2019,178.38,179.27,172.88,175.04,17699800
13/6/2019,175.53,178.03,174.61,177.47,12253600
14/6/2019,180.51,181.84,180,181.33,16773700
17/6/2019,185.01,189.5,184.41,189.01,29459900
18/6/2019,194,194.53,187.28,188.47,37571400
19/6/2019,187,188.1,184.55,187.48,21417100
20/6/2019,190.95,191.16,187.64,189.53,14635700
21/6/2019,188.75,192,188.75,191.14,22751200
24/6/2019,192.42,193.98,191.57,192.6,15509000
25/6/2019,192.88,193.14,188.13,188.84,16750300
26/6/2019,189.54,190.76,187.31,187.66,12808600
27/6/2019,189.88,198.88,188.27,189.5,11159000
28/6/2019,190.55,193.2,189.94,193,16378900
1/7/2019,195.21,195.28,191.93,193,14181800
2/7/2019,193,195,192.71,195,9050000
3/7/2019,194.16,197.4,194.16,197.2,10246100
5/7/2019,196.18,197.07,194.17,196.4,11164100
8/7/2019,195.19,196.68,193.64,195.76,9723900
9/7/2019,194.97,199.46,194.89,199.21,14698600
10/7/2019,200,202.96,199.67,202.73,20571700
11/7/2019,203.26,203.8,200.21,201.23,13678500
12/7/2019,199.68,205.3,199.16,204.87,15366300
15/7/2019,204.25,205.33,201.82,203.91,16030300
16/7/2019,203.89,205.47,203.1,203.84,12132700
17/7/2019,204.18,204.36,201.59,201.8,12083700
18/7/2019,200.15,202.47,199.38,200.78,11937900
19/7/2019,202.18,202.33,198.07,198.36,12098300
22/7/2019,199.91,202.57,198.81,202.32,13589000
23/7/2019,202.84,204.24,200.96,202.36,14583700
24/7/2019,197.63,204.81,197.22,204.66,32532500
25/7/2019,206.7,208.66,198.26,200.71,39889900
26/7/2019,200.19,202.88,196.25,199.75,24434000
29/7/2019,199,199.63,195.3,195.94,16530800
30/7/2019,195.39,198.71,193.5,197.04,11903600
31/7/2019,196.95,198.76,192.68,194.23,14593500
1/8/2019,194.17,198.47,190.88,192.73,17777000
2/8/2019,191.1,192.62,188.07,189.02,15297000
5/8/2019,184.69,185.67,179.34,181.73,23086700
6/8/2019,183.69,185.79,183.09,184.51,18035700
7/8/2019,183.6,186.37,181.22,185.15,15833200
8/8/2019,186.62,190.34,184.05,190.16,14828900
9/8/2019,190,190.98,187.12,187.85,11058800
12/8/2019,186.85,187.59,184.46,185.37,10930900
13/8/2019,185.52,191.38,185.37,188.45,13577000
14/8/2019,185.8,185.99,179.31,179.71,18903700
15/8/2019,180.95,183.2,180.03,182.59,12925900
16/8/2019,183.75,185.1,182.36,183.7,12654600
19/8/2019,186.01,187.5,184.85,186.17,9691200
20/8/2019,185.45,186,182.39,183.81,10083400
21/8/2019,185,185.9,183.14,183.55,8398200
22/8/2019,183.43,184.11,179.91,182.04,10821400
23/8/2019,180.84,183.13,176.66,177.75,17323400
26/8/2019,179.4,180.5,178.24,180.36,8773600
27/8/2019,181.93,184.04,181.01,181.3,14399600
28/8/2019,180.53,181.95,178.92,181.76,9386100
29/8/2019,183.77,186.08,183.47,185.57,10128700
30/8/2019,186.78,186.8,183.46,185.67,10774500
3/9/2019,184,185.67,182.11,182.39,9779400
4/9/2019,184.65,187.75,183.89,187.14,11308000
5/9/2019,188.53,191.36,187.94,190.9,13876700
6/9/2019,190.21,190.21,186.35,187.49,15226800
9/9/2019,187.73,188.98,185.85,188.76,14722400
10/9/2019,187.44,188.1,184.55,186.17,15455900
11/9/2019,186.46,189.44,186.08,188.49,11761700
12/9/2019,189.86,190.93,187.23,187.47,11419800
13/9/2019,187.33,187.97,186.54,187.19,11441100
16/9/2019,186.93,187.79,185.77,186.22,8444800
17/9/2019,186.66,188.32,185.54,188.08,9671100
18/9/2019,188.09,189.08,186.01,188.14,9681900
19/9/2019,188.66,191.1,188.15,190.14,10392700
20/9/2019,190.66,193.1,188.12,189.93,19934200
23/9/2019,189.34,190.1,185.21,186.82,13327600
24/9/2019,187.98,188.04,180.39,181.28,18546600
25/9/2019,181.45,183.42,177.87,182.8,18068300
26/9/2019,181.33,181.4,177.67,180.11,16083300
27/9/2019,180.49,180.76,175.66,177.1,14656200
30/9/2019,177.87,178.67,176.85,178.08,10740000
1/10/2019,179.15,179.84,174.88,175.81,17073000
2/10/2019,174.84,176.53,173.09,174.6,16151700
3/10/2019,175.57,179.84,173.63,179.38,16086300
4/10/2019,179.55,180.98,178.1,180.45,10430200
7/10/2019,180,181.18,178.09,179.68,9178300
8/10/2019,178.26,180.37,177.72,177.75,9466900
9/10/2019,179.16,180.72,177.94,179.85,7556900
10/10/2019,180.32,181.61,179.17,180.03,8605000
11/10/2019,182.15,186.49,182.14,184.19,14930500
14/10/2019,184.2,184.62,182.57,183.28,7006000
15/10/2019,183.8,190.38,183.66,188.89,15039100
16/10/2019,188.32,189.7,186.9,189.55,10516900
17/10/2019,190.3,190.84,188.77,190.39,9603000
18/10/2019,190.23,191.49,183.92,185.85,16874200
21/10/2019,187.04,189.91,186.75,189.76,8122600
22/10/2019,190,190.65,181.5,182.34,19537600
23/10/2019,182.01,186.38,182,186.15,12300400
24/10/2019,184.62,186.73,182.8,186.38,11413500
25/10/2019,185.83,189,185.09,187.89,8061200
28/10/2019,187.2,189.53,185.08,189.4,13657900
29/10/2019,191.69,192.53,188.47,189.31,13574900
30/10/2019,189.56,190.45,185.98,188.25,28734600
31/10/2019,196.7,198.09,188.25,191.65,42286500
1/11/2019,192.85,194.11,189.91,193.62,21711800
4/11/2019,194.55,197.37,193.81,194.72,16371300
5/11/2019,195.37,195.75,193.6,194.32,9942000
6/11/2019,194.03,194.37,191.35,191.55,10973000
7/11/2019,191.91,193.44,189.47,190.42,13473000
8/11/2019,190,192.34,189.7,190.84,10760800
11/11/2019,189.93,190.08,188.54,189.61,8631200
12/11/2019,190,195.06,189.74,194.47,17615500
13/11/2019,194.7,195.7,192.74,193.19,10860700
14/11/2019,192.93,194.03,191.45,193.15,9040500
15/11/2019,194.26,195.3,193.38,195.1,11524300
18/11/2019,194.56,198.63,193.05,197.4,16167200
19/11/2019,197.4,200,196.86,199.32,19056800
20/11/2019,198.58,199.59,195.43,197.51,12355400
21/11/2019,197.42,199.09,196.86,197.93,12131000
22/11/2019,198.38,199.3,197.62,198.82,9959800
25/11/2019,199.52,200.97,199.25,199.79,15272300
26/11/2019,200,200.15,198.04,198.97,11735500
27/11/2019,199.9,203.14,199.42,202,12736600
29/11/2019,201.6,203.8,201.21,201.64,7985200
2/12/2019,202.13,202.18,198.05,199.7,11503400
3/12/2019,197.6,198.93,195.08,198.82,11595300
4/12/2019,200,200.03,198.05,198.71,8456300
5/12/2019,199.86,201.29,198.21,199.36,9740400
6/12/2019,200.5,201.57,200.06,201.05,12270600
9/12/2019,200.65,203.14,200.21,201.34,11954800
10/12/2019,201.66,202.05,200.15,200.87,9475700
11/12/2019,200.28,202.63,200.28,202.26,8036800
12/12/2019,202.35,203.66,194.1,196.75,23734800
13/12/2019,196.4,196.8,193.17,194.11,18798000
16/12/2019,195.27,199.12,194.81,197.92,14911500
17/12/2019,198.84,199,196.13,198.39,10175700
18/12/2019,200.09,204.3,200.09,202.5,23274400
19/12/2019,202.78,206.3,202.51,206.06,16514600
20/12/2019,207.48,207.71,203.43,206.3,27306900
23/12/2019,206.7,208.59,205.68,206.18,13348900
24/12/2019,206.3,206.79,205,205.12,6046300
26/12/2019,205.57,207.82,205.31,207.79,9350700
27/12/2019,208.67,208.93,206.59,208.1,10284200
30/12/2019,207.86,207.9,203.9,204.41,10524300
31/12/2019,204,205.56,203.6,205.25,8953500
2/1/2020,206.75,209.79,206.27,209.78,12077100
3/1/2020,207.21,210.4,206.95,208.67,11188400
6/1/2020,206.7,212.78,206.52,212.6,17058900
7/1/2020,212.82,214.58,211.75,213.06,14912400
8/1/2020,213,216.24,212.61,215.22,13475000
9/1/2020,217.54,218.38,216.28,218.3,12642800
10/1/2020,219.2,219.88,217.42,218.06,12119400
13/1/2020,219.6,221.97,219.21,221.91,14463400
14/1/2020,221.61,222.38,218.63,219.06,13288900
15/1/2020,220.61,221.68,220.14,221.15,10036500
16/1/2020,222.57,222.63,220.39,221.77,10015300
17/1/2020,222.03,222.29,220.53,222.14,15905900
21/1/2020,222.16,222.37,219.12,221.44,14275800
22/1/2020,222.31,222.75,221.28,221.32,12212800
23/1/2020,220.75,221.49,219.27,219.76,11195000
24/1/2020,220.8,221.78,216.11,217.94,11905800
27/1/2020,213.1,216.06,212.5,214.87,13810700
28/1/2020,216.14,218.74,213.52,217.79,13413800
29/1/2020,221.44,224.2,218.45,223.23,33181300
30/1/2020,206.53,211.43,204.75,209.53,48775500
31/1/2020,208.43,208.69,201.06,201.91,31359900
3/2/2020,203.44,205.14,202.5,204.19,15495600
4/2/2020,206.62,210.6,205.2,209.83,19628900
5/2/2020,212.51,212.73,208.71,210.11,12538200
6/2/2020,210.47,211.19,209.34,210.85,10567500
7/2/2020,210.3,212.82,209.93,212.33,12242500
10/2/2020,211.52,213.8,210.66,213.06,11856400
11/2/2020,210.19,210.86,206.51,207.19,25030800
12/2/2020,207.85,211.22,207.4,210.76,13813700
13/2/2020,209.52,214.33,209.18,213.14,15396600
14/2/2020,214,214.93,212.65,214.18,10741700
18/2/2020,213.55,217.98,213.4,217.8,15609200
19/2/2020,217.99,218.32,216.11,217.49,12135100
20/2/2020,216.52,218.77,212.95,214.58,13109200
21/2/2020,213.48,214.24,208.83,210.18,14092300
24/2/2020,201.8,203.65,198.17,200.72,23080100
25/2/2020,202.25,203.5,195.95,196.77,21433500
26/2/2020,197.19,201.21,195.49,197.2,16524500
27/2/2020,191.82,195.88,189.5,189.75,21682600
28/2/2020,182.7,192.74,181.82,192.47,32568900
2/3/2020,194.03,196.57,188.85,196.44,24949000
3/3/2020,196.22,197.24,183.97,185.89,27984100
4/3/2020,189.17,191.83,186.39,191.76,23062500
5/3/2020,186.78,188.99,183.89,185.17,19333400
6/3/2020,178.33,183.78,176.26,181.09,24559600
9/3/2020,169.6,175,165.19,169.5,29949000
10/3/2020,174.67,178.29,169.5,178.19,24517800
11/3/2020,174.01,175.88,167.66,170.24,20373900
12/3/2020,159.54,166.6,154.34,154.47,43266300
13/3/2020,163.53,170.79,157.6,170.28,35028600
16/3/2020,152.32,159.13,143.1,146.01,39120400
17/3/2020,150.74,153.94,140,149.42,34255600
18/3/2020,139.75,148.18,137.1,146.96,37553100
19/3/2020,146.62,159.93,144.8,153.13,39862300
20/3/2020,156.02,159.27,148,149.73,32568400
23/3/2020,149.66,152.31,142.25,148.1,29830800
24/3/2020,155.21,161.31,152.57,160.98,30440400
25/3/2020,158.92,162.99,153.06,156.21,35184300
26/3/2020,158.25,164,157.02,163.34,26556800
27/3/2020,158.2,160.09,154.75,156.79,24879900
30/3/2020,159.18,166.75,158.06,165.95,22515200
31/3/2020,165.48,170.93,164.2,166.8,23676300
1/4/2020,161.62,164.15,158.04,159.6,19507600
2/4/2020,159.1,161.35,155.92,158.19,20886300
3/4/2020,157.15,157.91,150.83,154.18,25983300
6/4/2020,160.15,166.2,158.51,165.55,28453600
7/4/2020,171.79,173.39,166.01,168.83,31411900
8/4/2020,171.25,175,167.74,174.28,21664200
9/4/2020,175.9,177.08,171.57,175.19,23534300
13/4/2020,173.67,175,169.45,174.79,19355400
14/4/2020,178.98,181.23,176.62,178.17,21011800
15/4/2020,175.19,178.19,172.82,176.97,17423000
16/4/2020,177.95,178.05,172.51,176.25,23593200
17/4/2020,179.2,180.28,176.66,179.24,20974800
20/4/2020,177.41,180.5,176.77,178.24,16110700
21/4/2020,175.25,175.38,168.34,170.8,24850500
22/4/2020,178.45,184.78,178.14,182.28,33242000
23/4/2020,184.08,187.05,183.15,185.13,21426600
24/4/2020,183.23,190.41,180.83,190.07,28792000
27/4/2020,192.66,193.75,187.41,187.5,29197800
28/4/2020,188.66,189.2,182.56,182.91,21731000
29/4/2020,190.93,196.91,190,194.19,45954500
30/4/2020,206.92,209.69,201.57,204.71,46230100
1/5/2020,201.6,207.28,199.05,202.27,30415600
4/5/2020,200.2,205.91,198.76,205.26,19250700
5/5/2020,207.02,210.38,206.5,207.07,21071200
6/5/2020,208.12,211.6,206.66,208.47,21857000
7/5/2020,211.16,211.6,209.04,211.26,15152000
8/5/2020,212.24,213.21,210.85,212.35,12506000
11/5/2020,210.89,215,210.37,213.18,12911900
12/5/2020,213.29,215.28,210,210.1,14704600
13/5/2020,209.43,210.78,202.11,205.1,20684600
14/5/2020,202.56,206.93,200.69,206.81,17178900
15/5/2020,205.27,211.34,204.12,210.88,19383200
18/5/2020,212.15,214.64,210.94,213.19,20151900
19/5/2020,213.27,220.49,212.83,216.88,31843200
20/5/2020,223.5,231.34,223.19,229.97,50162900
21/5/2020,234.72,237.2,231.2,231.39,47782600
22/5/2020,231.51,235.99,228.74,234.91,33925600
26/5/2020,239.77,240.9,231.67,232.2,33178300
27/5/2020,229.07,230.56,221.13,229.14,34697600
28/5/2020,224.3,231.63,224,225.46,29377200
29/5/2020,225.2,227.49,222.88,225.09,23241500
1/6/2020,224.59,232.44,223.5,231.91,18223800
2/6/2020,230.94,233,226.56,232.72,20919000
3/6/2020,232.11,232.65,228.53,230.16,15380300
4/6/2020,229.56,231.63,224.61,226.29,17041500
5/6/2020,226.71,231.35,225.31,230.77,16750400
8/6/2020,229.03,231.55,227.41,231.4,15466500
9/6/2020,231.52,239.77,230.41,238.67,27462900
10/6/2020,240.96,241.21,235.28,236.73,20720700
11/6/2020,229.94,232.89,223.55,224.43,26708200
12/6/2020,229.9,231.66,224.5,228.58,22091400
15/6/2020,225.09,233.77,224.8,232.5,15340300
16/6/2020,237.14,238.46,233,235.65,15236700
17/6/2020,235,237.59,231.73,235.53,19578100
18/6/2020,234.99,236.14,232.15,235.94,15782500
19/6/2020,237.79,240.83,235.55,238.79,30081300
22/6/2020,238.56,240.7,236.91,239.22,18917800
23/6/2020,241.28,245.19,239.86,242.24,24017900
24/6/2020,241.2,243.22,232.68,234.02,20834900
25/6/2020,234.62,237.3,232.74,235.68,18704300
26/6/2020,232.64,233.09,215.4,216.08,76343900
29/6/2020,209.75,220.75,207.11,220.64,58514300
30/6/2020,220.59,227.5,218.47,227.07,33927100
1/7/2020,228.5,239,227.56,237.55,43399700
2/7/2020,239,240,232.61,233.42,30633600
6/7/2020,233.76,240.4,232.27,240.28,26206200
7/7/2020,239.41,247.65,238.82,240.86,27887800
8/7/2020,238.11,246.99,236.59,243.58,29791300
9/7/2020,245,246.53,239.24,244.5,22174900
10/7/2020,243.69,245.49,239.32,245.07,22982700
13/7/2020,247.01,250.15,238.42,239,24674900
14/7/2020,236.76,240.33,232.03,239.73,23378100
15/7/2020,241.55,244.82,238.05,240.28,19133600
16/7/2020,238,241.76,236.33,240.93,18880700
17/7/2020,241,244.16,237.86,242.03,18152400
20/7/2020,240.06,246.05,235.64,245.42,20872200
21/7/2020,246.22,246.91,240.08,241.75,19364200
22/7/2020,240.26,241.9,238.12,239.87,15427900
23/7/2020,239.63,242.42,231.75,232.6,21771800
24/7/2020,230.19,233.49,226.9,230.71,18325800
27/7/2020,231.46,234.95,230.83,233.5,13163100
28/7/2020,234.63,234.96,229.83,230.12,14170100
29/7/2020,231.14,233.7,230.31,233.29,13588300
30/7/2020,230.22,234.89,229,234.5,20615300
31/7/2020,255.82,255.85,249,253.67,53005100
3/8/2020,252.65,255.4,250.33,251.96,23124900
4/8/2020,251.56,252.8,247.43,249.83,17183500
5/8/2020,250.19,252.27,247.77,249.12,13050100
6/8/2020,249.04,266.6,248.67,265.28,45241600
7/8/2020,264.08,278.89,263.43,268.44,72766400
10/8/2020,268.04,273.86,259.69,263,30248800
11/8/2020,260.19,265.92,255.13,256.13,28238300
12/8/2020,258.97,263.9,258.11,259.89,21415700
13/8/2020,261.55,265.16,259.57,261.3,17374000
14/8/2020,262.31,262.65,258.68,261.24,14792700
17/8/2020,262.5,264.1,259.4,261.16,13351100
18/8/2020,260.95,265.15,259.26,262.34,18690400
19/8/2020,261.39,267.91,261.35,262.59,23291500
20/8/2020,261.5,269.63,261.46,269.01,20299700
21/8/2020,268.69,270.49,266.42,267.01,15538600
24/8/2020,271.07,277.25,268.77,271.39,23685600
25/8/2020,272.41,283.09,270.26,280.82,42127200
26/8/2020,284,304.67,284,303.91,69015200
27/8/2020,300.16,301.23,292.02,293.22,30301300
28/8/2020,295,297.23,290.98,293.66,17157400
31/8/2020,293.95,296.88,291.55,293.2,17345100
1/9/2020,294.71,301.49,292.71,295.44,17295900
2/9/2020,298.88,303.6,293.05,302.5,24341400
3/9/2020,295.99,297.6,283.63,291.12,32294100
4/9/2020,287.25,289,271.14,282.73,30333700
8/9/2020,271.28,279.3,269.42,271.16,24864000
9/9/2020,275.77,278.48,271.35,273.72,22918800
10/9/2020,275.51,279.16,267.03,268.09,24814700
11/9/2020,270.06,271.39,262.64,266.61,18913900
14/9/2020,270.95,276.64,265.7,266.15,24093800
15/9/2020,270.67,274.52,269.3,272.42,18478500
16/9/2020,267.29,272.44,261.79,263.52,29183400
17/9/2020,258.28,261.5,250.19,254.82,31281400
18/9/2020,258.4,259.2,250.05,252.53,28130800
21/9/2020,247.54,249.95,244.13,248.15,24709400
22/9/2020,253.31,255.32,248.22,254.75,30293100
23/9/2020,255.26,257.99,248.15,249.02,19641300
24/9/2020,246.5,252.24,245.62,249.53,20006800
25/9/2020,249.4,255.75,246.61,254.82,18351300
28/9/2020,259.4,259.6,254.82,256.82,18826300
29/9/2020,257.81,263.33,256.9,261.79,20200200
30/9/2020,261.98,266.08,260.1,261.9,20142500
1/10/2020,265.35,268.33,264.8,266.63,20009800
2/10/2020,261.21,265.15,259.18,259.94,16367600
5/10/2020,262.2,264.87,260.84,264.65,12822300
6/10/2020,261.78,265.69,258.24,258.66,18696900
7/10/2020,259.21,260.18,254.82,258.12,23133400
8/10/2020,259.75,264.62,259.15,263.76,16312800
9/10/2020,264.52,264.75,262.17,264.45,14107800
12/10/2020,270.2,280.18,267.87,275.75,31019300
13/10/2020,277.58,279.1,273.39,276.14,18063300
14/10/2020,277.62,278.75,271.5,271.82,15577800
15/10/2020,267.6,269.04,263.67,266.72,15416100
16/10/2020,267.38,271.37,265.3,265.93,16622700
19/10/2020,265.53,268.55,259.88,261.4,13587000
20/10/2020,263.06,269.7,262.88,267.56,18763200
21/10/2020,279.56,283.05,276.37,278.73,28998600
22/10/2020,279.87,282.45,275.04,278.12,16720000
23/10/2020,278.8,285.24,276.82,284.79,17535200
26/10/2020,283.16,285.23,274.26,277.11,21322900
27/10/2020,278.76,284.51,276.31,283.29,16287200
28/10/2020,278.79,278.79,267.26,267.67,23121800
29/10/2020,276.55,283.6,273.78,280.83,32368100
30/10/2020,274.5,276.7,259.1,263.11,47247800
2/11/2020,264.6,270.47,257.34,261.36,27165700
3/11/2020,263.16,270.05,260.88,265.3,17961900
4/11/2020,281,288.94,278.62,287.38,35364400
5/11/2020,291.9,297.38,288.95,294.68,23823600
6/11/2020,293.95,294.6,288.06,293.41,13891000
9/11/2020,289.87,292.58,278.53,278.77,25117700
10/11/2020,273.1,274,264,272.43,29067700
11/11/2020,273.47,278.4,272.48,276.48,14957000
12/11/2020,277.18,279.75,274.43,275.08,12899500
13/11/2020,277.72,277.76,273.1,276.95,10391200
16/11/2020,275.05,279.41,274.63,278.96,12970400
17/11/2020,277.68,277.68,273.29,275,15040300
18/11/2020,274.52,277.39,271.84,271.97,12152900
19/11/2020,271.02,273.47,269.19,272.94,12963700
20/11/2020,272.56,273,269.41,269.7,18114700
23/11/2020,270.89,270.95,264.53,268.43,20990800
24/11/2020,268.49,277.82,267.87,276.92,16930400
25/11/2020,278.14,280.18,272.65,275.59,12467000
27/11/2020,277.39,279.13,274.82,277.81,7808400
30/11/2020,276.03,277.7,271.01,276.97,16693300
1/12/2020,279.16,289.3,278.96,286.55,20738900
2/12/2020,285.36,291.78,280.83,287.52,17361600
3/12/2020,286.25,286.65,281.07,281.85,12921700
4/12/2020,280.3,283.46,279.3,279.7,10880300
7/12/2020,279.19,288.49,278.2,285.58,13007700
8/12/2020,286.01,286.43,281.55,283.4,10747700
9/12/2020,283.66,287.63,271.75,277.92,25189700
10/12/2020,275.54,278.73,271.86,277.12,20065100
11/12/2020,274.53,276.48,270.25,273.55,14391400
14/12/2020,273.37,277.22,271.56,274.19,16376900
15/12/2020,274.83,276.08,267.47,275.55,23979500
16/12/2020,274.76,277.86,272.51,275.67,15885000
17/12/2020,277.07,280.44,273.61,274.48,16377800
18/12/2020,275.77,278,271.14,276.4,26693200
21/12/2020,272.98,274.67,267.79,272.79,16553700
22/12/2020,271.5,271.5,264.63,267.09,17312900
23/12/2020,266.89,272.17,266.23,268.11,14329000
24/12/2020,268.88,270.4,266.2,267.4,6702000
28/12/2020,268.74,277.3,265.66,277,23299700
29/12/2020,276.95,280.51,276.28,276.78,16383000
30/12/2020,277.95,278.08,271.71,271.87,11803800
31/12/2020,272,277.09,269.81,273.16,12900400
4/1/2021,274.78,275,265.2,268.94,15106100
5/1/2021,268.29,272.4,268.21,270.97,9871600
6/1/2021,262,267.75,260.01,263.31,24354100
7/1/2021,265.9,271.61,264.78,268.74,15789800
8/1/2021,268.31,268.95,263.18,267.57,18528300
11/1/2021,260.48,263.47,255.9,256.84,30412300
12/1/2021,256.63,259.72,250.3,251.09,26383500
13/1/2021,251.55,253.95,249.2,251.64,19528900
14/1/2021,253.4,255.03,244.61,245.64,29739400
15/1/2021,247.9,253.86,247.16,251.36,24942900
19/1/2021,256.9,262.2,252.72,261.1,28028500
20/1/2021,268.93,270.32,263.6,267.48,25199900
21/1/2021,269.26,273.6,267.49,272.87,20838700
22/1/2021,272.01,278.47,272,274.5,21954000
25/1/2021,278.14,280.1,271.51,278.01,19087000
26/1/2021,278.14,285.39,277.81,282.05,19373600
27/1/2021,282.53,283.45,268.12,272.14,35346200
28/1/2021,277.18,286.79,264.7,265,37758800
29/1/2021,265.3,266.56,254.85,258.33,30389500
1/2/2021,259.52,264.17,254.91,262.01,22914300
2/2/2021,264,268.85,263.27,267.08,17320800
3/2/2021,265.62,269.2,263.84,266.65,14223400
4/2/2021,267.01,268.16,264,266.49,16060000
5/2/2021,266.8,269.17,265.67,268.1,12454400
8/2/2021,268.75,269.86,265,266.58,13755200
9/2/2021,266.44,273.39,265.75,269.45,14613400
10/2/2021,272.45,273.8,267.72,271.87,14687200
11/2/2021,271.89,273.58,268.49,270.39,12828600
12/2/2021,270.52,271.18,268.34,270.5,9097600
16/2/2021,270.8,276.6,270.05,273.97,15417200
17/2/2021,271.24,273.97,269.58,273.57,12763200
18/2/2021,269.57,271.95,266.03,269.39,15249100
19/2/2021,269.86,270.27,260.15,261.56,25622600
22/2/2021,257.95,263.07,257.53,260.33,17434900
23/2/2021,259.5,267.46,254.96,265.86,21924600
24/2/2021,262.33,266.38,258.39,264.31,15736100
25/2/2021,262.3,266.94,254.04,254.69,19053100
26/2/2021,256.47,265.55,256.47,257.62,26619500
1/3/2021,260.82,266.65,257.9,264.91,22157300
2/3/2021,265.78,266.71,258.65,259,15191700
3/3/2021,260.29,260.99,255.1,255.41,15513500
4/3/2021,256.47,266.49,253.5,257.64,31626500
5/3/2021,260.67,265.45,255.61,264.28,26820100
8/3/2021,265.55,265.58,255.05,255.31,18391800
9/3/2021,261.18,268.53,259.81,265.74,22039700
10/3/2021,268.64,268.97,262.87,264.9,14210300
11/3/2021,268.11,277.9,267.82,273.88,21834000
12/3/2021,269.14,269.74,264.02,268.4,20600200
15/3/2021,269.08,275.96,268.5,273.75,16844800
16/3/2021,276.08,282.14,274.8,279.28,22437700
17/3/2021,275.71,286.23,275.41,284.01,21315000
18/3/2021,279.87,285.19,278.28,278.62,18728300
19/3/2021,281.22,292.8,281.2,290.11,38930500
22/3/2021,290.45,299.71,286.75,293.54,28273100
23/3/2021,293.15,298,289.81,290.63,23000900
24/3/2021,291,291.72,281.16,282.14,18675000
25/3/2021,280.98,288.06,277.75,278.74,24505600
26/3/2021,278.3,284.5,277.77,283.02,17629200
29/3/2021,285.77,293.18,284.7,290.82,21718800
30/3/2021,289.83,292.47,286.7,288,17474500
31/3/2021,289.99,296.5,288.61,294.53,19498200
1/4/2021,298.4,302.4,296.6,298.66,17616000
5/4/2021,300.89,310.77,300.68,308.91,28237000
6/4/2021,308.84,311.35,305.25,306.26,17335200
7/4/2021,306.34,314.25,305.5,313.09,22855200
8/4/2021,314.85,315.88,310.05,313.02,20894100
9/4/2021,311.4,314.74,310.33,312.46,15988600
12/4/2021,311.05,312.15,307.93,311.54,10881900
13/4/2021,312.21,314.43,309.32,309.76,14036900
14/4/2021,307.3,308.03,301.95,302.82,17421400
15/4/2021,306.34,310.14,304.1,307.82,14558300
16/4/2021,308.17,308.95,304.61,306.18,13059200
19/4/2021,305.01,307.7,300.56,302.24,14553500
20/4/2021,301.99,305.1,297.21,302.65,16796400
21/4/2021,301.95,301.98,297.39,301.47,14863500
22/4/2021,301.33,302.92,296.04,296.52,16375400
23/4/2021,298.76,302.59,297.15,301.13,17536800
26/4/2021,303.34,305.8,301.56,303.04,16172600
27/4/2021,304.28,305.34,301.11,303.57,15309300
28/4/2021,307.36,310.92,305.37,307.1,33907200
29/4/2021,330.12,331.81,321.61,329.51,56526800
30/4/2021,326.14,329.82,324.5,325.08,26332400
3/5/2021,326.17,328.55,321.84,322.58,18719500
4/5/2021,320.02,322.19,313.12,318.36,24032600
5/5/2021,318.19,321.06,314.49,315.02,15577600
6/5/2021,314.52,320.24,313.27,320.02,19012200
7/5/2021,322.38,322.94,318.75,319.08,15916700
10/5/2021,314.35,314.58,304.83,305.97,24239200
11/5/2021,300.75,306.84,299.69,306.53,18920100
12/5/2021,301.13,304.96,298.19,302.55,24645500
13/5/2021,306.08,308.86,302.77,305.26,18079200
14/5/2021,309.54,316.85,309.08,315.94,19245700
17/5/2021,313.55,315.68,311.58,315.46,15401300
18/5/2021,315.59,316.5,309.81,309.96,14522400
19/5/2021,304.19,314.66,303.57,313.59,19106200
20/5/2021,313.58,319.25,313.16,318.61,17320200
21/5/2021,319.29,319.93,315.81,316.23,13600900
24/5/2021,318.21,325.95,318.03,324.63,16445400
25/5/2021,327.08,329.18,324.8,327.79,16437000
26/5/2021,328.35,329.83,325.82,327.66,9686900
27/5/2021,328,333.78,326.76,332.75,20477700
28/5/2021,331,332.87,328.33,328.73,12037400
1/6/2021,330.15,331.42,326.64,329.13,11765900
2/6/2021,330.38,331.87,327.12,329.15,11654300
3/6/2021,325.78,327.38,323.48,326.04,12610800
4/6/2021,325.9,332.46,325.18,330.35,13289400
7/6/2021,329.48,337.69,328.93,336.58,20136700
8/6/2021,336.7,338.3,332.24,333.68,14580500
9/6/2021,335.74,336.8,330,330.25,13727900
10/6/2021,330.79,333.94,328.55,332.46,13240200
11/6/2021,332.58,332.83,328.93,331.26,13587900
14/6/2021,331.9,336.82,329.81,336.77,12250800
15/6/2021,336.99,339.92,335.03,336.75,15795200
16/6/2021,336.7,337.55,328.72,331.08,17232200
17/6/2021,330.49,337.98,330.15,336.51,17794100
18/6/2021,334.53,336.15,329,329.66,23039500
21/6/2021,331.09,332.92,327.65,332.29,11337500
22/6/2021,332.69,339.92,332.6,339.03,15345300
23/6/2021,339.35,343.42,338.2,340.59,14817800
24/6/2021,341.85,344.9,341.79,343.18,12329100
25/6/2021,342.59,344.12,339.68,341.37,14594400
28/6/2021,342.46,358.14,341.77,355.64,29156100
29/6/2021,356.27,356.74,349.05,351.89,21417300
30/6/2021,352.17,352.92,347.17,347.71,15107500
1/7/2021,346.82,354.67,346.5,354.39,17137000
2/7/2021,355.1,356.44,352.62,354.7,11521300
6/7/2021,356.5,358.79,349.18,352.78,13488500
7/7/2021,355.26,356.49,350,350.49,14218900
8/7/2021,345.73,348.33,342.56,345.65,14406500
9/7/2021,345.32,350.71,345.27,350.42,13018700
12/7/2021,351.23,354.19,349.64,353.16,10018600
13/7/2021,351.5,358.49,348.8,352.09,11456000
14/7/2021,354.56,355.2,346.73,347.63,13894200
15/7/2021,349.23,349.23,340.22,344.46,14781600
16/7/2021,344.91,345.99,340.14,341.16,11026100
19/7/2021,337.57,339.79,334.54,336.95,14372300
20/7/2021,338.8,343.45,334.5,341.66,11024300
21/7/2021,341.5,346.52,341.25,346.23,9279700
22/7/2021,346.68,351.54,345.21,351.19,12385400
23/7/2021,360.91,375.33,357.19,369.79,33694300
26/7/2021,369.58,374.44,368.22,372.46,14925200
27/7/2021,371.91,373.15,364.55,367.81,15705400
28/7/2021,374.56,377.55,366.93,373.28,29676900
29/7/2021,361,365.52,356.74,358.32,33413200
30/7/2021,354,360.73,352.94,356.3,15976200
2/8/2021,358.1,359.4,350.74,351.95,13180400
3/8/2021,352.73,353.77,347.7,351.24,12406100
4/8/2021,352.42,360.48,351.51,358.92,14180600
5/8/2021,359.64,363.9,356.9,362.97,10247200
6/8/2021,361.4,365.15,361.4,363.51,8925000
9/8/2021,363.76,365.78,360.75,361.61,7798900
10/8/2021,361.83,364.1,359.04,361.13,7469900
11/8/2021,362.1,362.36,357.81,359.96,8400300
12/8/2021,358.45,363,357.11,362.65,7170700
13/8/2021,362.97,364.66,361.48,363.18,7195700
16/8/2021,362.52,366.95,357.38,366.56,11222100
17/8/2021,362.98,364.67,355.07,358.45,12328700
18/8/2021,356.25,359.86,355.15,355.45,10042400
19/8/2021,351.35,357.57,351,355.12,12004500
20/8/2021,354.6,359.99,353.31,359.37,8697700
23/8/2021,359.44,365.69,359.1,363.35,10942000
24/8/2021,363.66,367.96,361.84,365.51,9235100
25/8/2021,365.6,370.86,365.4,368.39,9684500
26/8/2021,368.38,369.44,364.13,364.38,7888700
27/8/2021,365.1,373.74,364.08,372.63,11219100
30/8/2021,372.56,381.49,370.52,380.66,13547300
31/8/2021,379.95,382.76,378.8,379.38,12345400
1/9/2021,379.59,384.33,378.81,382.05,11567200
2/9/2021,381.5,381.75,374.06,375.28,14832900
3/9/2021,374.75,377.16,373.11,376.26,7509600
7/9/2021,375.88,382.96,373.15,382.18,10793800
8/9/2021,380.16,380.87,374.79,377.57,11067200
9/9/2021,377.64,379.83,376.57,378,9098900
10/9/2021,381.36,383.79,378.26,378.69,11549600
13/9/2021,381.68,381.75,374.35,376.51,13026300
14/9/2021,377.4,378.59,375.11,376.53,8711600
15/9/2021,377,377.56,367.67,373.92,17940300
16/9/2021,372.79,373.56,369.71,373.06,11934200
17/9/2021,371.41,371.41,361.59,364.72,26299000
20/9/2021,359.3,361.03,349.8,355.7,19822800
21/9/2021,358.5,360.04,355.19,357.48,11751900
22/9/2021,347.23,349.84,340.69,343.21,43692900
23/9/2021,345.36,349.67,343,345.96,21806300
24/9/2021,343.24,354.35,342.37,352.96,18801900
27/9/2021,349.81,355.15,347.08,353.58,15205800
28/9/2021,347.97,349.6,338.92,340.65,21710300
29/9/2021,343.15,345.23,338.88,339.61,14452200
30/9/2021,340.45,342.8,338.15,339.39,16547100
1/10/2021,341.61,345.02,338.64,343.01,14905300
4/10/2021,335.53,335.94,322.7,326.23,42885000
5/10/2021,328.58,335.18,326.16,332.96,35377900
6/10/2021,329.74,334.38,325.8,333.64,26443000
7/10/2021,337,338.84,328.98,329.22,28307500
8/10/2021,331.51,333.4,328.71,330.05,15946100
11/10/2021,327.63,330.46,325.31,325.45,14708200
12/10/2021,323.03,324.38,317.37,323.77,31658700
13/10/2021,326.97,327,322.66,324.54,14761500
14/10/2021,328.36,330.52,327.1,328.53,14302200
15/10/2021,328.68,329.07,322.51,324.76,21596400
18/10/2021,328.95,335.89,327.5,335.34,21585000
19/10/2021,339.65,342.46,337.28,339.99,18786300
20/10/2021,343.45,343.98,339.45,340.78,13639500
21/10/2021,340.28,342.31,337.8,341.88,16354400
22/10/2021,326.35,329.63,321.11,324.61,35224500
25/10/2021,320.3,329.56,319.72,328.69,38409000
26/10/2021,328.26,330.21,309.6,315.81,65654000
27/10/2021,314.19,319.25,312.06,312.22,29971800
28/10/2021,312.99,325.52,308.11,316.92,50806800
29/10/2021,320.19,326,319.6,323.57,37059400
1/11/2021,326.04,333.45,326,329.98,31518900
2/11/2021,331.38,334.79,323.8,328.08,28353000
3/11/2021,327.49,332.15,323.2,331.62,20786500
4/11/2021,334.01,337.27,332.65,335.85,22495300
5/11/2021,340.31,346.79,339.64,341.13,26872800
8/11/2021,344.42,344.79,338.34,338.62,18342500
9/11/2021,340,341.31,334.47,335.37,17556700
10/11/2021,332.49,333.19,325.51,327.64,21872600
11/11/2021,329.82,332.46,327,327.74,12376600
12/11/2021,330.18,341.86,329.78,340.89,25414300
15/11/2021,344.34,353.65,343.2,347.56,25076600
16/11/2021,343.83,346.65,340.87,342.96,18181100
17/11/2021,344.24,347.3,340.1,340.77,13602800
18/11/2021,339.72,342.46,335.3,338.69,17487200
19/11/2021,342.2,352.1,339.9,345.3,26488500
22/11/2021,349.05,353.83,340.51,341.01,27116800
23/11/2021,338.93,341.4,333.5,337.25,17225000
24/11/2021,336,341.78,332.81,341.06,13566200
26/11/2021,335.8,337.75,331.9,333.12,14750700
29/11/2021,336.89,340.67,335.31,338.03,16650900
30/11/2021,335,335.81,323.43,324.46,25390000
1/12/2021,330.29,330.5,310.29,310.6,30329600
2/12/2021,311.4,314.6,307.2,310.39,24396200
3/12/2021,313.73,313.75,299.5,306.84,27471000
6/12/2021,308.13,320.1,306.34,317.87,21758300
7/12/2021,321.57,326.54,321,322.81,18794000
8/12/2021,325,332.75,323.07,330.56,19937700
9/12/2021,329.54,336.13,328,329.82,16879200
10/12/2021,332.56,335.03,326.37,329.75,14528000
13/12/2021,330.95,341.09,329.59,334.49,22948700
14/12/2021,328.05,335.7,327.65,333.74,20461000
15/12/2021,332.49,342.11,323.98,341.66,24681300
16/12/2021,338.98,344.46,333.74,334.9,22635000
17/12/2021,332.8,337.11,330.75,333.79,40012600
20/12/2021,329.78,329.9,322.53,325.45,17901800
21/12/2021,326.41,336,323.75,334.2,16116800
22/12/2021,333.8,334.51,328.26,330.45,16764600
23/12/2021,330.1,336.67,328.36,335.24,13987700
27/12/2021,338.85,347.87,338.01,346.18,17795000
28/12/2021,346.63,352.71,345.2,346.22,16637600
29/12/2021,346.91,349.69,341.64,342.94,10747000
30/12/2021,344,347.23,343.22,344.36,10593300
31/12/2021,343.02,343.44,336.27,336.35,12870500
3/1/2022,338.3,341.08,337.19,338.54,14537900
4/1/2022,339.95,343.09,331.87,336.53,15998000
5/1/2022,333.02,335.76,323.84,324.17,20564500
6/1/2022,322.82,339.17,322.72,332.46,27962800
7/1/2022,332.74,337,328.88,331.79,14722000
10/1/2022,325.31,328.34,315.43,328.07,24942400
11/1/2022,326.78,334.63,325.28,334.37,16226800
12/1/2022,335.18,336.37,330.03,333.26,14104900
13/1/2022,334.98,335.63,325.76,326.48,14797100
14/1/2022,321.79,332.73,321.21,331.9,16868500
18/1/2022,323.29,324.21,317.64,318.15,22645600
19/1/2022,319.58,327.1,319.33,319.59,20814700
20/1/2022,323.9,327.82,315.98,316.56,16925000
21/1/2022,314.81,318.31,303.04,303.17,28710700
24/1/2022,297.84,309.53,289.01,308.71,38878100
25/1/2022,299.95,306.23,297.58,300.15,25108500
26/1/2022,307.01,307.51,290.85,294.63,28348800
27/1/2022,297.75,301.71,294.26,294.64,21629900
28/1/2022,295.62,301.9,293.03,301.71,21871600
31/1/2022,300.68,313.79,299.32,313.26,21579500
1/2/2022,314.56,319.66,312.12,319,18023800
2/2/2022,327.82,328,316.87,323,58458300
3/2/2022,244.65,248,235.75,237.76,188119900
4/2/2022,234.97,242.61,230.11,237.09,89342200
7/2/2022,237.7,238.3,224.01,224.91,88613800
8/2/2022,220.85,225.77,216.15,220.18,94729700
9/2/2022,224.2,233.37,222.21,232,86563300
10/2/2022,228.27,235,226.7,228.07,49310400
11/2/2022,228.46,230.42,218.77,219.55,46156900
14/2/2022,219.31,221,214.78,217.7,38184000
15/2/2022,220.47,221.15,215.06,221,42685500
16/2/2022,212.41,217.46,212.36,216.54,45817500
17/2/2022,214.02,217.5,207.16,207.71,38747500
18/2/2022,209.39,210.75,205.18,206.16,37128400
22/2/2022,202.34,207.48,200.06,202.08,39852400
23/2/2022,204.16,206.94,198.05,198.45,44481400
24/2/2022,191.06,208.35,190.22,207.6,49957200
25/2/2022,204.94,211.32,203.18,210.48,37627600
28/2/2022,207.68,213.15,206.83,211.03,34239800
1/3/2022,209.87,211.75,202.22,203.49,27094900
2/3/2022,204.78,209.15,202.02,208.11,29452100
3/3/2022,209.02,209.08,201.42,202.97,27263500
4/3/2022,202.37,205.89,198.79,200.06,32130900
7/3/2022,200.79,200.89,187.28,187.47,38560600
8/3/2022,187.85,196.7,186.11,190.29,37508100
9/3/2022,195.74,199.1,193.92,198.5,31894700
10/3/2022,194.84,196.28,191.07,195.21,24853000
11/3/2022,192.64,193.56,186.67,187.61,34694500
14/3/2022,187.03,192.29,185.82,186.63,31010500
15/3/2022,190.8,192.28,185.91,192.03,31721700
16/3/2022,194.7,203.73,194.52,203.63,40640300
17/3/2022,201.7,208.04,201.11,207.84,29499700
18/3/2022,206.7,216.8,206,216.49,52128000
21/3/2022,214.5,214.71,207.63,211.49,30142300
22/3/2022,211.37,219.46,210.18,216.65,31998800
23/3/2022,213.33,216.8,212.16,213.46,23717300
24/3/2022,215,220.67,214.79,219.57,31502300
25/3/2022,220.51,225.5,218.89,221.82,40039000
28/3/2022,222.13,224.04,219.54,223.59,26224100
29/3/2022,226.07,230.89,225.29,229.86,31417900
30/3/2022,228.91,231.15,226.71,227.85,25588000
31/3/2022,228.45,228.49,222.26,222.36,24192300
1/4/2022,224.55,227.28,222.7,224.85,19544800
4/4/2022,225.98,234.35,225.86,233.89,28054800
5/4/2022,234.08,236.86,231.02,231.84,29727200
6/4/2022,226.91,228.99,221.41,223.3,28995100
7/4/2022,223.93,225.52,218.56,222.95,21037200
8/4/2022,222.38,225.13,220.03,222.33,18375700
11/4/2022,218.42,220.61,215.22,216.46,20516600
12/4/2022,220.24,222.03,213.13,214.14,20128800
13/4/2022,211.82,216.61,211.33,214.99,19231800
14/4/2022,214.89,214.99,210,210.18,18379500
18/4/2022,210,213.38,208.3,210.77,16580800
19/4/2022,210.52,218.43,209,217.31,20089900
20/4/2022,213.61,214.16,198.92,200.42,43036500
21/4/2022,201.6,202.97,185.58,188.07,49954100
22/4/2022,190.37,192.72,183.27,184.11,36426800
25/4/2022,182.73,187.18,181.66,186.99,29281100
26/4/2022,186.63,187.19,179.5,180.95,31747400
27/4/2022,174.43,181.21,169,174.95,71062900
28/4/2022,202.92,208.53,192.9,205.73,100890600
29/4/2022,204.46,212.48,199.9,200.47,49193400
2/5/2022,201.17,211.88,200.99,211.13,49915300
3/5/2022,210.45,214.9,208.09,212.03,41556300
4/5/2022,210.65,224.3,206.96,223.41,41375900
5/5/2022,218.74,220.17,206.16,208.28,41129200
6/5/2022,207.34,209.38,201.02,203.77,34747200
9/5/2022,199.84,202.57,195.58,196.21,36303200
10/5/2022,199.51,202.96,194.19,197.65,34452500
11/5/2022,196.33,200.67,188.27,188.74,31153400
12/5/2022,187.06,198.05,184.78,191.24,38262200
13/5/2022,192.58,199.89,191.28,198.62,24549800
16/5/2022,197.05,205.37,195.93,200.04,27112600
17/5/2022,202.12,205.46,198.36,202.62,24872700
18/5/2022,200,201,191.63,192.24,23960000
19/5/2022,191.2,195.29,189.6,191.29,24446900
20/5/2022,194.97,197.91,187.87,193.54,31465600
23/5/2022,195.19,196.99,191.24,196.23,25059200
24/5/2022,180.55,183.68,176.11,181.28,50406300
25/5/2022,180.4,185.45,179.32,183.83,28030200
26/5/2022,182.88,192.83,182.26,191.63,23056500
27/5/2022,191.36,195.33,189.8,195.13,22562700
31/5/2022,194.89,197.6,192.01,193.64,26131100
1/6/2022,196.51,199.53,185,188.64,36623500
2/6/2022,188.45,200.94,187.73,198.86,31951600
3/6/2022,195.98,196.61,189.78,190.78,19465000
6/6/2022,193.99,196.92,188.4,194.25,30574200
7/6/2022,191.93,196.53,191.49,195.65,18828700
8/6/2022,194.67,202.03,194.41,196.64,22267200
9/6/2022,194.28,199.45,183.68,184,23501600
10/6/2022,183.04,183.1,175.02,175.57,27450800
13/6/2022,170.59,172.58,164.03,164.26,31749300
14/6/2022,166.03,166.75,161.36,163.73,27244300
15/6/2022,167.2,172.16,163.98,169.35,30008300
16/6/2022,163.72,165.08,159.61,160.87,26944100
17/6/2022,161.68,165.9,159.9,163.74,31374200
21/6/2022,165.93,167.76,155.97,157.05,50724900
22/6/2022,158.38,160.79,155.44,155.85,47267800
23/6/2022,156.27,159.75,154.25,158.75,40499200
24/6/2022,161.73,170.25,161.3,170.16,68736000
27/6/2022,171.32,171.75,168.01,169.49,29174600
28/6/2022,169.9,171.3,160.61,160.68,27744500
29/6/2022,163.57,166.33,160.32,163.94,28595200
30/6/2022,162.15,165.23,158.49,161.25,35250600
1/7/2022,160.31,160.62,155,160.03,31423900
5/7/2022,158.14,168.25,157.02,168.19,28618600
6/7/2022,168.2,171.59,165.46,169.77,23085900
7/7/2022,169.45,172.72,167.78,172.19,24083400
8/7/2022,169.98,172.4,168.15,170.88,19249200
11/7/2022,167.07,167.49,161.91,162.88,21885600
12/7/2022,164.8,165.91,162.1,163.27,16639700
13/7/2022,160.16,164.98,159.61,163.49,16555100
14/7/2022,161.22,162.59,157.28,158.05,23765200
15/7/2022,160.54,164.98,159.82,164.7,23342800
18/7/2022,166.75,171.69,165.64,167.23,23574300
19/7/2022,170.37,176.49,169.51,175.78,25933700
20/7/2022,177.49,183.6,176.7,183.09,24784300
21/7/2022,180.63,183.85,178.87,183.17,27195800
22/7/2022,173.07,175.6,168.41,169.27,42583900
25/7/2022,169,170.57,164.81,166.65,26166300
26/7/2022,165.94,166,157.95,159.15,28468400
27/7/2022,162.59,170.87,162.02,169.58,43846600
28/7/2022,161.06,161.51,154.85,160.72,73214300
29/7/2022,157.69,160.14,155.17,159.1,42065400
1/8/2022,157.25,165.19,155.23,159.93,40596700
2/8/2022,158.31,162.24,158.01,160.19,27374500
3/8/2022,162.69,169.54,161.57,168.8,31721900
4/8/2022,168.3,172.15,166.8,170.57,23938200
5/8/2022,166.99,171.61,165.8,167.11,25832700
8/8/2022,168,177.51,167.13,170.25,27299100
9/8/2022,168.95,169.53,166.6,168.53,18655100
10/8/2022,175.99,180.48,173.95,178.34,30262100
11/8/2022,179.71,183.1,176.37,177.49,24079100
12/8/2022,180.81,181.46,178.91,180.5,21274000
15/8/2022,178.96,181.44,178.2,180.89,15878700
16/8/2022,179.44,180.99,177.04,179.47,21156700
17/8/2022,176.76,178.14,174.17,174.85,20118100
18/8/2022,174.34,175.76,171.86,174.66,18844500
19/8/2022,170.2,172.32,167.05,167.96,26240800
22/8/2022,165.49,165.49,162.26,163.05,19499700
23/8/2022,162.48,165.05,160.7,161.11,18111800
24/8/2022,160.6,165.46,159.77,163.26,20891500
25/8/2022,165.18,168.88,164.02,168.78,15550500
26/8/2022,168.48,170.92,161.67,161.78,24023600
29/8/2022,160.66,163.05,159.01,159.17,20052700
30/8/2022,160.35,161.66,155.91,157.16,19567900
31/8/2022,167.07,167.84,162.14,162.93,40953000
1/9/2022,163.58,167.36,160.35,165.36,30145700
2/9/2022,167.45,167.93,159.22,160.32,22634200
6/9/2022,160.1,161.69,157.69,158.54,19339800
7/9/2022,157.76,160.96,156.81,160.39,16831200
8/9/2022,158.71,162.23,157.74,162.06,22530800
9/9/2022,163.25,169.54,163.02,169.15,22086800
12/9/2022,167.39,171.39,167.28,168.96,23220400
13/9/2022,161.54,161.63,152.67,153.13,44444100
14/9/2022,153.33,153.54,149.05,151.47,43064200
15/9/2022,149.8,154.2,148.7,149.55,34606300
16/9/2022,148.05,148.58,144.29,146.29,40122800
19/9/2022,145.24,148.58,145.1,148.02,22169500
20/9/2022,145.78,148.84,145.22,146.09,23217400
21/9/2022,146.39,149.6,142,142.12,38338600
22/9/2022,141.55,144.58,140.87,142.82,34418500
23/9/2022,141.42,142.62,138.89,140.41,31710700
26/9/2022,140.12,142.24,136.19,136.37,30497000
27/9/2022,137.92,139.42,134.12,134.4,30826500
28/9/2022,134.62,142.03,134.27,141.61,32658500
29/9/2022,139.36,139.84,135.2,136.41,38985400
30/9/2022,136.05,140.99,135.5,135.68,33166400
3/10/2022,137.14,139.62,136.1,138.61,27723100
4/10/2022,140.49,142.39,139.34,140.28,34670700
5/10/2022,138.24,140.21,134.78,138.98,27979300
6/10/2022,137.72,141.45,136.6,139.07,36231100
7/10/2022,136.76,138.29,132.44,133.45,33214800
10/10/2022,133.55,136.11,131.87,133.79,24024000
11/10/2022,131.62,132.66,126.99,128.54,38481400
12/10/2022,128.32,129.67,126.25,127.5,34605200
13/10/2022,123.53,131.14,122.53,130.29,34325700
14/10/2022,131,131.79,126.52,126.76,23559400
17/10/2022,130.3,134.79,130.18,134.04,29612200
18/10/2022,137.09,137.84,131.4,132.8,25445000
19/10/2022,132.89,137,132.22,133.23,30691000
20/10/2022,132.93,136.77,131.31,131.53,26356300
21/10/2022,126.31,130.12,125.44,130.01,46348600
24/10/2022,127.25,133.48,124.57,129.72,63563400
25/10/2022,130.88,138.35,130.59,137.51,38433200
26/10/2022,131.68,135.55,128.53,129.82,82791500
27/10/2022,97.98,102.5,96.38,97.94,232316600
28/10/2022,99.58,100.85,97.51,99.2,95928300
31/10/2022,98.22,99.32,92.6,93.16,121361400
1/11/2022,94.33,97.49,93.55,95.2,110189600
2/11/2022,94.21,95.2,90.48,90.54,71821100
3/11/2022,90.08,90.46,88.41,88.91,60664000
4/11/2022,90.35,91.39,88.09,90.79,55638100
7/11/2022,94.78,96.88,93.1,96.72,81987300
8/11/2022,95.92,97.8,94.79,96.47,52088300
9/11/2022,101.72,104.9,100.74,101.47,107677300
10/11/2022,107.12,112.75,104.61,111.87,80671000
11/11/2022,109.23,114.9,108.81,113.02,59961700
14/11/2022,110.99,116.27,110.8,114.22,53395000
15/11/2022,116.07,118.74,114.41,117.08,50670500
16/11/2022,114.5,116.08,112.66,113.23,33287800
17/11/2022,110.41,112.33,109.8,111.45,35093800
18/11/2022,113.8,114.32,110.62,112.05,33357700
21/11/2022,111.52,112.37,109.19,109.86,24351100
22/11/2022,109.86,111.62,108.32,111.44,29029000
23/11/2022,111.72,112.67,110.73,112.24,21343100
25/11/2022,111.3,112.73,111.02,111.41,12007600
28/11/2022,110.78,112.04,108.38,108.78,23309400
29/11/2022,109.54,110.94,108.54,109.46,23899200
30/11/2022,109.51,118.16,109.38,118.1,43348600
1/12/2022,119.2,121.2,118.4,120.44,36551400
2/12/2022,117.83,124.04,117.61,123.49,39950500
5/12/2022,121.75,124.67,121.35,122.43,35474900
6/12/2022,119.91,120.55,113.74,114.12,43689200
7/12/2022,113.76,115.88,112.88,113.93,29461100
8/12/2022,116.39,117.34,114.59,115.33,30619400
9/12/2022,115.3,117.54,113.87,115.9,26033400
12/12/2022,115.18,115.72,113.14,114.71,24747100
13/12/2022,122.13,123.3,118.64,120.15,44701100
14/12/2022,119.39,124.14,119.39,121.59,36922000
15/12/2022,118.33,118.63,114.01,116.15,34531000
16/12/2022,120.23,123.31,118.82,119.43,67064000
19/12/2022,116.83,117.8,114.33,114.48,29769900
20/12/2022,113.26,117.33,112.46,117.09,28742500
21/12/2022,116.7,120.34,115.62,119.76,20392800
22/12/2022,117.2,118.62,114.38,117.12,23618100
23/12/2022,116.03,118.18,115.54,118.04,17796600
27/12/2022,117.93,118.6,116.05,116.88,21392300
28/12/2022,116.25,118.15,115.51,115.62,19612500
29/12/2022,116.4,121.03,115.77,120.26,22366200
30/12/2022,118.16,120.42,117.74,120.34,19583800
3/1/2023,122.82,126.37,122.28,124.74,35528500
4/1/2023,127.38,129.05,125.85,127.37,32397100
5/1/2023,126.13,128.52,124.54,126.94,25447100
6/1/2023,128.97,130.33,126.04,130.02,27584500
9/1/2023,131.16,132.95,129.28,129.47,26649100
10/1/2023,127.27,133.44,127.15,132.99,28684400
11/1/2023,130.96,133.85,130.34,132.89,25423000
12/1/2023,133.44,137.68,131.76,136.71,30757700
13/1/2023,134.97,137.39,134.84,136.98,22423800
17/1/2023,136.18,136.75,134.25,135.36,21147600
18/1/2023,135.81,137.25,132.8,133.02,20215500
19/1/2023,132.49,137.45,132.14,136.15,28625200
20/1/2023,135.89,139.94,134.61,139.37,28688600
23/1/2023,139.29,143.76,138.66,143.27,27470100
24/1/2023,141.69,145,141.36,143.14,21970200
25/1/2023,141.22,143.17,140.31,141.5,26622000
26/1/2023,144.4,147.51,143.3,147.3,25482100
27/1/2023,148.24,153.19,147.39,151.74,35771900
30/1/2023,149.41,151.12,146.95,147.06,28040100
31/1/2023,147.95,149.88,147.52,148.97,29842100
1/2/2023,148.03,153.58,147.06,153.12,55661000
2/2/2023,183.38,197.16,180.16,188.77,150475700
3/2/2023,183.47,196.77,182.89,186.53,76809700
6/2/2023,186.53,190.7,185.52,186.06,42483800
7/2/2023,185.58,193.78,184.4,191.62,47080700
8/2/2023,190,190.83,182.92,183.43,36139100
9/2/2023,186.13,186.65,177.27,177.92,37118800
10/2/2023,176.35,178.89,173.35,174.15,33433600
13/2/2023,178.22,181,175.82,179.43,31463200
14/2/2023,177.16,181.51,175.88,179.48,24034600
15/2/2023,176.42,178.19,175.33,177.16,25308900
16/2/2023,172.75,175.85,171.79,172.44,25827500
17/2/2023,170.22,173.18,169.7,172.88,24171300
21/2/2023,174.31,178.17,171.88,172.08,34592600
22/2/2023,171.07,172.76,169.69,171.12,22433200
23/2/2023,172,173.69,169.38,172.04,20017800
24/2/2023,168.64,170.72,167.66,170.39,19791300
27/2/2023,171.88,173.12,169.06,169.54,19277000
28/2/2023,171.9,177.55,171.87,174.94,46051100
1/3/2023,174.59,177.85,173.05,173.42,30998400
2/3/2023,172.38,175.01,171.43,174.53,17352000
3/3/2023,178.92,186.62,177.05,185.25,45877700
6/3/2023,188,189.66,184.64,184.9,33209400
7/3/2023,189,190.36,184.01,184.51,36701500
8/3/2023,182.87,185.26,181.34,184.97,19432400
9/3/2023,186.35,188.93,180.3,181.69,26582800
10/3/2023,181.01,184.77,178.8,179.51,25665000
13/3/2023,177.96,183.78,174.82,180.9,24728000
14/3/2023,187.58,194.32,186.56,194.02,41642600
15/3/2023,192.95,197.78,190.84,197.75,42123600
16/3/2023,198.26,205.76,196.09,204.93,50447100
17/3/2023,200.56,201.9,195.43,195.61,50141100
20/3/2023,198.48,199.36,193.64,197.81,25186300
21/3/2023,203.2,203.55,197.95,202.16,31827000
22/3/2023,202.5,207.37,199.67,199.81,28477800
23/3/2023,202.84,207.88,202.15,204.28,27389700
24/3/2023,205.18,207.58,203.55,206.01,27716400
27/3/2023,204.81,205.86,201.36,202.84,18527200
28/3/2023,200.15,201.03,197.9,200.68,19127300
29/3/2023,203.56,205.72,202.54,205.35,18851100
30/3/2023,203.38,208.09,202.82,207.84,22608300
31/3/2023,207.24,212.17,206.77,211.94,25440300
3/4/2023,208.84,213.49,208.2,213.07,17924600
4/4/2023,213.39,216.24,212.54,214.72,21026400
5/4/2023,214.15,215.19,209.94,211.48,19396600
6/4/2023,209.25,216.94,208.65,216.1,26104400
10/4/2023,214.71,215.66,210.66,214.75,16106100
11/4/2023,215.48,216.02,213.41,213.85,16710100
12/4/2023,214.84,216.84,212.58,214,18972200
13/4/2023,215.73,221.15,215.69,220.35,23310400
14/4/2023,217.88,222.11,217.55,221.49,21591200
17/4/2023,219.79,220.98,217.13,218.86,15481900
18/4/2023,219.91,220.44,216.21,217.89,12281000
19/4/2023,213.47,217.33,212.93,215.7,15898100
20/4/2023,213.48,216.75,212.77,213.07,16475400
21/4/2023,210.21,213.41,209.58,212.89,17717200
24/4/2023,213.68,213.92,210.71,212.79,15750900
25/4/2023,210.82,211.26,207.13,207.55,19198200
26/4/2023,212.5,214.11,208.88,209.4,41992700
27/4/2023,239.89,241.69,236.77,238.56,71196500
28/4/2023,239.01,240.43,235.75,240.32,39554000
1/5/2023,238.62,244,236.46,243.18,29143900
2/5/2023,243.18,244.92,238.99,239.24,24350100
3/5/2023,239.47,241.75,232.75,237.03,34463900
4/5/2023,236.06,238.2,232.93,233.52,17889400
5/5/2023,232.24,234.68,229.85,232.78,27000500
8/5/2023,231.42,235.62,230.27,233.27,16400500
9/5/2023,231.46,235.88,231.08,233.37,16865600
10/5/2023,236.17,236.75,230.72,233.08,19119000
11/5/2023,233.05,238.21,232.3,235.79,20449000
12/5/2023,236.74,236.96,231.45,233.81,16161400
15/5/2023,236.92,240.26,235.33,238.86,20653200
16/5/2023,235.79,239.64,235.52,238.82,18163800
17/5/2023,238.45,243.84,238.14,242.49,21193100
18/5/2023,241.3,247.09,241.19,246.85,22943300
19/5/2023,247.47,248.69,243.41,245.64,21733600
22/5/2023,245.41,253.57,245.12,248.32,27738500
23/5/2023,246.81,251.61,246.65,246.74,17748100
24/5/2023,245.28,249.59,244.95,249.21,17724300
25/5/2023,253.4,255.62,249.17,252.69,22371400
26/5/2023,252.93,262.31,252.71,262.04,25727200
30/5/2023,265.25,268.65,261.29,262.52,23816500
31/5/2023,260,265,258.45,264.72,25473700
1/6/2023,265.9,274,265.89,272.61,25609500
2/6/2023,272.66,275.35,271.12,272.61,19416900
5/6/2023,270.3,275.57,269.56,271.39,20742900
6/6/2023,270.14,276.57,269.69,271.12,19419000
7/6/2023,271.67,274.25,262.8,263.6,26163600
8/6/2023,260.62,267.65,258.88,264.58,20899400
9/6/2023,262.48,267.95,261.7,264.95,16949800
12/6/2023,267.17,271.75,265.33,271.05,15442500
13/6/2023,274.88,275.72,269.09,271.32,16164000
14/6/2023,271.89,274.99,268.32,273.35,19175100
15/6/2023,272.3,283.99,271.42,281.83,25973500
16/6/2023,284.75,287.85,280.13,281,43127700
20/6/2023,278.73,284.8,276.22,284.33,20701600
21/6/2023,283.53,284,278.36,281.64,20556200
22/6/2023,279.08,285.26,277.79,284.88,17563100
23/6/2023,281.51,289.67,278.95,288.73,51092000
26/6/2023,288.7,289.79,277.6,278.47,24232700
27/6/2023,282.01,289.35,280.65,287.05,26108300
28/6/2023,284.82,289.55,284.06,285.29,16722100
29/6/2023,284.5,286.57,280.69,281.53,15395700
30/6/2023,284.76,289.05,284.42,286.98,19694900
3/7/2023,286.7,289.4,284.85,286.02,8629300
5/7/2023,287.65,298.12,286.36,294.37,33865500
6/7/2023,295.89,298.12,291.31,291.99,47600500
7/7/2023,292.18,296.2,288.66,290.53,25586000
10/7/2023,295.55,298.13,287.05,294.1,37058300
11/7/2023,293.9,300.18,291.9,298.29,27585900
12/7/2023,301.75,309.45,300.1,309.34,36677100
13/7/2023,313.62,316.24,310.29,313.41,30281000
14/7/2023,311.79,314.88,307.36,308.87,23054100
17/7/2023,307.54,311.71,304.71,310.62,25323100
18/7/2023,310.88,314.2,307.62,312.05,20731900
19/7/2023,313.03,318.68,310.52,316.01,21763700
20/7/2023,313.5,315.54,302.22,302.52,23836900
21/7/2023,304.57,305.46,291.2,294.26,42139300
24/7/2023,295.78,297.52,288.3,291.61,24915700
25/7/2023,295.19,298.3,291.86,294.47,19585600
26/7/2023,301.19,301.77,291.9,298.57,47256900
27/7/2023,325.12,325.35,309.84,311.71,64229200
28/7/2023,316.88,326.2,314.25,325.48,39220300
31/7/2023,323.69,325.66,317.59,318.6,25799600
1/8/2023,317.54,324.14,314.66,322.71,22817900
2/8/2023,318,318.39,310.65,314.31,20461100
3/8/2023,309.93,315.95,309.93,313.19,15180200
4/8/2023,314.96,318.41,310.2,310.73,17612800
7/8/2023,313.23,317.07,310.46,316.56,16236500
8/8/2023,314.4,317.89,310.11,312.64,15183500
9/8/2023,312.88,313.63,302.85,305.21,19955800
10/8/2023,307.94,312.34,303.87,305.74,14358900
11/8/2023,302.57,304.72,300.36,301.64,14046300
14/8/2023,300.98,306.21,298.25,306.19,15641900
15/8/2023,306.14,307.23,300.03,301.95,11623600
16/8/2023,300.2,301.08,294.28,294.29,18547700
17/8/2023,293.05,296.05,284.95,285.09,23950100
18/8/2023,279.03,285.69,274.38,283.25,35347900
21/8/2023,283.45,290.5,281.85,289.9,20181500
22/8/2023,292.55,292.9,286.75,287.6,12980200
23/8/2023,288.5,297.4,287.67,294.24,18287000
24/8/2023,298.5,299.46,286.64,286.75,18360900
25/8/2023,286.13,288.39,276.03,285.5,23701400
28/8/2023,288,291.45,285.8,290.26,14239300
29/8/2023,288.58,299.15,288.18,297.99,20844500
30/8/2023,297.17,298.29,293.43,295.1,17717000
31/8/2023,295.8,301.1,295.66,295.89,17229900
1/9/2023,299.37,301.74,294.47,296.38,12842300
5/9/2023,297.02,301.39,295.51,300.15,14956000
6/9/2023,301.71,303.3,295.66,299.17,15418100
7/9/2023,298,307.05,292.22,298.67,33748700
8/9/2023,299.22,305.25,296.78,297.89,17548000
11/9/2023,301.41,309.04,301.28,307.56,19489300
12/9/2023,306.33,308.66,300.23,301.66,13480400
13/9/2023,302.36,307.18,301.32,305.06,13210900
14/9/2023,306.74,312.87,305.03,311.72,19343100
15/9/2023,311.61,312,298.75,300.31,28131100
18/9/2023,298.19,303.6,297.8,302.55,14234200
19/9/2023,302.48,306.17,299.81,305.07,15924400
20/9/2023,305.05,308.06,299.43,299.67,19379500
21/9/2023,295.7,300.26,293.27,295.73,21319600
22/9/2023,299.3,305.38,298.27,299.08,25369600
25/9/2023,295.64,300.95,293.7,300.83,18987000
26/9/2023,297.66,300.3,296.01,298.96,19417200
27/9/2023,300.45,301.3,286.79,297.74,36429800
28/9/2023,298.94,306.33,296.7,303.96,22167100
29/9/2023,307.38,310.64,299.36,300.21,25373700
2/10/2023,302.74,307.18,301.63,306.82,16265600
3/10/2023,304.26,306.77,299.64,300.94,17362300
4/10/2023,298.73,306.9,298.5,305.58,16880500
5/10/2023,304.63,306.21,299.5,304.79,19130000
6/10/2023,301.44,316.31,300.91,315.43,21803900
9/10/2023,312.5,320.33,311.82,318.36,22503700
10/10/2023,319.12,324.66,318.16,321.84,19038000
11/10/2023,323.01,328.84,322.95,327.82,22036300
12/10/2023,328,330.54,322.69,324.16,20530500
13/10/2023,323.53,325.05,312.37,314.69,21341000
16/10/2023,318.64,321.82,315.52,321.15,16536100
17/10/2023,318.18,324.4,317.3,324,16387800
18/10/2023,321.39,325.94,315.56,316.97,16851000
19/10/2023,319.88,321.89,311.75,312.81,18709200
20/10/2023,314.14,315.3,306.47,308.65,22312300
23/10/2023,309.5,317.36,307.26,314.01,17796800
24/10/2023,316.78,318.35,310.63,312.55,19525500
25/10/2023,310,310.88,298.84,299.53,42192500
26/10/2023,295,295,279.4,288.35,66684100
27/10/2023,294.48,299.31,292.97,296.73,29596300
30/10/2023,299.09,309.4,299.05,302.66,28435100
31/10/2023,303.31,303.68,296.86,301.27,19434200
1/11/2023,301.85,312.74,301.85,311.85,20434600
2/11/2023,317.3,318.82,308.33,310.87,21631800
3/11/2023,312.55,315.55,311.02,314.6,16764300
6/11/2023,315.98,318.33,314.45,315.8,12887700
7/11/2023,317.06,321,315.12,318.82,14055600
8/11/2023,318.14,321.33,314.88,319.78,13609700
9/11/2023,319.42,324.18,318.8,320.55,16103100
10/11/2023,319.94,329.1,319.46,328.77,19096200
13/11/2023,326.2,332.33,325.7,329.19,16908900
14/11/2023,334.54,338.1,333.33,336.31,17179400
15/11/2023,337.93,338.4,330.02,332.71,14531200
16/11/2023,329.37,334.58,326.38,334.19,18932600
17/11/2023,330.26,335.5,329.35,335.04,14494400
20/11/2023,334.89,341.87,334.19,339.97,16960500
21/11/2023,338.33,339.9,335.9,336.98,12027900
22/11/2023,339.21,342.92,338.58,341.49,10702700
24/11/2023,340.13,341.86,336.77,338.23,5467500
27/11/2023,336.18,339.9,334.2,334.7,15684500
28/11/2023,333.4,339.38,333.4,338.99,12637200
29/11/2023,339.69,339.9,330.78,332.2,16024500
30/11/2023,331.89,333.5,322.4,327.15,23146400
1/12/2023,325.48,326.86,320.76,324.82,15276400
4/12/2023,317.29,320.86,313.66,320.02,19037100
5/12/2023,318.98,321.88,315.39,318.29,16952100
6/12/2023,321.93,322.25,317.04,317.45,11294300
7/12/2023,317.77,328.24,317.77,326.59,15905100
8/12/2023,323.09,333.17,323,332.75,14087400
11/12/2023,329.4,329.89,320,325.28,25802500
12/12/2023,324.6,334.47,324.56,334.22,18485500
13/12/2023,333.93,338.37,332.64,334.74,16353300
14/12/2023,333.85,334.7,328.64,333.17,19607300
15/12/2023,331.99,338.66,331.22,334.92,31776900
18/12/2023,337.48,347.56,337.02,344.62,18993900
19/12/2023,345.58,353.6,345.12,350.36,17729400
20/12/2023,348.65,354.96,347.79,349.28,16369900
21/12/2023,352.98,356.41,349.21,354.09,15289600
22/12/2023,355.58,357.2,351.22,353.39,11772800
26/12/2023,354.99,356.98,353.45,354.83,9898600
27/12/2023,356.07,359,355.31,357.83,13207900
28/12/2023,359.7,361.9,357.81,358.32,11798800
29/12/2023,358.99,360,351.82,353.96,14987100
2/1/2024,351.32,353.16,340.01,346.29,19042200
3/1/2024,344.98,347.95,343.18,344.47,15451100
4/1/2024,344.5,348.15,343.4,347.12,12099900
5/1/2024,346.99,353.5,346.26,351.95,13920700
8/1/2024,354.7,358.98,352.05,358.66,13890200
9/1/2024,356.4,360.64,355.36,357.43,13463900
10/1/2024,360.17,372.94,359.08,370.47,22117200
11/1/2024,372.13,372.78,362.93,369.67,17205400
12/1/2024,370.16,377.06,369.54,374.49,19310000
16/1/2024,373.65,375.61,367.23,367.46,15306900
17/1/2024,366.3,368.54,358.61,368.37,12724800
18/1/2024,371.49,376.85,370.95,376.13,16354300
19/1/2024,379,384.36,377.97,383.45,21670800
22/1/2024,387.95,390.35,381.16,381.78,17680500
23/1/2024,384.62,388.38,382.08,385.2,15506100
24/1/2024,390,396.15,387.81,390.7,15698500
25/1/2024,390.17,395.49,385.66,393.18,15091100
26/1/2024,394.35,396.79,391.59,394.14,13163700
29/1/2024,394.99,402.93,393.1,401.02,18742400
30/1/2024,403.59,406.36,399.57,400.06,18614700
31/1/2024,389,398,387.1,390.14,20180800
1/2/2024,393.94,400.5,393.05,394.78,29727100
2/2/2024,459.6,485.96,453.01,474.99,84707600
5/2/2024,469.88,471.9,459.22,459.41,40832400
6/2/2024,464,467.12,453,454.72,21655200
7/2/2024,458,471.52,456.18,469.59,23066000
8/2/2024,468.32,470.59,465.03,470,18815100
9/2/2024,472.95,473.59,467.47,468.11,18413100
12/2/2024,468.19,479.15,466.58,468.9,19382000
13/2/2024,456.87,467.89,455.09,460.12,20916600
14/2/2024,467.93,474.11,466.09,473.28,16858400
15/2/2024,475.28,488.62,472.22,484.03,24212300
16/2/2024,478.11,478.96,469.21,473.32,23324600
20/2/2024,469.72,476.18,466.56,471.75,18015500
21/2/2024,466.5,469,461.79,468.03,12921800
22/2/2024,480.24,489.99,476.06,486.13,21625800
23/2/2024,488.05,494.36,482.35,484.03,18374300
26/2/2024,483.47,486.14,480.6,481.74,12101400
27/2/2024,479.98,487.27,479.92,487.05,10809600
28/2/2024,485,491.05,482.75,484.02,12715500
29/2/2024,488.44,491.7,482.61,490.13,17732000
1/3/2024,492.11,504.25,491.85,502.3,16273600
4/3/2024,503,504.42,496.42,498.19,12324100
5/3/2024,495,495.58,487.89,490.22,15325300
6/3/2024,497.63,502.97,494.29,496.09,11757900
7/3/2024,503.28,519.85,501.38,512.19,18586400
8/3/2024,514.19,523.57,499.35,505.95,18597100
11/3/2024,497.01,497.32,476,483.59,20428300
12/3/2024,493.26,502.31,484.73,499.75,15448200
13/3/2024,495.39,500.98,491.03,495.57,12090700
14/3/2024,500.26,501.35,488.16,491.83,12620000
15/3/2024,489.01,491.83,481.3,484.1,29153600
18/3/2024,491.91,497.42,486.81,496.98,11755300
19/3/2024,488.17,496.63,481.28,496.24,10903100
20/3/2024,499.5,508.2,495.17,505.52,11711100
21/3/2024,514.71,515.04,506.01,507.76,9712500
22/3/2024,507,509.97,504.34,509.58,8120600
25/3/2024,505.79,507.22,500.24,503.02,8380600
26/3/2024,505.13,510,495.21,495.89,11205400
27/3/2024,499.3,499.89,488.07,493.86,9989700
28/3/2024,492.84,492.89,485.15,485.58,15212800
1/4/2024,487.2,497.43,481.78,491.35,9247000
2/4/2024,485.1,497.53,484.65,497.37,11081000
3/4/2024,498.93,507.24,498.75,506.74,12099200
4/4/2024,516.42,530,510.58,510.92,26476300
5/4/2024,516.86,530.7,514.41,527.34,19263300
8/4/2024,529.28,531.49,518.89,519.25,13260600
9/4/2024,522.23,525.87,506.74,516.9,10863800
10/4/2024,509.29,522.56,505.8,519.83,11418500
11/4/2024,521.11,523.86,517.29,523.16,10369500
12/4/2024,517.75,520.19,509.33,511.9,11984500
15/4/2024,516.72,518.53,497.28,500.23,13512900
16/4/2024,498.11,504.77,497.11,499.76,9847900
17/4/2024,503.1,503.16,487.14,494.17,12193700
18/4/2024,499.82,512.21,499.04,501.8,14808700
19/4/2024,502.8,502.8,475.73,481.07,25215400
22/4/2024,489.72,492.01,473.4,481.73,17271100
23/4/2024,491.25,498.76,488.97,496.1,15079200
24/4/2024,508.06,510,484.58,493.5,37772700
25/4/2024,421.4,445.77,414.5,441.38,82890700
26/4/2024,441.46,446.44,431.96,443.29,32691400
29/4/2024,439.56,439.76,428.56,432.62,21502600
30/4/2024,431.05,439.62,429.72,430.17,18429500
1/5/2024,428.6,449.96,427.11,439.19,20344900
2/5/2024,438.84,443.96,432.28,441.68,15221300
3/5/2024,445.93,454.17,443.85,451.96,16489100
6/5/2024,455.58,466.16,453.34,465.68,15094600
7/5/2024,466.29,471.53,461.31,468.24,13406800
8/5/2024,463.5,475.58,463,472.6,11683900
9/5/2024,470,476.08,467.63,475.42,9437700
10/5/2024,477.09,477.5,469.6,476.2,10750000
13/5/2024,472.75,473.35,462.85,468.01,14668800
14/5/2024,463.37,472.54,460.08,471.85,10478600
15/5/2024,474.98,482.5,471.2,481.54,13100500
16/5/2024,475,477.69,472.75,473.23,16608200
17/5/2024,470.83,472.8,468.42,471.91,10807300
20/5/2024,469.95,473.2,467.04,468.84,11745100
21/5/2024,467.12,470.7,462.27,464.63,11742200
22/5/2024,467.87,473.72,465.65,467.78,10078600
23/5/2024,472.88,474.36,461.54,465.78,11747900
24/5/2024,467.62,479.85,466.3,478.22,12024300
28/5/2024,476.58,480.86,474.84,479.92,10175800
29/5/2024,474.66,479.85,473.7,474.36,9226200
30/5/2024,471.67,471.73,464.71,467.05,10719600
31/5/2024,465.8,469.12,454.46,466.83,16919800
3/6/2024,470.86,479.6,468.24,477.49,11279400
4/6/2024,477,478.89,473.23,476.99,7088700
5/6/2024,484.45,496.65,483.91,495.06,15690500
6/6/2024,492.98,502.82,490.89,493.76,10667300
7/6/2024,495.91,498.91,490.17,492.96,9380700
10/6/2024,493.86,502.66,493.41,502.6,11220900
11/6/2024,500.16,507.6,498.27,507.47,9673700
12/6/2024,513.99,514.01,504.47,508.84,11983200
13/6/2024,505.71,509.36,501.36,504.1,9954600
14/6/2024,502.65,507.15,500.75,504.16,10243300
17/6/2024,501.67,510.75,496.01,506.63,11266600
18/6/2024,504.56,506,495.02,499.49,13060400
20/6/2024,502,503.67,496.77,501.7,11801200
21/6/2024,503.45,503.45,492.39,494.78,22359200
24/6/2024,499.2,507.8,494.29,498.91,13525300
25/6/2024,497.05,510.71,495.5,510.6,12063200
26/6/2024,506.65,513.81,504.68,513.12,8882300
27/6/2024,514.25,522.88,513.9,519.56,10121200
28/6/2024,517.15,521.88,503.84,504.22,15855100
1/7/2024,504.95,506.58,493.17,504.68,10328200
2/7/2024,500.76,510.5,499.45,509.5,7739500
3/7/2024,506.37,511.28,506.02,509.96,6005600
5/7/2024,511.6,540.87,511.6,539.91,21354100
8/7/2024,542.35,542.81,526.65,529.32,14917500
9/7/2024,533.75,537.48,528.19,530,8753200
10/7/2024,530.79,538.88,528.36,534.69,10983300
11/7/2024,530.89,535.46,508.37,512.7,16458300
12/7/2024,497.76,508.09,494.23,498.87,19750500
15/7/2024,498.63,506.68,493.37,496.16,12539200
16/7/2024,501.5,503.95,485.79,489.79,14075800
17/7/2024,479.17,479.17,459.12,461.99,28076600
18/7/2024,475,479.24,464.54,475.85,19267200
19/7/2024,476.06,486.71,475.71,476.79,15149400
22/7/2024,486.58,492.06,483.9,487.4,12023100
23/7/2024,489.84,495.22,487.72,488.69,9455500
24/7/2024,472.31,476.3,460.58,461.27,17649700
25/7/2024,463.26,463.55,442.65,453.41,18240500
26/7/2024,464.2,469.77,459.42,465.7,14222400
29/7/2024,469.88,473.96,465.02,465.71,11339600
30/7/2024,467,472.73,456.7,463.19,11390400
31/7/2024,471.02,476.5,466.75,474.83,24285800
1/8/2024,521,527.17,492.1,497.74,43083100
2/8/2024,489,501.15,476.15,488.14,24044700
5/8/2024,451.35,483.48,450.8,475.73,21396200
6/8/2024,479,502.56,478.65,494.09,20955000
7/8/2024,503.13,510.15,486.86,488.92,20105300
8/8/2024,497.5,509.96,494.72,509.63,16156800
9/8/2024,507.71,518.34,505.7,517.77,13696600
12/8/2024,516.86,518.02,509.1,515.95,9767400
13/8/2024,520.01,531.5,518.15,528.54,13743800
14/8/2024,528.06,534,523.13,526.76,11444200
15/8/2024,531.79,539.77,526.7,537.33,13482100
16/8/2024,531.9,533.66,524.66,527.42,14776700
19/8/2024,526.87,531.66,522.76,529.28,9879700
20/8/2024,528.35,531.09,525.88,526.73,7944400
21/8/2024,527.15,539.4,526.93,535.16,13423300
22/8/2024,537,544.23,528.59,531.93,15708300
23/8/2024,536.92,539.87,525.06,528,11323900
26/8/2024,527.6,528,514.95,521.12,9584000
27/8/2024,518.98,524.01,515.31,519.1,6282700
28/8/2024,517.67,521.09,512.45,516.78,9106100
29/8/2024,519.05,527.2,515.68,518.22,8317400
30/8/2024,521.35,523.54,515.2,521.31,9157500
3/9/2024,519.64,525.49,508.62,511.76,12459100
4/9/2024,506.07,516.59,504.07,512.74,8335200
5/9/2024,511.72,521.63,511.15,516.86,8640900
6/9/2024,521.88,524.58,498.25,500.27,14744500
9/9/2024,506.16,511.33,502.08,504.79,11047800
10/9/2024,508.16,514.18,500.03,504.79,9899000
11/9/2024,507.01,513.12,495.6,511.83,10782500
12/9/2024,517.05,526.71,515.22,525.6,11970500
13/9/2024,520.34,527.58,517.11,524.62,10321400
16/9/2024,524.54,534.1,517.4,533.28,9527600
17/9/2024,537.6,542.1,530.57,536.32,11690800
18/9/2024,537.07,544.2,533.9,537.95,10323500
19/9/2024,550,562.07,546.52,559.1,15647000
20/9/2024,560,564.5,556.3,561.35,22066800
23/9/2024,569.5,573.98,562.41,564.41,12830700
24/9/2024,566.68,567.75,554.19,563.33,12993000
25/9/2024,564.05,576.88,563.72,568.31,16543400
26/9/2024,575.73,577.4,562.35,567.84,14400800
27/9/2024,570.1,570.84,564.51,567.36,9398400
30/9/2024,567.7,574.68,564.8,572.44,12792300
1/10/2024,577.98,583.04,570.1,576.47,15259300
2/10/2024,574.86,576,569.34,572.81,6524700
3/10/2024,570.15,583.36,568.73,582.77,11581000
4/10/2024,583.73,596.85,581.43,595.94,14169500
7/10/2024,598.22,602.95,584.04,584.78,12014200
8/10/2024,589.69,593.56,585.97,592.89,7857400
9/10/2024,593.99,594.39,581.61,590.51,9529700
10/10/2024,587.57,590.23,582.52,583.83,7740400
11/10/2024,584.83,591.21,582.71,589.95,8587100
14/10/2024,594.22,600.1,589.96,590.42,8252000
15/10/2024,590.16,590.61,580.14,586.27,9564200
16/10/2024,581.4,582.08,574.03,576.79,11268400
17/10/2024,583.33,584.97,575.2,576.93,8701200
18/10/2024,581.1,583.97,575.25,576.47,7694300
21/10/2024,576.03,577.24,569.11,575.16,8171900
22/10/2024,574.29,583.53,572.12,582.01,8544500
23/10/2024,579.97,585,562.5,563.69,14248400
24/10/2024,567.13,568.88,561.52,567.78,7184700
25/10/2024,573.93,581.29,571.72,573.25,11337900
28/10/2024,582,583.75,574.12,578.16,10925100
29/10/2024,580.15,593.67,575.4,593.28,13019100
30/10/2024,600.98,601.2,589.38,591.8,26864900
31/10/2024,585,589.9,563.01,567.58,26838400
1/11/2024,567.61,573.67,562.56,567.16,15303200
4/11/2024,564.1,568.69,557.89,560.68,12064600
5/11/2024,567.3,573.48,566.67,572.43,9775400
6/11/2024,562.75,573,555.17,572.05,18305400
7/11/2024,576.89,594.8,575.21,591.7,14653700
8/11/2024,591.54,593.1,584.52,589.34,9415700
11/11/2024,586.36,587,576.51,583.17,10209100
12/11/2024,588.54,599.66,580.38,584.82,16287700
13/11/2024,582.61,585.64,575.17,580,10757600
14/11/2024,577,580.76,573.01,577.16,11053700
15/11/2024,571.22,572.57,551.5,554.08,17712900
18/11/2024,557.04,559.9,550.09,554.4,14327300
19/11/2024,551.86,561.43,550.6,561.09,9522400
20/11/2024,562.93,566.35,554.2,565.52,9797300
21/11/2024,569.52,570,549.05,563.09,11154700
22/11/2024,563.55,563.83,554.59,559.14,9164000
25/11/2024,562.1,572.59,556.39,565.11,13599800
26/11/2024,566,577.5,565.2,573.54,10356600
27/11/2024,574.89,574.98,564.1,569.2,7200200
29/11/2024,569,578.46,566.9,574.32,7130500
2/12/2024,577.5,594.5,575.57,592.83,12522400
3/12/2024,595,614.2,591.25,613.65,14907200
4/12/2024,612.96,617.78,605.1,613.78,14697000
5/12/2024,617.08,619.9,607.05,608.93,8081200
6/12/2024,610.1,629.79,608.53,623.77,16935500
9/12/2024,623.92,626.4,606.17,613.57,11426000
10/12/2024,617.56,625.59,612.74,619.32,10938900
11/12/2024,623.37,638.4,621.53,632.68,10837200
12/12/2024,631.5,636.66,627.21,630.79,7474700
13/12/2024,627.22,631.08,616.89,620.35,8453300
16/12/2024,629.98,631.15,618.58,624.24,10885600
17/12/2024,626.17,632.37,616.54,619.44,12897800
18/12/2024,621,627.36,596.32,597.19,17075500
19/12/2024,610.39,611.52,595,595.57,14958100
20/12/2024,590.58,603.11,580,585.25,48989400
23/12/2024,589.6,601.09,586.25,599.85,10205800
24/12/2024,602.72,607.99,599.28,607.75,4726100
26/12/2024,605.48,606.3,598.94,603.35,6081400
27/12/2024,599.41,601.85,589.8,599.81,8084200
30/12/2024,588.75,596.94,585.58,591.24,7025900
