Date,Open,High,Low,Close,Volume
2/1/2013,18.52,19.5,18.17,18.95,656400
3/1/2013,18.76,18.92,18.6,18.61,455600
4/1/2013,18.99,19.37,18.96,19.16,559600
7/1/2013,19.38,19.77,19.32,19.64,724200
8/1/2013,20.01,20.18,19.92,20.06,704500
9/1/2013,19.85,20,19.77,19.96,547200
10/1/2013,20.59,20.91,20.5,20.86,634800
11/1/2013,20.85,20.91,19.2,19.8,1369600
14/1/2013,19.58,19.98,19.58,19.82,501000
15/1/2013,20.1,20.14,19.79,19.91,538500
16/1/2013,19.93,20.46,19.93,20.36,438800
17/1/2013,20.2,20.5,20.04,20.43,492100
18/1/2013,20.4,20.4,20.14,20.23,411900
22/1/2013,19.91,20.06,19.62,19.88,701700
23/1/2013,19.8,20,19.64,19.72,333300
24/1/2013,20.23,20.38,19.88,20.05,366000
25/1/2013,20.53,20.89,20.5,20.79,648800
28/1/2013,21.25,21.56,21.2,21.46,1055100
29/1/2013,21.64,21.97,21.46,21.88,602000
30/1/2013,21.99,22.75,21.95,22.38,1023400
31/1/2013,22.26,22.26,21.31,21.4,1076400
1/2/2013,21.71,22.07,21.26,22.02,971600
4/2/2013,22.03,23.13,22.03,22.95,1492600
5/2/2013,22.87,22.88,22.42,22.55,846700
6/2/2013,23,23,22.3,22.78,816800
7/2/2013,22.9,22.9,22.22,22.28,779800
8/2/2013,22.37,22.99,22.37,22.96,649600
11/2/2013,23.1,23.59,23,23.58,681800
12/2/2013,23.45,23.58,23.36,23.42,389300
13/2/2013,23.48,23.49,23.15,23.3,597400
14/2/2013,23.1,23.3,23.01,23.14,373300
15/2/2013,23.12,23.49,23.12,23.27,556300
19/2/2013,23,23.2,22.89,23.05,716700
20/2/2013,23.07,23.29,22.9,22.91,659300
21/2/2013,22.05,22.06,20.67,21.15,1920400
22/2/2013,21.5,21.69,21.12,21.47,900700
25/2/2013,21.89,21.97,21.4,21.4,841200
26/2/2013,20.92,20.92,20.29,20.47,958400
27/2/2013,20.67,21.58,20.59,21.32,881000
28/2/2013,21.56,21.98,21.42,21.43,998800
1/3/2013,21.63,21.64,20.86,20.9,833600
4/3/2013,20.54,20.56,19.72,19.78,1331600
5/3/2013,19.67,20.34,19.67,20.02,878200
6/3/2013,20.55,21.15,20.45,20.65,1361400
7/3/2013,20.51,20.68,20.43,20.62,759100
8/3/2013,20.81,20.99,20.77,20.93,716800
11/3/2013,21.09,21.27,21.03,21.24,673200
12/3/2013,21.15,21.24,21,21.01,873000
13/3/2013,20.95,21.01,20.42,20.57,779300
14/3/2013,20.72,20.77,20.32,20.43,808700
15/3/2013,20.74,20.81,20.5,20.62,705200
18/3/2013,20.53,20.97,20.49,20.81,769900
19/3/2013,20.7,20.74,20.3,20.49,1140400
20/3/2013,20.71,20.99,20.58,20.9,733300
21/3/2013,20.95,21,20.81,20.9,588600
22/3/2013,20.67,20.71,20.17,20.67,995900
25/3/2013,20.84,20.9,20.62,20.7,654400
26/3/2013,20.8,20.87,20.52,20.79,546200
27/3/2013,20.64,20.73,20.58,20.58,265700
28/3/2013,20.43,20.47,20.31,20.41,385500
1/4/2013,20.81,20.85,20.53,20.56,750300
2/4/2013,20.9,21,20.8,20.86,562800
3/4/2013,20.68,20.8,20.43,20.49,311300
4/4/2013,20.4,20.48,20.29,20.48,512700
5/4/2013,20.53,20.55,20.25,20.45,357500
8/4/2013,20.64,20.7,20.46,20.6,177100
9/4/2013,20.44,20.51,19.9,20.14,1064900
10/4/2013,19.7,20.03,19.66,19.98,633700
11/4/2013,20.22,20.31,20.02,20.19,370900
12/4/2013,19.89,20.12,19.76,20.09,432000
15/4/2013,19.51,19.51,18.75,18.79,955300
16/4/2013,19.35,19.35,18.91,19.16,384700
17/4/2013,19.11,19.11,18.75,18.84,448400
18/4/2013,18.81,18.81,18.25,18.36,798200
19/4/2013,18.61,18.83,18.45,18.71,558300
22/4/2013,18.5,18.64,18.25,18.3,508000
23/4/2013,18.56,18.75,18.54,18.73,328300
24/4/2013,18.72,18.83,18.59,18.73,378600
25/4/2013,18.97,19.23,18.9,18.93,569700
26/4/2013,18.99,19.41,18.86,19.26,553100
29/4/2013,19.4,19.58,19.17,19.35,556600
30/4/2013,19.54,19.54,19.35,19.51,179200
1/5/2013,19.41,19.51,19.3,19.41,162400
2/5/2013,19.41,19.41,19.12,19.12,248800
3/5/2013,19.46,19.46,19.23,19.28,231400
6/5/2013,19.82,20.12,19.75,20.06,621000
7/5/2013,20.25,20.46,20.11,20.44,316100
8/5/2013,20.26,20.38,20.17,20.31,332700
9/5/2013,20.28,20.42,20.26,20.37,258600
10/5/2013,20.25,20.32,20.04,20.32,305200
13/5/2013,20.32,20.42,20.27,20.27,295100
14/5/2013,20.07,20.2,20,20.16,256200
15/5/2013,20.2,20.35,20.12,20.31,250200
16/5/2013,20.43,20.57,20.24,20.28,695600
17/5/2013,20.37,20.64,20.19,20.39,510900
20/5/2013,20.58,20.92,20.51,20.77,619400
21/5/2013,20.96,20.97,20.63,20.82,642600
22/5/2013,20.96,21.08,20.72,20.81,481400
23/5/2013,20.42,20.46,20.1,20.25,1871300
24/5/2013,20.36,20.86,20.23,20.77,454700
28/5/2013,21.25,21.5,21.19,21.37,574000
29/5/2013,21.36,21.36,20.94,21.03,391100
30/5/2013,21.28,21.47,21.15,21.44,466800
31/5/2013,21.41,21.41,20.91,21.12,470800
3/6/2013,20.99,21.18,20.85,21.11,208900
4/6/2013,20.88,20.94,20.68,20.84,367900
5/6/2013,20.85,20.85,20.38,20.38,293000
6/6/2013,20.72,20.86,20.62,20.83,247200
7/6/2013,20.96,21.59,20.85,21.49,1597800
10/6/2013,20.91,21.25,20.91,21.02,384300
11/6/2013,20.6,20.7,20.39,20.39,520000
12/6/2013,20.53,20.76,20.23,20.24,346800
13/6/2013,20.38,20.54,20.25,20.5,280300
14/6/2013,20.39,20.5,20.22,20.27,330200
17/6/2013,20.24,20.24,19.97,20.04,329200
18/6/2013,19.97,20.16,19.93,20.06,208100
19/6/2013,20.08,20.11,19.56,19.61,334700
20/6/2013,19.43,19.45,18.85,18.96,683400
21/6/2013,19.42,19.42,18.87,19.15,842800
24/6/2013,18.71,18.9,18.51,18.72,338200
25/6/2013,18.22,18.38,18.16,18.3,599700
26/6/2013,18.22,18.55,18.2,18.45,245000
27/6/2013,18.82,18.92,18.69,18.87,157900
28/6/2013,18.46,18.75,18.32,18.6,172800
1/7/2013,18.53,19.23,18.52,19.01,339800
2/7/2013,19.12,19.35,18.87,18.94,235200
3/7/2013,18.84,18.92,18.7,18.89,115000
5/7/2013,18.75,18.78,18.39,18.48,266800
8/7/2013,18.5,18.5,18.1,18.15,422500
9/7/2013,18.43,18.64,18.27,18.41,245500
10/7/2013,18.26,18.42,18.25,18.37,185700
11/7/2013,18.65,18.82,18.56,18.76,188300
12/7/2013,18.9,19.01,18.76,18.98,117500
15/7/2013,18.9,19.13,18.9,18.96,77000
16/7/2013,18.94,19.06,18.77,18.95,145500
17/7/2013,19.21,19.25,19.15,19.18,68300
18/7/2013,19,19.27,19,19.23,112600
19/7/2013,19.25,19.38,19.23,19.33,47500
22/7/2013,19.33,19.39,19.15,19.29,137100
23/7/2013,19.26,19.33,19.19,19.23,94500
24/7/2013,19.18,19.18,18.77,18.88,138100
25/7/2013,18.81,18.81,18.61,18.7,138800
26/7/2013,18.66,18.82,18.57,18.61,168600
29/7/2013,18.45,18.45,18.16,18.17,139100
30/7/2013,18.37,18.37,18.25,18.27,119900
31/7/2013,18.19,18.77,18.13,18.75,855900
1/8/2013,18.65,18.91,18.65,18.84,112800
2/8/2013,18.66,18.88,18.66,18.81,41400
5/8/2013,18.91,18.91,18.48,18.69,106700
6/8/2013,18.73,18.73,18.52,18.53,78400
7/8/2013,18.74,18.86,18.42,18.45,303900
8/8/2013,18.45,18.55,18.41,18.51,141900
9/8/2013,18.57,18.57,18.39,18.41,139200
12/8/2013,18.39,18.49,18.33,18.48,153700
13/8/2013,18.47,18.47,18.27,18.45,114100
14/8/2013,18.52,18.72,18.52,18.62,251900
15/8/2013,18.78,18.78,18.48,18.55,124400
16/8/2013,18.6,18.9,18.41,18.44,167800
19/8/2013,18.57,18.75,18.53,18.53,144100
20/8/2013,18.48,18.48,18.21,18.24,971000
21/8/2013,18.21,18.28,17.85,17.86,1042000
22/8/2013,18.05,18.18,17.96,17.97,389800
23/8/2013,17.85,17.93,17.68,17.78,409500
26/8/2013,17.69,17.89,17.69,17.72,172900
27/8/2013,17.5,17.52,17.13,17.15,692200
28/8/2013,17.17,17.2,17,17.11,215500
29/8/2013,17.11,17.13,17,17.03,191500
30/8/2013,17.15,17.31,17.13,17.25,125100
3/9/2013,17.33,17.48,17.12,17.2,287400
4/9/2013,17.1,17.33,17.06,17.28,203600
5/9/2013,17.41,17.62,17.36,17.57,114300
6/9/2013,17.67,17.79,17.52,17.71,289800
9/9/2013,17.61,17.84,17.57,17.83,183600
10/9/2013,17.81,18.03,17.81,18.01,134500
11/9/2013,18,18.23,17.92,18.22,198400
12/9/2013,18.13,18.13,17.95,18.03,161900
13/9/2013,18.05,18.2,18.05,18.2,53300
16/9/2013,18.16,18.16,18,18.01,184300
17/9/2013,17.89,17.97,17.84,17.9,102700
18/9/2013,17.84,18.21,17.6,18.2,280500
19/9/2013,18.04,18.26,18,18.17,118600
20/9/2013,18.2,18.2,18,18.14,112600
23/9/2013,18.12,18.2,18.1,18.2,79800
24/9/2013,18.2,18.24,18.06,18.23,83600
25/9/2013,18.3,18.37,18.22,18.34,169900
26/9/2013,18.35,18.46,18.15,18.24,124500
27/9/2013,18.27,18.3,18.05,18.07,82600
30/9/2013,18.13,18.25,17.83,17.91,221300
1/10/2013,18.06,18.2,18.01,18.16,148100
2/10/2013,18.2,18.37,18.19,18.35,86500
3/10/2013,18.24,18.36,18.1,18.22,178300
4/10/2013,18.25,18.59,18.25,18.59,236000
7/10/2013,18.51,18.78,18.45,18.7,215300
8/10/2013,18.74,18.77,18.42,18.57,522900
9/10/2013,18.67,18.8,18.6,18.75,74300
10/10/2013,18.82,18.86,18.65,18.86,172600
11/10/2013,18.78,18.86,18.6,18.81,55200
14/10/2013,18.75,18.85,18.6,18.81,65900
15/10/2013,18.77,18.8,18.66,18.73,78700
16/10/2013,18.81,19.13,18.8,19.13,259300
17/10/2013,19.13,19.28,19.03,19.21,177000
18/10/2013,19.29,19.34,19.14,19.33,274200
21/10/2013,19.35,19.35,19.11,19.35,287700
22/10/2013,19.41,19.46,19.2,19.29,234500
23/10/2013,19.13,19.2,19.05,19.14,120700
24/10/2013,19.02,19.15,19,19.1,103100
25/10/2013,19,19.26,19,19.26,156900
28/10/2013,19.12,19.17,18.99,19,70000
29/10/2013,19.07,19.2,19.04,19.04,67500
30/10/2013,19.04,19.1,18.72,18.84,141400
31/10/2013,18.72,19.03,18.71,18.98,176400
1/11/2013,18.94,19,18.71,18.83,71500
4/11/2013,18.83,19.07,18.65,19.05,99600
5/11/2013,19.12,19.12,18.96,19.01,67200
6/11/2013,19.11,19.27,19.11,19.14,70400
7/11/2013,19.23,19.23,18.87,18.93,110900
8/11/2013,18.92,18.93,18.78,18.83,97600
11/11/2013,18.84,18.99,18.72,18.78,223300
12/11/2013,18.83,18.83,18.69,18.69,78300
13/11/2013,18.79,18.92,18.63,18.83,138800
14/11/2013,18.86,19.1,18.78,19.06,220500
15/11/2013,19,19.43,19,19.39,218200
18/11/2013,19.49,19.69,19.3,19.67,356600
19/11/2013,19.67,19.7,19.53,19.59,120800
20/11/2013,19.67,19.67,19.37,19.37,140600
21/11/2013,19.47,19.48,19.37,19.39,188300
22/11/2013,19.4,19.52,19.3,19.51,117300
25/11/2013,19.44,19.48,19.38,19.46,189600
26/11/2013,19.51,19.6,19.4,19.58,105400
27/11/2013,20.39,20.39,19.41,19.57,118900
29/11/2013,19.66,19.66,19.58,19.58,51400
2/12/2013,19.66,19.83,19.35,19.36,166800
3/12/2013,19.49,19.56,19.33,19.41,132600
4/12/2013,19.4,19.56,19.4,19.56,114600
5/12/2013,19.31,19.55,19.31,19.47,225900
6/12/2013,19.42,19.6,19.42,19.59,98200
9/12/2013,19.69,19.69,19.55,19.65,85900
10/12/2013,19.5,19.66,19.49,19.62,154300
11/12/2013,19.43,19.43,18.89,18.89,330200
12/12/2013,19.03,19.07,18.85,19.01,176000
13/12/2013,19,19,18.82,18.96,108700
16/12/2013,19,19,18.78,18.82,173700
17/12/2013,18.8,18.94,18.76,18.9,101100
18/12/2013,18.93,19.15,18.79,19.09,118000
19/12/2013,19.03,19.19,18.89,19.04,65900
20/12/2013,19.12,19.12,18.89,19,89400
23/12/2013,18.63,18.77,18.34,18.53,293400
24/12/2013,18.5,18.55,18.43,18.54,71900
26/12/2013,18.49,18.7,18.4,18.63,142300
27/12/2013,18.43,18.69,18.43,18.53,142900
30/12/2013,18.36,18.67,18.36,18.62,341100
31/12/2013,18.69,18.96,18.62,18.79,237800
2/1/2014,18.65,18.78,18.42,18.58,162100
3/1/2014,18.66,18.76,18.44,18.53,136200
6/1/2014,18.59,18.63,18.5,18.55,130200
7/1/2014,18.68,18.95,18.55,18.93,205800
8/1/2014,19.2,19.25,18.8,18.92,331000
9/1/2014,19.07,19.19,19.06,19.09,376600
10/1/2014,19.15,19.35,19.04,19.3,245700
13/1/2014,19.37,19.37,19.1,19.2,220000
14/1/2014,19.35,19.6,19.26,19.55,285000
15/1/2014,19.5,19.82,19.5,19.8,819300
16/1/2014,19.95,21.38,19.95,20.75,1234900
17/1/2014,21.1,22.22,20.96,21.5,2097400
21/1/2014,21.9,22.16,21.27,21.46,1244300
22/1/2014,21.46,21.64,20.93,21.1,497200
23/1/2014,21,21.23,20.62,20.92,238100
24/1/2014,20.82,20.92,20.3,20.35,754900
27/1/2014,20.54,20.68,20.32,20.53,700600
28/1/2014,20.53,21.12,20.53,20.91,485900
29/1/2014,20.5,21.1,20.35,20.76,488700
30/1/2014,20.83,21.36,20.78,21.31,333400
31/1/2014,20.89,21.25,20.85,21.07,265200
3/2/2014,20.88,21.07,20.66,20.9,394200
4/2/2014,20.91,21.2,20.91,21.11,192200
5/2/2014,21.09,22.07,20.96,21.22,1060300
6/2/2014,21.25,21.5,20.55,20.76,1206100
7/2/2014,20.55,21.06,20.44,20.75,470600
10/2/2014,21.11,21.7,20.86,21.7,1148600
11/2/2014,21.56,22.1,21.4,22.05,695600
12/2/2014,22.05,22.47,22,22.42,485600
13/2/2014,22.5,22.99,22.25,22.85,742900
14/2/2014,22.67,22.72,22.03,22.24,370300
18/2/2014,22.27,22.7,22.27,22.55,204700
19/2/2014,22.69,22.85,22.31,22.45,658000
20/2/2014,22.11,22.18,21.73,22.03,338500
21/2/2014,21.99,22,21.59,21.75,304000
24/2/2014,22.5,22.5,22,22.02,194800
25/2/2014,22.24,22.3,21.86,21.98,444500
26/2/2014,23.03,23.15,22.01,22.04,113800
27/2/2014,22.05,22.11,21.92,21.92,173000
28/2/2014,22.11,22.16,21.86,21.86,277600
3/3/2014,21.69,21.75,21.12,21.15,295500
4/3/2014,21.39,21.61,21.19,21.51,316600
5/3/2014,21.79,21.82,21.13,21.17,389000
6/3/2014,21.63,21.63,21.36,21.48,147600
7/3/2014,21.69,21.86,21.51,21.82,433700
10/3/2014,22.01,22.13,22,22.12,270200
11/3/2014,22.33,22.5,22.19,22.23,318600
12/3/2014,22.03,22.13,21.91,22.03,187400
13/3/2014,22.17,22.4,21.77,21.94,190500
14/3/2014,21.92,22.05,21.8,21.99,230200
17/3/2014,22.21,22.4,22,22.11,255600
18/3/2014,22.09,22.23,21.89,22.05,304400
19/3/2014,22.1,22.22,21.89,21.96,190500
20/3/2014,21.92,22.05,21.84,21.9,100400
21/3/2014,22.08,22.12,21.8,21.87,189600
24/3/2014,22.05,22.22,21.9,22.06,151100
25/3/2014,21.88,22,21.62,21.73,352800
26/3/2014,21.4,21.44,21,21.11,441900
27/3/2014,21.22,21.49,21.2,21.39,260100
28/3/2014,21.5,21.81,21.5,21.7,169700
31/3/2014,21.5,21.83,21.23,21.69,221100
1/4/2014,21.33,21.4,21.13,21.31,205600
2/4/2014,21.2,21.73,21.2,21.72,644800
3/4/2014,21.62,21.8,21.25,21.34,374000
4/4/2014,21.52,21.74,21.4,21.54,335300
7/4/2014,21.77,22.32,21.77,22.18,570400
8/4/2014,22.19,22.39,21.98,21.99,559900
9/4/2014,22.18,22.21,21.92,22.19,310500
10/4/2014,22.04,22.16,21.56,21.6,208400
11/4/2014,21.6,21.9,21.43,21.66,142700
14/4/2014,21.45,21.55,21.26,21.49,130900
15/4/2014,21.2,21.2,20.38,20.74,1026400
16/4/2014,20.43,20.63,20.21,20.33,520400
17/4/2014,20.5,20.77,20.33,20.7,316700
21/4/2014,19.99,20.12,19.8,20.07,439600
22/4/2014,20.32,20.5,20.17,20.27,269000
23/4/2014,20.28,20.32,19.95,20.07,180700
24/4/2014,20.3,20.3,19.81,19.87,445700
25/4/2014,20.08,20.23,19.88,20.2,315800
28/4/2014,20,20.16,19.95,20.09,141000
29/4/2014,20.09,20.24,20,20.06,198100
30/4/2014,20.07,20.28,20.05,20.08,328700
1/5/2014,20.2,20.2,19.75,19.79,540700
2/5/2014,19.92,20.04,19.82,19.86,311700
5/5/2014,19.56,19.62,19.26,19.6,405900
6/5/2014,19.4,19.43,19.16,19.21,417400
7/5/2014,19.5,19.65,19.38,19.38,326000
8/5/2014,18.75,18.85,18.51,18.58,1528000
9/5/2014,19,19.09,18.96,19.05,471800
12/5/2014,18.73,19.22,18.71,19.21,1000900
13/5/2014,18.99,19.2,18.94,19.19,914700
14/5/2014,19.42,19.77,19.27,19.69,622000
15/5/2014,19.49,19.58,19.14,19.22,1212200
16/5/2014,19.51,19.65,19.25,19.32,340200
19/5/2014,19.61,19.94,19.53,19.73,418300
20/5/2014,19.79,19.8,19.62,19.66,223000
21/5/2014,19.95,20.21,19.89,20.18,409200
22/5/2014,20.05,20.09,19.69,20.03,430100
23/5/2014,20.03,20.18,19.91,20.08,212600
27/5/2014,20.29,20.54,20.28,20.49,715300
28/5/2014,20.5,20.71,20.45,20.63,624200
29/5/2014,20.76,20.78,20.21,20.27,672000
30/5/2014,20.23,20.57,20.23,20.27,290200
2/6/2014,20.45,20.45,20.2,20.3,80100
3/6/2014,20.3,20.47,20.3,20.45,243800
4/6/2014,20.25,20.25,20,20.05,223100
5/6/2014,20.27,20.31,20.09,20.27,128900
6/6/2014,20.3,20.84,20.3,20.77,610200
9/6/2014,20.86,20.87,20.7,20.81,216400
10/6/2014,20.8,20.8,20.54,20.68,376300
11/6/2014,20.59,20.76,20.54,20.72,192000
12/6/2014,20.72,20.84,20.63,20.7,282500
13/6/2014,20.63,20.83,20.63,20.82,425900
16/6/2014,20.71,20.94,20.68,20.93,216100
17/6/2014,20.71,20.93,20.7,20.78,220900
18/6/2014,20.84,21.16,20.78,21.1,286300
19/6/2014,21,21,20.68,20.76,1302300
20/6/2014,20.62,20.75,20.1,20.16,414400
23/6/2014,20.45,20.45,20.28,20.39,153600
24/6/2014,20.55,20.6,20.42,20.55,684500
25/6/2014,20.65,20.75,20.55,20.62,149200
26/6/2014,20.75,20.75,20.52,20.67,375500
27/6/2014,20.61,20.85,20.61,20.77,174100
30/6/2014,20.72,20.84,20.55,20.8,365300
1/7/2014,20.86,21.05,20.8,20.94,237800
2/7/2014,20.82,21.08,20.8,20.93,339700
3/7/2014,21.02,21.08,20.95,21.03,151600
7/7/2014,21.26,21.5,21.1,21.44,139800
8/7/2014,21.39,21.44,21.21,21.43,176000
9/7/2014,21.43,21.53,21.32,21.43,100000
10/7/2014,21.2,21.25,20.83,21.06,331800
11/7/2014,21.1,21.27,21.06,21.2,119700
14/7/2014,21.31,21.34,21.1,21.32,116700
15/7/2014,21.28,21.59,21.21,21.45,128300
16/7/2014,21.45,21.7,21.45,21.62,267200
17/7/2014,21.57,21.7,21.25,21.49,272900
18/7/2014,21.53,21.69,21.52,21.63,94800
21/7/2014,21.73,21.75,21.45,21.49,123100
22/7/2014,21.51,21.7,21.49,21.67,327800
23/7/2014,21.67,21.97,21.53,21.97,285400
24/7/2014,21.94,21.97,21.67,21.83,225000
25/7/2014,21.69,21.87,21.69,21.77,260300
28/7/2014,21.53,21.53,21.22,21.39,259400
29/7/2014,21.43,21.47,21.27,21.36,103700
30/7/2014,21.3,21.4,21.07,21.15,201700
31/7/2014,21.13,21.21,20.9,20.93,511200
1/8/2014,20.93,21.2,20.91,21.04,462000
4/8/2014,20.97,21.45,20.97,21.35,213600
5/8/2014,21.32,21.59,21.32,21.39,226600
6/8/2014,21.3,21.59,21.3,21.48,171200
7/8/2014,21.41,21.67,21.29,21.29,192600
8/8/2014,21.24,21.45,21.2,21.35,535100
11/8/2014,21.35,21.4,21.2,21.26,120000
12/8/2014,21.25,21.51,21.2,21.35,250800
13/8/2014,21.48,21.73,21.48,21.68,152900
14/8/2014,21.84,21.99,21.72,21.93,460000
15/8/2014,21.94,21.98,21.6,21.78,187900
18/8/2014,21.84,22.14,21.84,22.08,218900
19/8/2014,22.06,22.08,21.87,21.97,273400
20/8/2014,21.83,22.1,21.83,21.98,73300
21/8/2014,21.99,22.15,21.99,22.04,148800
22/8/2014,22.21,22.4,22.18,22.34,307400
25/8/2014,22.44,22.74,22.44,22.68,632400
26/8/2014,22.68,23.05,22.65,22.85,463000
27/8/2014,22.86,22.98,22.85,22.88,199600
28/8/2014,22.78,22.96,22.74,22.87,279700
29/8/2014,22.89,23.1,22.89,23.1,211800
2/9/2014,23.2,23.29,23.1,23.25,620300
3/9/2014,23.3,23.82,23.2,23.66,556200
4/9/2014,23.56,23.57,23.4,23.47,399300
5/9/2014,23.52,23.57,23.44,23.48,251400
8/9/2014,23.52,23.58,23.47,23.51,188200
9/9/2014,23.3,23.3,22.84,22.87,867300
10/9/2014,22.73,22.97,22.65,22.93,511300
11/9/2014,22.82,22.93,22.73,22.81,261800
12/9/2014,22.84,23,22.81,22.86,207700
15/9/2014,22.81,22.95,22.74,22.82,150200
16/9/2014,22.84,22.96,22.64,22.92,398600
17/9/2014,22.94,22.98,22.75,22.89,186700
18/9/2014,22.55,22.8,22.5,22.57,239600
19/9/2014,22.59,22.73,22.14,22.35,641200
22/9/2014,22.11,22.38,22.11,22.29,382800
23/9/2014,22.3,22.49,22.18,22.34,370800
24/9/2014,22.35,22.54,22.25,22.47,131000
25/9/2014,22.33,22.44,22.15,22.22,122500
26/9/2014,22.22,22.35,22.15,22.19,192500
29/9/2014,21.95,22,21.5,21.89,229700
30/9/2014,21.88,21.98,21.64,21.9,320900
1/10/2014,22.29,22.38,21.86,22.04,290300
2/10/2014,22,22.54,21.93,22.42,386300
3/10/2014,22.47,22.47,22.22,22.43,128900
6/10/2014,22.47,22.63,22.4,22.46,158000
7/10/2014,22.5,22.54,22.13,22.14,242900
8/10/2014,22.13,22.22,22.01,22.18,525800
9/10/2014,22.07,22.32,21.93,21.99,401500
10/10/2014,21.8,21.85,21.41,21.44,442200
13/10/2014,21.51,21.76,21.42,21.43,140900
14/10/2014,21.4,21.61,21.36,21.43,641200
15/10/2014,21.33,21.33,20.85,21.17,597100
16/10/2014,20.59,20.77,20.46,20.63,555000
17/10/2014,20.89,20.98,20.65,20.85,679800
20/10/2014,20.96,20.97,20.71,20.83,596400
21/10/2014,20.9,21.24,20.9,21.19,380500
22/10/2014,21.25,21.33,21.19,21.21,241300
23/10/2014,21.13,21.2,21.1,21.13,153300
24/10/2014,21.06,21.15,20.95,21.11,129800
27/10/2014,20.51,20.63,20.4,20.6,290300
28/10/2014,20.68,20.85,20.64,20.8,262700
29/10/2014,20.99,21,20.8,20.9,123400
30/10/2014,20.82,21.06,20.71,21.05,144400
31/10/2014,21.34,21.39,21.21,21.37,258400
3/11/2014,21.47,21.61,21.37,21.56,762300
4/11/2014,21.36,21.36,21.15,21.25,333700
5/11/2014,21.25,21.29,21.08,21.21,277800
6/11/2014,21.21,21.37,21.2,21.36,372500
7/11/2014,21.3,21.45,21.3,21.34,162300
10/11/2014,21.37,21.42,21.05,21.1,1060400
11/11/2014,21.1,21.18,21.03,21.07,220700
12/11/2014,21.16,21.31,21.08,21.25,492800
13/11/2014,21.13,21.13,21,21.04,126500
14/11/2014,21.1,21.13,21,21.11,120000
17/11/2014,21.11,21.36,21.03,21.35,512800
18/11/2014,21.11,21.11,20.91,21.06,280600
19/11/2014,20.88,20.93,20.68,20.87,340300
20/11/2014,20.99,21.17,20.99,21.04,366200
21/11/2014,21.2,21.21,21.04,21.15,263300
24/11/2014,20.98,21.03,20.78,20.95,373100
25/11/2014,21.01,21.22,20.9,20.94,160600
26/11/2014,20.75,20.84,20.69,20.75,203500
28/11/2014,20.55,20.57,20.36,20.44,221000
1/12/2014,20.44,20.48,20.35,20.42,231600
2/12/2014,20.41,20.51,20.33,20.51,217700
3/12/2014,20.58,20.62,20.52,20.52,237100
4/12/2014,20.59,20.59,20.29,20.3,512700
5/12/2014,20.4,20.63,20.4,20.57,141600
8/12/2014,20.5,20.54,20.16,20.16,358100
9/12/2014,19.9,19.9,19.55,19.6,702500
10/12/2014,19.71,19.84,19.53,19.6,418300
11/12/2014,19.5,19.65,19.4,19.61,798900
12/12/2014,19.63,19.64,19.5,19.53,180400
15/12/2014,19.57,19.64,19.15,19.19,404900
16/12/2014,19.05,19.38,18.7,18.72,794000
17/12/2014,18.63,18.64,18.35,18.54,1087800
18/12/2014,18.86,19.11,18.74,19.1,782200
19/12/2014,19.13,19.13,18.63,18.7,342600
22/12/2014,18.66,18.78,18.45,18.5,425500
23/12/2014,18.6,18.7,18.53,18.63,197800
24/12/2014,18.54,18.63,18.51,18.59,329500
26/12/2014,18.46,18.68,18.45,18.52,203900
29/12/2014,18.34,18.49,18.32,18.47,442000
30/12/2014,18.66,18.87,18.55,18.87,646500
31/12/2014,19.17,19.35,19.16,19.22,270300
2/1/2015,19.19,19.33,18.85,18.99,1005700
5/1/2015,19,19.05,18.63,18.63,566800
6/1/2015,18.87,19,18.75,18.89,247300
7/1/2015,18.97,18.99,18.76,18.84,235000
8/1/2015,18.88,18.88,18.78,18.86,155000
9/1/2015,19.13,19.13,18.84,18.99,246800
12/1/2015,18.92,18.95,18.73,18.85,173000
13/1/2015,19.03,19.03,18.72,18.76,267000
14/1/2015,18.77,18.79,18.59,18.61,293100
15/1/2015,18.83,18.89,18.62,18.63,166800
16/1/2015,18.72,18.9,18.72,18.86,156000
20/1/2015,18.62,18.64,18.5,18.61,261100
21/1/2015,18.6,18.6,18.35,18.37,719000
22/1/2015,18.54,18.68,18.46,18.68,341600
23/1/2015,18.68,18.68,18.58,18.65,175500
26/1/2015,18.72,18.72,18.52,18.7,177600
27/1/2015,18.5,18.5,18.32,18.33,246900
28/1/2015,18.54,18.57,18.35,18.38,176900
29/1/2015,18.45,18.47,18.35,18.45,209300
30/1/2015,18.31,18.4,18.24,18.29,259900
2/2/2015,18.4,18.51,18.12,18.43,439600
3/2/2015,18.2,18.38,18.2,18.25,513500
4/2/2015,18.34,18.43,18.24,18.31,473400
5/2/2015,18.48,18.98,18.44,18.9,1157300
6/2/2015,18.91,19.03,18.8,18.83,411100
9/2/2015,18.84,19.01,18.84,18.92,142800
10/2/2015,18.95,19,18.72,18.83,226800
11/2/2015,18.92,19.23,18.9,19.21,611700
12/2/2015,19.39,19.59,19.3,19.57,434400
13/2/2015,19.47,19.57,19.45,19.53,161700
17/2/2015,19.6,19.83,19.35,19.77,697100
18/2/2015,19.61,19.63,19.46,19.59,182900
19/2/2015,19.48,19.55,19.42,19.49,99700
20/2/2015,19.55,19.72,19.52,19.64,345100
23/2/2015,19.55,19.6,19.35,19.55,418700
24/2/2015,19.61,19.93,19.58,19.82,335400
25/2/2015,19.68,19.72,19.57,19.62,326100
26/2/2015,19.6,19.74,19.6,19.67,349600
27/2/2015,19.57,19.68,19.56,19.63,431600
2/3/2015,19.54,19.59,19.18,19.2,943100
3/3/2015,19.39,19.39,19.21,19.26,483800
4/3/2015,19.28,19.28,18.85,18.94,673700
5/3/2015,18.86,19.05,18.86,18.96,275500
6/3/2015,18.89,18.94,18.67,18.76,305400
9/3/2015,18.81,18.86,18.76,18.78,131600
10/3/2015,18.68,18.8,18.51,18.54,206900
11/3/2015,18.56,18.58,18.45,18.55,267800
12/3/2015,18.71,18.71,18.45,18.46,246200
13/3/2015,18.47,18.47,18.22,18.31,146500
16/3/2015,18.02,18.08,17.86,17.97,309500
17/3/2015,17.92,17.98,17.81,17.85,1088500
18/3/2015,17.7,18.07,17.63,17.98,259400
19/3/2015,17.77,17.77,17.45,17.45,1466400
20/3/2015,17.63,17.81,17.61,17.67,174800
23/3/2015,17.55,17.65,17.46,17.61,352900
24/3/2015,17.5,17.6,17.25,17.25,1252000
25/3/2015,17.23,17.33,17.03,17.07,2017700
26/3/2015,17.08,17.15,17.02,17.12,204200
27/3/2015,17.04,17.14,16.95,17.1,149800
30/3/2015,16.98,17,16.89,16.9,261800
31/3/2015,16.99,16.99,16.85,16.88,207000
1/4/2015,16.86,16.86,16.62,16.7,918200
2/4/2015,16.81,16.98,16.65,16.67,2509500
6/4/2015,16.66,16.73,16.59,16.59,972600
7/4/2015,16.72,16.93,16.72,16.76,500000
8/4/2015,16.94,16.95,16.81,16.95,593400
9/4/2015,17.02,17.25,17.01,17.19,693300
10/4/2015,17.3,17.4,17.28,17.35,472700
13/4/2015,17.43,17.52,17.4,17.4,550600
14/4/2015,17.46,17.75,17.44,17.69,708700
15/4/2015,17.9,18.39,17.84,18.35,1802700
16/4/2015,18.19,18.49,18.19,18.43,741300
17/4/2015,18.1,18.22,18.01,18.22,827100
20/4/2015,18.05,18.2,18.04,18.18,446800
21/4/2015,18.06,18.11,18,18.02,342300
22/4/2015,17.95,18.34,17.92,18.3,771900
23/4/2015,18.21,18.4,18.14,18.25,345300
24/4/2015,18.2,18.48,18.09,18.28,549600
27/4/2015,18.19,18.46,18.12,18.41,398600
28/4/2015,18.48,18.48,18.4,18.4,143200
29/4/2015,18.3,18.43,18.05,18.22,300400
30/4/2015,18.18,18.29,18,18.03,357900
1/5/2015,18.21,18.21,17.97,18.12,219300
4/5/2015,17.79,17.79,17.33,17.41,1571800
5/5/2015,17.52,17.54,17.25,17.29,884600
6/5/2015,17.28,17.4,17.1,17.13,267400
7/5/2015,17.14,17.34,17.14,17.27,380200
8/5/2015,17.54,17.55,17.24,17.31,725100
11/5/2015,17.3,17.43,17,17.03,456000
12/5/2015,17,17.19,16.86,17.11,573700
13/5/2015,17.2,17.34,17.13,17.18,270600
14/5/2015,17.29,17.29,17.03,17.09,322100
15/5/2015,17,17.04,16.86,16.97,285000
18/5/2015,16.84,16.84,16.65,16.65,672300
19/5/2015,16.73,16.78,16.65,16.65,532000
20/5/2015,17.15,17.2,17.03,17.14,512900
21/5/2015,17.46,17.7,17.28,17.69,1061200
22/5/2015,17.65,17.9,17.63,17.76,361500
26/5/2015,17.89,17.9,17.7,17.75,343000
27/5/2015,17.77,17.93,17.71,17.86,376300
28/5/2015,17.9,17.97,17.75,17.76,247500
29/5/2015,17.65,17.79,17.5,17.69,279000
1/6/2015,17.77,17.79,17.58,17.64,302200
2/6/2015,17.73,17.79,17.53,17.55,242100
3/6/2015,17.52,17.55,17.33,17.37,360300
4/6/2015,17.39,17.44,17.23,17.33,297500
5/6/2015,17.45,17.59,17.23,17.59,310400
8/6/2015,17.7,17.79,17.68,17.74,137700
9/6/2015,17.47,17.67,17.4,17.57,255000
10/6/2015,17.61,17.77,17.61,17.68,117500
11/6/2015,17.76,18.06,17.7,18.05,322200
12/6/2015,18,18.29,17.98,18.15,583100
15/6/2015,18.1,18.24,18.06,18.17,601300
16/6/2015,18.08,18.2,18.03,18.17,441700
17/6/2015,18.17,18.2,17.9,18.08,489900
18/6/2015,18.07,18.35,18.04,18.33,533100
19/6/2015,18.29,18.31,18.01,18.01,355200
22/6/2015,18.24,18.4,18.22,18.39,289200
23/6/2015,18.38,18.39,18.25,18.31,183400
24/6/2015,18.16,18.26,18,18.13,194600
25/6/2015,18.07,18.19,18.05,18.1,202600
26/6/2015,18,18.1,18,18.1,396300
29/6/2015,18.11,18.46,18.11,18.36,1002200
30/6/2015,18.43,18.65,18.43,18.64,629200
1/7/2015,18.7,18.79,18.56,18.78,756000
2/7/2015,19,19.28,18.72,19.13,1011400
6/7/2015,19.29,19.54,19.2,19.5,607300
7/7/2015,19.49,19.5,18.9,19.1,897200
8/7/2015,18.69,18.9,18.6,18.66,617800
9/7/2015,18.67,19,18.66,18.94,583200
10/7/2015,19.14,19.25,18.96,19.04,779700
13/7/2015,19.27,19.4,19.15,19.15,358900
14/7/2015,19.36,19.64,19.26,19.59,565100
15/7/2015,19.57,19.61,19.2,19.2,340200
16/7/2015,19.35,19.35,19.14,19.18,341800
17/7/2015,19.19,19.24,19.1,19.17,252100
20/7/2015,19.11,19.17,18.86,18.98,450900
21/7/2015,18.96,18.96,18.71,18.74,135700
22/7/2015,18.81,18.86,18.62,18.66,272700
23/7/2015,18.84,19,18.68,18.8,272300
24/7/2015,18.85,18.85,18.63,18.74,206500
27/7/2015,18.6,18.64,18.31,18.64,478300
28/7/2015,18.55,18.6,18.33,18.52,401200
29/7/2015,18.49,18.49,18.4,18.42,361800
30/7/2015,18.5,18.59,18.42,18.49,719400
31/7/2015,18.58,18.58,18.36,18.37,445800
3/8/2015,18.4,18.4,17.85,17.96,643400
4/8/2015,17.87,17.93,17.76,17.76,462200
5/8/2015,17.99,18.14,17.94,18,478400
6/8/2015,17.87,17.87,17.68,17.74,250400
7/8/2015,17.62,17.92,17.62,17.89,320500
10/8/2015,18.1,18.2,18.04,18.13,314100
11/8/2015,17.99,18.03,17.78,17.92,371100
12/8/2015,17.62,17.86,17.41,17.54,639500
13/8/2015,17.38,17.4,17.12,17.2,504300
14/8/2015,17.01,17.2,17,17.15,198700
17/8/2015,17.04,17.08,16.81,16.94,396600
18/8/2015,17.05,17.12,16.95,17.1,459300
19/8/2015,16.84,16.88,16.56,16.59,472300
20/8/2015,16.33,16.51,16.25,16.25,751100
21/8/2015,15.96,15.99,15.6,15.6,895300
24/8/2015,14.05,14.83,12.34,14.33,1182800
25/8/2015,14.78,15.11,14.6,14.6,458600
26/8/2015,15.19,15.52,15.03,15.47,640300
27/8/2015,15.65,16.19,15.65,15.98,857100
28/8/2015,15.98,16.5,15.92,16.49,549000
31/8/2015,16,16.4,16,16.28,348400
1/9/2015,15.55,16.08,15.55,15.74,680200
2/9/2015,15.7,16.1,15.7,16.06,283500
3/9/2015,15.9,15.96,15.57,15.58,269400
4/9/2015,15.2,15.63,15.19,15.49,200100
8/9/2015,15.72,16,15.72,15.99,178600
9/9/2015,16.15,16.31,15.78,15.89,269000
10/9/2015,15.88,16.14,15.84,16.04,167100
11/9/2015,16,16.04,15.77,15.92,107100
14/9/2015,15.69,15.74,15.37,15.55,310500
15/9/2015,15.28,15.79,15.28,15.56,399600
16/9/2015,15.85,15.92,15.77,15.85,143400
17/9/2015,15.57,16.08,15.57,15.84,324200
18/9/2015,15.7,15.84,15.6,15.65,223500
21/9/2015,15.8,16.08,15.76,16.02,314300
22/9/2015,15.85,15.89,15.78,15.82,60300
23/9/2015,15.9,15.91,15.56,15.71,294800
24/9/2015,15.68,15.9,15.66,15.86,183200
25/9/2015,15.75,16.06,15.63,15.65,160200
28/9/2015,15.56,15.57,15.29,15.34,559500
29/9/2015,15.3,15.54,15.25,15.45,850500
30/9/2015,15.6,15.89,15.45,15.48,124300
1/10/2015,15.45,15.59,15.45,15.49,175100
2/10/2015,15.5,15.85,15.5,15.82,86300
5/10/2015,16.13,16.36,16.09,16.34,604300
6/10/2015,16.54,16.89,16.54,16.89,584000
7/10/2015,16.9,17.31,16.88,17.31,1001500
8/10/2015,17.48,17.6,17.2,17.56,240800
9/10/2015,17.72,17.92,17.6,17.82,1006000
12/10/2015,17.97,17.98,17.53,17.63,163000
13/10/2015,17.47,17.5,17.1,17.14,257600
14/10/2015,17.15,17.24,17.06,17.19,169700
15/10/2015,17.29,17.48,17.28,17.48,171000
16/10/2015,17.49,17.59,17.4,17.47,117700
19/10/2015,17.38,17.45,17.22,17.36,546100
20/10/2015,17.07,17.19,17.06,17.06,182600
21/10/2015,17.06,17.09,16.81,16.83,462600
22/10/2015,17.29,17.52,17.16,17.4,292700
23/10/2015,17.55,17.6,17.35,17.43,424300
26/10/2015,17.47,17.47,17.22,17.35,250600
27/10/2015,17.08,17.19,16.96,16.97,184900
28/10/2015,17.02,17.17,16.94,16.98,164300
29/10/2015,16.98,17.17,16.94,17.1,158500
30/10/2015,17.24,17.24,16.95,16.96,239100
2/11/2015,17.01,17.19,16.94,17.05,114400
3/11/2015,17.38,17.49,17.25,17.4,187200
4/11/2015,17.38,17.49,17.32,17.32,167400
5/11/2015,17.46,17.49,17.35,17.35,125700
6/11/2015,17.05,17.21,17.03,17.15,115500
9/11/2015,17.11,17.2,16.87,16.88,135700
10/11/2015,16.74,16.86,16.55,16.57,240300
11/11/2015,16.59,16.7,16.42,16.49,273900
12/11/2015,16.34,16.65,16.26,16.32,162300
13/11/2015,16.25,16.46,16.24,16.3,408400
16/11/2015,16.48,16.61,16.4,16.52,421500
17/11/2015,16.74,16.74,16.52,16.53,262100
18/11/2015,16.41,16.51,16.36,16.48,296400
19/11/2015,16.5,16.55,16.39,16.39,399600
20/11/2015,16.45,16.57,16.42,16.45,289300
23/11/2015,16.47,16.5,16.34,16.38,268800
24/11/2015,16.24,16.26,16.13,16.19,348500
25/11/2015,16.15,16.35,16.15,16.22,485800
27/11/2015,15.94,16.2,15.72,15.75,538500
30/11/2015,15.77,15.9,15.52,15.56,336300
1/12/2015,15.57,15.72,15.52,15.58,450200
2/12/2015,15.51,15.65,15.39,15.42,255000
3/12/2015,15.61,15.62,15.38,15.43,320000
4/12/2015,15.35,15.68,15.35,15.68,596700
7/12/2015,15.38,15.42,15.11,15.22,505400
8/12/2015,15.23,15.42,15.17,15.39,644700
9/12/2015,15.16,15.16,14.93,15.08,439100
10/12/2015,15.07,15.15,15.02,15.1,229100
11/12/2015,15.02,15.07,14.81,14.87,277100
14/12/2015,14.78,14.8,14.62,14.74,244500
15/12/2015,14.94,15.06,14.89,14.98,475700
16/12/2015,15,15.11,14.85,15.04,308200
17/12/2015,15.11,15.12,14.91,14.91,198200
18/12/2015,14.79,14.93,14.61,14.75,732600
21/12/2015,14.44,14.48,14.18,14.31,425100
22/12/2015,14.24,14.42,14.14,14.29,416800
23/12/2015,14.34,14.37,14.26,14.31,169100
24/12/2015,14.32,14.64,14.3,14.43,85200
28/12/2015,14.65,14.7,14.54,14.6,221200
29/12/2015,14.76,14.91,14.72,14.84,295300
30/12/2015,14.88,14.91,14.74,14.77,317500
31/12/2015,14.8,14.8,14.7,14.79,80700
4/1/2016,14.62,14.97,14.55,14.97,834400
5/1/2016,14.88,15.04,14.8,15,1132600
6/1/2016,14.92,14.92,14.67,14.67,604500
7/1/2016,14.42,14.43,14.25,14.34,764600
8/1/2016,14.34,14.42,13.94,13.97,471100
11/1/2016,14.18,14.22,13.9,14.03,623700
12/1/2016,14.17,14.2,13.9,14.05,432600
13/1/2016,14.09,14.1,13.59,13.61,592400
14/1/2016,13.52,13.71,13.37,13.61,625100
15/1/2016,13.18,13.34,12.83,12.92,540500
19/1/2016,13.11,13.18,13.01,13.03,314400
20/1/2016,12.8,12.87,12.39,12.67,1194000
21/1/2016,12.7,12.87,12.54,12.81,430500
22/1/2016,12.9,13.1,12.82,12.97,417600
25/1/2016,13.19,13.58,13.19,13.4,257800
26/1/2016,13.43,13.54,13.2,13.43,186500
27/1/2016,13.54,13.67,13.36,13.45,94300
28/1/2016,13.45,13.58,13.42,13.57,52800
29/1/2016,13.76,13.96,13.7,13.96,253000
1/2/2016,13.77,13.81,13.66,13.71,353500
2/2/2016,13.53,13.53,13.26,13.27,510000
3/2/2016,13.51,13.69,13.33,13.67,395800
4/2/2016,13.68,13.81,13.52,13.64,162300
5/2/2016,13.76,13.83,13.56,13.58,69000
8/2/2016,13.56,13.56,13.31,13.39,125100
9/2/2016,13.27,13.44,13.15,13.37,332600
10/2/2016,13.47,13.69,13.18,13.21,542900
11/2/2016,13.08,13.11,12.92,13.08,212800
12/2/2016,13.16,13.35,13.15,13.29,118600
16/2/2016,13.69,13.88,13.56,13.86,261100
17/2/2016,13.8,13.87,13.65,13.85,224100
18/2/2016,13.93,14,13.85,13.93,149000
19/2/2016,13.85,13.94,13.76,13.88,82800
22/2/2016,14.08,14.35,14.05,14.32,475900
23/2/2016,14.32,14.34,14.1,14.25,385000
24/2/2016,14.14,14.34,14.1,14.25,126100
25/2/2016,14.13,14.15,13.95,14.09,175200
26/2/2016,14.17,14.19,14.01,14.06,124000
29/2/2016,14.06,14.12,13.95,13.96,162100
1/3/2016,13.97,14.21,13.97,14.14,269200
2/3/2016,14.11,14.25,14.06,14.25,192400
3/3/2016,14.25,14.51,14.25,14.46,167100
4/3/2016,14.5,14.6,14.39,14.59,205400
7/3/2016,14.68,14.75,14.5,14.75,299900
8/3/2016,14.72,14.72,14.45,14.47,236300
9/3/2016,14.44,14.54,14.44,14.48,104800
10/3/2016,14.53,14.57,14.44,14.5,219200
11/3/2016,14.5,14.51,14.4,14.48,192200
14/3/2016,14.4,14.52,14.2,14.2,215000
15/3/2016,14.11,14.14,13.99,14.06,334600
16/3/2016,14.07,14.3,14.04,14.3,131400
17/3/2016,14.38,14.38,14.2,14.23,198500
18/3/2016,14.16,14.24,14.12,14.17,194000
21/3/2016,14.12,14.24,14.02,14.19,430200
22/3/2016,14.17,14.19,14.03,14.08,92300
23/3/2016,14.06,14.08,13.92,13.96,177800
24/3/2016,13.85,13.95,13.81,13.95,93200
28/3/2016,14.01,14.1,13.99,14.07,55500
29/3/2016,13.88,14.19,13.82,14.17,170800
30/3/2016,14.12,14.2,14.04,14.04,85300
31/3/2016,14.05,14.05,13.97,14,76400
1/4/2016,13.81,13.85,13.72,13.83,186800
4/4/2016,13.85,13.9,13.63,13.72,139800
5/4/2016,13.75,13.75,13.69,13.7,83700
6/4/2016,13.77,13.99,13.77,13.96,540700
7/4/2016,13.85,13.95,13.79,13.81,127900
8/4/2016,13.9,14,13.8,13.87,158600
11/4/2016,14.04,14.19,14.02,14.08,135500
12/4/2016,14.12,14.35,14.12,14.32,223500
13/4/2016,14.24,14.33,14.15,14.25,168500
14/4/2016,14.3,14.35,14.26,14.34,242600
15/4/2016,14.27,14.31,14.19,14.23,85300
18/4/2016,14.17,14.23,14.03,14.1,546700
19/4/2016,13.95,14.03,13.87,14.02,300300
20/4/2016,13.98,14.15,13.93,14.02,263800
21/4/2016,14.15,14.21,13.92,13.98,221500
22/4/2016,14.26,14.39,14.26,14.37,268300
25/4/2016,14.38,14.44,14.33,14.42,177500
26/4/2016,14.43,14.81,14.43,14.64,275300
27/4/2016,14.51,14.63,14.5,14.59,201900
28/4/2016,14.49,14.53,14.37,14.4,166100
29/4/2016,14.44,14.53,14.39,14.42,101600
2/5/2016,14.44,14.61,14.42,14.54,331400
3/5/2016,14.47,14.56,14.35,14.5,165500
4/5/2016,14.42,14.5,14.12,14.12,495600
5/5/2016,14.34,14.43,14.2,14.28,244800
6/5/2016,14.39,14.5,14.28,14.45,161900
9/5/2016,14.38,14.38,14.04,14.06,441300
10/5/2016,14,14.2,14,14.12,287100
11/5/2016,14.4,14.4,14.18,14.18,147600
12/5/2016,14.34,14.43,14.22,14.27,320800
13/5/2016,14.23,14.3,14.15,14.23,146900
16/5/2016,14.31,14.48,14.31,14.48,307200
17/5/2016,14.67,14.76,14.48,14.69,705500
18/5/2016,14.69,14.75,14.58,14.65,547400
19/5/2016,14.53,14.63,14.36,14.44,644500
20/5/2016,14.4,14.51,14.36,14.45,122900
23/5/2016,14.43,14.45,14.36,14.36,108500
24/5/2016,14.39,14.48,14.37,14.4,229600
25/5/2016,14.35,14.48,14.24,14.45,466800
26/5/2016,14.25,14.29,14.12,14.18,117900
27/5/2016,14.15,14.29,14.05,14.05,332200
31/5/2016,14.21,14.46,14.21,14.4,162800
1/6/2016,14.47,14.48,14.3,14.42,112900
2/6/2016,14.42,14.55,14.41,14.49,159400
3/6/2016,14.49,14.78,14.47,14.76,588700
6/6/2016,14.78,14.83,14.67,14.71,338100
7/6/2016,14.9,14.99,14.84,14.86,294400
8/6/2016,15,15.16,15,15.1,476200
9/6/2016,15.03,15.1,15,15.03,307100
10/6/2016,15.02,15.02,14.82,14.82,245500
13/6/2016,14.7,14.76,14.51,14.61,409900
14/6/2016,14.61,14.82,14.51,14.61,433000
15/6/2016,14.74,14.77,14.62,14.62,521900
16/6/2016,14.64,14.68,14.54,14.62,437900
17/6/2016,14.5,14.5,14.35,14.41,175600
20/6/2016,14.66,14.74,14.6,14.61,102500
21/6/2016,14.62,14.67,14.55,14.63,97700
22/6/2016,14.78,14.79,14.67,14.72,100500
23/6/2016,15,15,14.76,14.88,191600
24/6/2016,14.23,14.42,14.11,14.19,476700
27/6/2016,14.17,14.38,13.92,13.98,185200
28/6/2016,14.27,14.37,14.22,14.34,128000
29/6/2016,14.52,14.61,14.5,14.59,119800
30/6/2016,14.55,14.63,14.5,14.62,93800
1/7/2016,14.65,14.73,14.52,14.65,97500
5/7/2016,14.72,14.79,14.68,14.72,279300
6/7/2016,14.62,14.75,14.62,14.72,330500
7/7/2016,14.98,15.28,14.8,14.92,206500
8/7/2016,14.98,15.17,14.93,15.1,272600
11/7/2016,15,15.07,14.82,14.82,190900
12/7/2016,15.02,15.12,14.91,15.11,343300
13/7/2016,15.43,15.72,15.35,15.45,431700
14/7/2016,15.4,15.4,15.3,15.32,315900
15/7/2016,15.43,15.43,15.21,15.24,172800
18/7/2016,15.49,15.65,15.39,15.52,182900
19/7/2016,15.37,15.53,15.3,15.33,103100
20/7/2016,15.2,15.2,15.02,15.1,149600
21/7/2016,15.06,15.15,15.01,15.02,143100
22/7/2016,14.98,15,14.85,14.9,117700
25/7/2016,14.9,14.92,14.75,14.79,245700
26/7/2016,14.79,14.86,14.75,14.82,145400
27/7/2016,15,15.01,14.89,14.98,209900
28/7/2016,15,15.18,14.98,15.04,186200
29/7/2016,14.99,15.19,14.87,15.19,180600
1/8/2016,15.1,15.17,14.87,14.87,282500
2/8/2016,14.69,14.73,14.55,14.57,132400
3/8/2016,14.57,14.62,14.44,14.62,400500
4/8/2016,14.55,14.55,14.42,14.48,99300
5/8/2016,14.42,14.49,14.36,14.4,250800
8/8/2016,14.47,14.47,14.35,14.42,394800
9/8/2016,14.62,14.67,14.56,14.62,149700
10/8/2016,14.84,14.93,14.81,14.86,139200
11/8/2016,15,15.35,15,15.3,530400
12/8/2016,15.19,15.19,15.07,15.1,495000
15/8/2016,15.26,15.37,15.23,15.35,244600
16/8/2016,15.3,15.3,15.21,15.25,100400
17/8/2016,15.21,15.24,15.1,15.24,160900
18/8/2016,15.21,15.35,15.14,15.34,130200
19/8/2016,15.3,15.36,15.24,15.35,203100
22/8/2016,15.14,15.26,15.11,15.15,113500
23/8/2016,15.2,15.3,15.18,15.26,98100
24/8/2016,15.18,15.25,15.09,15.11,136900
25/8/2016,15.12,15.27,15.02,15.02,288800
26/8/2016,15.28,15.31,15.15,15.21,130900
29/8/2016,15.14,15.26,14.91,15.23,143000
30/8/2016,15.13,15.23,15.06,15.18,220000
31/8/2016,15.12,15.27,15.12,15.18,87800
1/9/2016,15.09,15.09,14.85,14.91,624900
2/9/2016,15.13,15.13,14.92,14.96,230700
6/9/2016,14.97,14.97,14.61,14.63,852900
7/9/2016,14.76,14.77,14.66,14.69,202000
8/9/2016,14.69,14.76,14.68,14.75,179300
9/9/2016,14.66,14.66,14.51,14.56,272600
12/9/2016,14.49,14.8,14.43,14.78,124600
13/9/2016,14.75,14.77,14.33,14.37,367300
14/9/2016,14.37,14.54,14.34,14.35,359700
15/9/2016,14.41,14.43,14.31,14.4,101900
16/9/2016,14.26,14.28,14.03,14.13,413700
19/9/2016,14.28,14.58,14.28,14.48,197700
20/9/2016,14.66,14.75,14.64,14.75,128400
21/9/2016,14.76,15,14.76,14.97,347400
22/9/2016,15,15.11,14.98,15.01,285000
23/9/2016,14.96,15,14.83,14.87,123700
26/9/2016,14.96,14.99,14.86,14.9,148100
27/9/2016,15,15.1,14.93,15.09,108500
28/9/2016,15.05,15.2,15.05,15.2,112600
29/9/2016,15.07,15.2,15.01,15.03,152800
30/9/2016,15.02,15.16,15.02,15.1,171500
3/10/2016,15.05,15.05,14.92,14.92,148100
4/10/2016,14.93,15,14.81,14.87,256300
5/10/2016,15,15.12,14.97,15.09,223700
6/10/2016,14.98,15.06,14.95,15.01,82200
7/10/2016,14.98,15,14.92,14.96,52300
10/10/2016,14.93,14.96,14.89,14.9,127800
11/10/2016,14.89,14.93,14.78,14.79,154000
12/10/2016,14.83,14.93,14.76,14.78,125300
13/10/2016,14.76,14.81,14.68,14.78,297100
14/10/2016,14.78,14.88,14.77,14.81,35200
17/10/2016,14.79,14.81,14.62,14.62,75000
18/10/2016,14.87,14.87,14.68,14.75,130000
19/10/2016,14.96,14.97,14.81,14.91,46500
20/10/2016,14.85,14.89,14.76,14.85,121300
21/10/2016,14.76,14.82,14.7,14.75,50100
24/10/2016,14.6,14.7,14.54,14.54,111000
25/10/2016,14.5,14.5,14.41,14.43,109700
26/10/2016,14.45,14.45,14.3,14.39,106300
27/10/2016,14.56,14.59,14.47,14.53,124400
28/10/2016,14.55,14.62,14.5,14.52,75900
31/10/2016,14.35,14.41,14.3,14.33,88200
1/11/2016,14.33,14.33,14.11,14.18,75900
2/11/2016,14.14,14.2,14,14,164200
3/11/2016,14.14,14.14,13.95,13.95,75300
4/11/2016,14.09,14.09,13.95,14.04,177000
7/11/2016,14.17,14.28,14.14,14.18,92000
8/11/2016,14.13,14.23,14.11,14.21,73200
9/11/2016,14.04,14.18,13.99,14.03,166900
10/11/2016,14.12,14.12,13.56,13.59,672000
11/11/2016,13.61,13.74,13.61,13.68,200300
14/11/2016,13.6,13.74,13.55,13.61,183300
15/11/2016,13.7,13.79,13.63,13.68,355800
16/11/2016,13.64,13.89,13.64,13.73,298200
17/11/2016,13.71,14,13.69,13.85,295800
18/11/2016,13.84,13.85,13.61,13.72,104600
21/11/2016,13.89,13.89,13.73,13.77,73900
22/11/2016,13.84,13.94,13.75,13.79,222000
23/11/2016,13.72,13.78,13.65,13.75,66500
25/11/2016,13.6,13.66,13.4,13.43,557300
28/11/2016,13.41,13.47,13.19,13.23,259000
29/11/2016,13.18,13.35,13.18,13.31,295400
30/11/2016,13.26,13.4,13.26,13.38,132700
1/12/2016,13.44,13.44,13.23,13.3,192000
2/12/2016,13.27,13.35,13.25,13.29,293200
5/12/2016,13.27,13.37,13.21,13.31,187400
6/12/2016,13.17,13.24,13.12,13.18,171500
7/12/2016,13.16,13.43,13.15,13.37,289900
8/12/2016,13.36,13.49,13.31,13.44,154600
9/12/2016,13.44,13.49,13.4,13.49,222400
12/12/2016,13.4,13.41,13.2,13.3,191900
13/12/2016,13.25,13.25,13.07,13.11,243200
14/12/2016,13.21,13.28,13.04,13.06,401200
15/12/2016,13.12,13.2,12.98,13.05,225000
16/12/2016,13.16,13.19,13.06,13.08,173700
19/12/2016,12.89,12.95,12.88,12.91,145200
20/12/2016,12.87,12.87,12.55,12.59,651600
21/12/2016,12.71,12.77,12.5,12.56,406100
22/12/2016,12.61,12.63,12.51,12.55,231500
23/12/2016,12.58,12.76,12.56,12.76,211100
27/12/2016,12.72,12.79,12.67,12.74,198700
28/12/2016,12.73,12.8,12.69,12.8,164100
29/12/2016,12.59,13.08,12.59,13.08,321100
30/12/2016,13.08,13.13,13,13.04,159300
3/1/2017,13.19,13.32,13.17,13.26,299500
4/1/2017,13.35,13.43,13.29,13.38,159600
5/1/2017,13.38,13.6,13.37,13.6,430000
6/1/2017,13.6,13.6,13.44,13.47,348700
9/1/2017,13.43,13.49,13.31,13.32,231000
10/1/2017,13.33,13.44,13.33,13.38,123300
11/1/2017,13.43,13.57,13.42,13.53,155100
12/1/2017,13.48,13.56,13.46,13.52,159300
13/1/2017,13.56,13.58,13.49,13.51,170500
17/1/2017,13.43,13.46,13.37,13.38,192300
18/1/2017,13.44,13.46,13.38,13.42,208200
19/1/2017,13.23,13.31,13.18,13.21,164000
20/1/2017,13.26,13.33,13.23,13.3,144800
23/1/2017,13.4,13.52,13.32,13.5,178800
24/1/2017,13.5,13.76,13.49,13.71,351000
25/1/2017,13.62,13.81,13.62,13.8,265400
26/1/2017,13.55,13.72,13.55,13.63,176900
27/1/2017,13.61,13.68,13.43,13.63,95300
30/1/2017,13.52,13.61,13.51,13.6,86800
31/1/2017,13.56,13.59,13.51,13.56,106000
1/2/2017,13.6,13.72,13.6,13.72,125100
2/2/2017,13.74,13.76,13.61,13.67,134600
3/2/2017,13.74,13.74,13.64,13.67,200700
6/2/2017,13.73,13.73,13.63,13.66,155600
7/2/2017,13.73,13.79,13.64,13.69,187100
8/2/2017,13.71,13.74,13.69,13.71,168800
9/2/2017,13.71,13.72,13.69,13.72,161400
10/2/2017,13.73,13.75,13.7,13.72,202300
13/2/2017,13.84,14.05,13.84,14.03,289700
14/2/2017,13.95,14.03,13.9,14.01,269200
15/2/2017,14.01,14.09,14.01,14.09,169700
16/2/2017,14.03,14.03,13.87,13.9,258900
17/2/2017,13.87,13.92,13.8,13.9,194200
21/2/2017,13.97,14,13.93,13.94,209800
22/2/2017,13.92,13.92,13.82,13.86,196600
23/2/2017,13.83,13.89,13.77,13.77,189000
24/2/2017,13.76,13.76,13.7,13.71,106000
27/2/2017,13.75,13.82,13.73,13.79,59500
28/2/2017,13.72,13.79,13.5,13.51,271600
1/3/2017,13.6,13.67,13.52,13.6,184400
2/3/2017,13.54,13.54,13.37,13.37,127400
3/3/2017,13.45,13.47,13.37,13.42,78800
6/3/2017,13.5,13.5,13.42,13.45,141300
7/3/2017,13.44,13.44,13.32,13.4,162900
8/3/2017,13.46,13.47,13.28,13.31,558000
9/3/2017,13.33,13.48,13.3,13.37,215500
10/3/2017,13.42,13.53,13.4,13.47,112000
13/3/2017,13.46,13.46,13.35,13.42,305800
14/3/2017,13.44,13.45,13.37,13.42,96300
15/3/2017,13.41,13.5,13.37,13.5,153800
16/3/2017,13.61,13.68,13.54,13.58,86600
17/3/2017,13.63,13.71,13.61,13.68,147100
20/3/2017,13.75,13.8,13.7,13.74,170600
21/3/2017,13.83,13.84,13.64,13.72,296800
22/3/2017,13.75,13.86,13.67,13.76,174300
23/3/2017,13.88,13.95,13.86,13.93,141800
24/3/2017,14,14,13.9,13.94,118600
27/3/2017,13.9,14,13.84,13.97,295300
28/3/2017,13.84,14.04,13.84,14.03,236800
29/3/2017,14,14,13.91,13.92,106600
30/3/2017,13.99,14.07,13.94,13.99,146800
31/3/2017,13.98,14.04,13.95,14.02,178100
3/4/2017,14.1,14.12,13.98,14.02,56400
4/4/2017,14.12,14.2,14.05,14.16,121200
5/4/2017,14.05,14.16,13.98,14,101400
6/4/2017,14,14.02,13.96,13.96,46100
7/4/2017,14.08,14.18,14.05,14.16,157300
10/4/2017,14.16,14.17,14.13,14.14,93700
11/4/2017,14.18,14.18,14.1,14.17,46900
12/4/2017,14.03,14.12,13.9,14.08,98400
13/4/2017,14.08,14.11,14.03,14.05,84300
17/4/2017,13.91,14,13.76,13.77,238000
18/4/2017,13.86,13.92,13.8,13.83,130200
19/4/2017,14,14.05,13.87,13.89,103100
20/4/2017,13.9,13.9,13.77,13.82,400000
21/4/2017,13.8,13.87,13.77,13.83,180600
24/4/2017,13.81,13.87,13.78,13.81,187400
25/4/2017,13.9,13.92,13.75,13.8,254200
26/4/2017,13.81,13.94,13.8,13.91,224500
27/4/2017,14.05,14.05,13.86,13.96,208500
28/4/2017,13.9,14.09,13.9,14.04,157100
1/5/2017,14.1,14.13,14.03,14.11,94600
2/5/2017,14.11,14.13,14.06,14.11,66800
3/5/2017,14.08,14.08,13.91,14.04,118000
4/5/2017,14.06,14.06,13.94,13.95,70900
5/5/2017,13.9,14.06,13.82,14.03,293000
8/5/2017,14,14.03,13.93,13.99,76200
9/5/2017,14.09,14.09,14,14.03,269800
10/5/2017,14.03,14.09,13.98,14,213600
11/5/2017,14,14.01,13.94,13.99,102700
12/5/2017,14,14.09,13.93,13.98,74800
15/5/2017,14.03,14.14,14,14.1,137200
16/5/2017,14.09,14.1,14.04,14.05,121700
17/5/2017,14.06,14.07,13.95,13.97,117100
18/5/2017,13.97,13.97,13.76,13.85,98700
19/5/2017,13.98,14.08,13.98,14.05,100700
22/5/2017,14.15,14.19,14.01,14.04,447800
23/5/2017,14.07,14.09,14.01,14.03,64800
24/5/2017,14.06,14.24,14.06,14.22,143800
25/5/2017,14.09,14.37,14.09,14.35,295300
26/5/2017,14.36,14.45,14.28,14.35,178800
30/5/2017,14.34,14.51,14.32,14.44,180100
31/5/2017,14.46,14.49,14.41,14.44,237900
1/6/2017,14.46,14.6,14.4,14.6,285000
2/6/2017,14.58,14.63,14.57,14.61,192000
5/6/2017,14.61,14.65,14.51,14.56,132500
6/6/2017,14.56,14.68,14.52,14.65,267200
7/6/2017,14.66,14.7,14.63,14.64,135700
8/6/2017,14.63,14.66,14.56,14.63,96400
9/6/2017,14.6,14.63,14.46,14.52,149100
12/6/2017,14.52,14.52,14.38,14.42,78800
13/6/2017,14.42,14.58,14.42,14.52,107200
14/6/2017,14.6,14.67,14.57,14.57,120000
15/6/2017,14.52,14.53,14.42,14.52,131400
16/6/2017,14.59,14.68,14.53,14.68,51100
19/6/2017,14.76,14.91,14.76,14.91,297100
20/6/2017,14.87,14.87,14.68,14.76,478200
21/6/2017,14.76,14.76,14.7,14.73,209900
22/6/2017,14.68,14.83,14.62,14.77,138600
23/6/2017,14.71,14.83,14.69,14.79,114300
26/6/2017,14.87,14.95,14.8,14.93,272300
27/6/2017,14.8,14.8,14.67,14.72,147600
28/6/2017,14.63,14.82,14.63,14.82,112400
29/6/2017,14.86,14.86,14.68,14.72,132900
30/6/2017,14.81,14.95,14.81,14.93,76900
3/7/2017,14.95,15.2,14.95,15.19,248700
5/7/2017,15.06,15.18,15.05,15.13,160300
6/7/2017,15.15,15.16,15.07,15.1,116300
7/7/2017,14.86,14.95,14.84,14.89,116000
10/7/2017,14.75,14.8,14.58,14.6,293000
11/7/2017,14.58,14.7,14.56,14.67,171600
12/7/2017,14.71,14.86,14.71,14.8,325700
13/7/2017,14.8,14.8,14.69,14.74,231200
14/7/2017,14.82,14.88,14.79,14.87,88900
17/7/2017,14.64,14.67,14.53,14.54,94200
18/7/2017,14.63,14.63,14.54,14.56,77500
19/7/2017,14.64,14.73,14.6,14.65,74300
20/7/2017,14.66,14.66,14.55,14.58,94500
21/7/2017,14.58,14.62,14.53,14.6,138500
24/7/2017,14.67,14.67,14.52,14.54,248600
25/7/2017,14.71,14.87,14.65,14.68,120100
26/7/2017,14.76,14.82,14.76,14.79,70800
27/7/2017,14.85,14.9,14.63,14.68,103100
28/7/2017,14.84,14.84,14.67,14.73,91800
31/7/2017,14.82,14.84,14.68,14.78,461000
1/8/2017,14.78,14.82,14.78,14.78,121900
2/8/2017,14.8,14.81,14.71,14.74,188100
3/8/2017,14.79,14.79,14.68,14.7,88900
4/8/2017,14.75,14.79,14.69,14.75,92700
7/8/2017,14.71,14.82,14.71,14.8,71000
8/8/2017,14.78,14.8,14.6,14.66,130100
9/8/2017,14.58,14.58,14.45,14.51,146700
10/8/2017,14.4,14.47,14.1,14.14,348000
11/8/2017,14.31,14.36,14.26,14.32,186500
14/8/2017,14.4,14.45,14.3,14.35,108600
15/8/2017,14.32,14.35,14.29,14.34,35500
16/8/2017,14.41,14.43,14.3,14.36,33300
17/8/2017,14.34,14.34,14.11,14.11,89700
18/8/2017,14.19,14.23,14.07,14.19,118000
21/8/2017,14.23,14.23,14.09,14.15,49400
22/8/2017,14.1,14.13,14.03,14.07,128100
23/8/2017,14.07,14.23,14.07,14.16,98200
24/8/2017,14.25,14.28,14.22,14.25,47100
25/8/2017,14.29,14.47,14.29,14.41,67800
28/8/2017,14.48,14.58,14.41,14.49,47700
29/8/2017,14.45,14.53,14.41,14.5,59300
30/8/2017,14.54,14.67,14.53,14.55,22400
31/8/2017,14.61,14.69,14.59,14.68,46800
1/9/2017,14.73,14.74,14.57,14.65,185200
5/9/2017,14.67,14.7,14.55,14.65,130600
6/9/2017,14.65,14.75,14.6,14.75,44200
7/9/2017,14.75,14.85,14.71,14.82,56100
8/9/2017,14.85,14.9,14.82,14.83,37900
11/9/2017,14.83,14.83,14.69,14.76,79800
12/9/2017,14.74,14.8,14.72,14.8,51000
13/9/2017,14.82,14.84,14.76,14.79,71300
14/9/2017,14.88,14.95,14.86,14.9,96900
15/9/2017,14.9,15,14.84,14.97,110800
18/9/2017,14.99,15.03,14.92,15,135200
19/9/2017,15,15.07,14.93,15.03,107000
20/9/2017,14.88,15,14.83,14.92,94100
21/9/2017,14.82,14.99,14.82,14.97,196100
22/9/2017,14.85,14.96,14.83,14.9,104200
25/9/2017,14.88,14.9,14.7,14.72,170900
26/9/2017,14.84,14.85,14.74,14.8,65100
27/9/2017,14.8,14.93,14.8,14.87,117600
28/9/2017,14.81,14.93,14.81,14.88,57500
29/9/2017,14.97,14.98,14.88,14.91,18400
2/10/2017,14.9,14.9,14.81,14.83,90000
3/10/2017,14.84,14.91,14.83,14.89,34100
4/10/2017,14.94,14.95,14.85,14.85,83300
5/10/2017,14.89,15,14.89,15,65400
6/10/2017,14.92,15,14.87,14.97,62400
9/10/2017,14.99,15.09,14.93,15.06,93500
10/10/2017,15.12,15.15,15,15.15,119800
11/10/2017,15.16,15.19,15.08,15.18,99600
12/10/2017,15.18,15.19,15.13,15.19,59600
13/10/2017,15.21,15.3,15.19,15.3,151000
16/10/2017,15.3,15.34,15.26,15.33,127400
17/10/2017,15.37,15.41,15.21,15.23,132200
18/10/2017,15.28,15.45,15.28,15.42,197500
19/10/2017,15.41,15.5,15.36,15.49,169400
20/10/2017,15.49,15.5,15.4,15.46,122400
23/10/2017,15.45,15.49,15.37,15.39,66300
24/10/2017,15.42,15.59,15.42,15.56,190100
25/10/2017,15.6,15.63,15.51,15.6,118800
26/10/2017,15.6,15.79,15.6,15.71,173300
27/10/2017,15.8,16,15.79,16,269800
30/10/2017,15.8,16.13,15.8,16.09,247100
31/10/2017,16,16.08,15.88,16.02,375800
1/11/2017,16.02,16.42,16,16.36,409000
2/11/2017,16.09,16.22,16,16.07,129300
3/11/2017,16.08,16.29,16.08,16.16,203600
6/11/2017,16.14,16.28,16.11,16.14,117300
7/11/2017,16.18,16.24,16.05,16.11,89400
8/11/2017,16.12,16.35,16.11,16.35,172900
9/11/2017,16.13,16.18,15.89,16.02,287400
10/11/2017,16.1,16.22,16.03,16.14,249100
13/11/2017,16.24,16.37,16.18,16.34,403600
14/11/2017,16.31,16.45,16.28,16.36,266900
15/11/2017,16.34,16.38,16.1,16.32,345600
16/11/2017,16.48,16.81,16.48,16.78,455500
17/11/2017,16.73,16.78,16.7,16.75,162800
20/11/2017,16.87,16.99,16.86,16.98,304900
21/11/2017,17.01,17.1,16.82,16.86,528300
22/11/2017,17,17,16.82,16.86,193300
24/11/2017,16.97,17.04,16.88,16.95,93200
27/11/2017,16.99,17.08,16.95,16.95,317600
28/11/2017,17.02,17.07,16.98,17,193400
29/11/2017,17.05,17.06,16.9,16.98,182400
30/11/2017,16.98,17.05,16.9,16.94,156800
1/12/2017,17.1,17.1,16.58,16.77,443500
4/12/2017,17.12,17.47,17.1,17.15,205300
5/12/2017,16.99,17.05,16.84,16.86,189500
6/12/2017,16.59,16.79,16.5,16.69,337300
7/12/2017,16.53,16.68,16.52,16.6,135900
8/12/2017,16.74,16.74,16.6,16.69,137000
11/12/2017,16.57,16.58,16.4,16.5,245600
12/12/2017,16.47,16.47,16.33,16.36,173700
13/12/2017,16.37,16.62,16.36,16.6,122400
14/12/2017,16.69,16.82,16.61,16.81,130100
15/12/2017,16.82,17,16.69,16.75,108000
18/12/2017,16.82,16.93,16.81,16.9,160000
19/12/2017,16.9,16.9,16.75,16.81,115400
20/12/2017,17.05,17.11,16.92,17.06,136600
21/12/2017,17.09,17.09,16.93,16.94,140000
22/12/2017,16.94,17.05,16.8,17.02,156900
26/12/2017,17.05,17.1,16.97,17.03,94200
27/12/2017,17.11,17.3,17.04,17.26,150100
28/12/2017,17.44,17.67,17.31,17.64,305500
29/12/2017,17.77,18,17.76,17.88,457900
2/1/2018,17.95,18,17.83,18,346100
3/1/2018,18.02,18.34,18.02,18.3,415000
4/1/2018,18.36,18.52,18.33,18.51,644900
5/1/2018,18.45,18.52,18.38,18.49,322200
8/1/2018,18.64,18.8,18.64,18.77,417500
9/1/2018,18.89,18.95,18.79,18.81,522000
10/1/2018,18.81,18.88,18.37,18.42,489600
11/1/2018,18.64,18.99,18.64,18.98,815300
12/1/2018,19,19.11,18.81,19.1,368600
16/1/2018,19.23,19.36,19.1,19.11,455400
17/1/2018,19.06,19.07,18.81,18.93,515300
18/1/2018,19.04,19.1,18.7,18.73,490100
19/1/2018,19.1,19.1,18.91,18.94,329300
22/1/2018,19.29,19.44,19.17,19.41,519200
23/1/2018,19.5,19.65,19.42,19.61,540000
24/1/2018,19.61,19.67,19.33,19.38,615100
25/1/2018,19.58,19.61,19.48,19.58,302100
26/1/2018,19.7,19.88,19.62,19.88,457200
29/1/2018,19.71,19.78,19.68,19.73,552600
30/1/2018,19.43,19.51,19.27,19.27,444700
31/1/2018,19.34,19.68,19.32,19.67,560400
1/2/2018,19.48,19.58,19.15,19.49,584500
2/2/2018,19.49,19.49,18.55,18.56,1025000
5/2/2018,18.14,18.24,17.26,17.52,1126100
6/2/2018,17.12,18.13,17.01,18.04,791300
7/2/2018,18.05,18.2,17.61,17.61,638100
8/2/2018,17.72,17.89,17.05,17.08,464000
9/2/2018,17.2,17.35,16.56,17.28,1291000
12/2/2018,17.66,17.88,17.4,17.55,488700
13/2/2018,17.63,18.02,17.57,17.95,348700
14/2/2018,17.95,18.61,17.93,18.61,478400
15/2/2018,18.67,18.97,18.56,18.95,371000
16/2/2018,18.8,19,18.65,18.9,225100
20/2/2018,18.65,19.03,18.53,18.88,764400
21/2/2018,18.9,19,18.64,18.64,274200
22/2/2018,18.83,18.94,18.64,18.75,207900
23/2/2018,18.88,19.14,18.8,19.12,362800
26/2/2018,19.12,19.27,19.11,19.24,339400
27/2/2018,19.2,19.2,18.71,18.74,358200
28/2/2018,18.8,18.99,18.63,18.68,322200
1/3/2018,18.73,18.74,18.23,18.32,726600
2/3/2018,18.33,18.58,18.33,18.49,589000
5/3/2018,18.27,18.7,18.23,18.65,466800
6/3/2018,18.92,18.92,18.5,18.66,147200
7/3/2018,18.46,18.59,18.38,18.56,293600
8/3/2018,18.64,18.85,18.62,18.81,245400
9/3/2018,18.88,19,18.82,19,231700
12/3/2018,18.92,18.95,18.8,18.9,331200
13/3/2018,19.03,19.14,18.94,18.99,276900
14/3/2018,19.11,19.17,18.97,19.02,234800
15/3/2018,19.1,19.1,18.8,18.83,215000
16/3/2018,18.89,19.11,18.84,19.07,222000
19/3/2018,19.07,19.23,19.05,19.16,540400
20/3/2018,19.24,19.38,19.14,19.38,313200
21/3/2018,19.42,19.72,19.42,19.69,338500
22/3/2018,19.42,19.64,19.09,19.12,486400
23/3/2018,18.99,19.13,18.5,18.61,452200
26/3/2018,19.03,19.55,19.03,19.53,444800
27/3/2018,19.65,19.65,19.11,19.25,764000
28/3/2018,19.4,19.56,19.26,19.44,324300
29/3/2018,19.44,19.56,19.33,19.56,339600
2/4/2018,19.65,19.84,19.4,19.53,352000
3/4/2018,19.77,20.27,19.63,20.25,727900
4/4/2018,19.91,20.5,19.79,20.39,511800
5/4/2018,20.32,20.36,20.12,20.27,272200
6/4/2018,20.38,20.4,20.01,20.02,320900
9/4/2018,20.25,20.32,20.08,20.17,283900
10/4/2018,20.12,20.31,20.06,20.17,381700
11/4/2018,19.74,19.88,19.5,19.54,431700
12/4/2018,19.59,19.78,19.54,19.74,210600
13/4/2018,19.71,19.75,19.56,19.61,131400
16/4/2018,19.61,19.66,19.51,19.59,164800
17/4/2018,19.61,19.7,19.5,19.61,284200
18/4/2018,19.49,19.49,19.26,19.29,267300
19/4/2018,18.94,18.94,18.46,18.49,499700
20/4/2018,18.84,18.89,18.59,18.62,226700
23/4/2018,18.43,18.44,18.14,18.21,569100
24/4/2018,18.29,18.4,17.98,18.06,516700
25/4/2018,18.12,18.22,17.9,18.09,355800
26/4/2018,18.01,18.12,17.86,17.86,311700
27/4/2018,18.01,18.15,17.91,17.96,156400
30/4/2018,18.13,18.13,17.88,17.88,336400
1/5/2018,17.86,17.97,17.59,17.71,599900
2/5/2018,17.76,17.91,17.38,17.39,346400
3/5/2018,17.47,17.58,17.36,17.47,552600
4/5/2018,17.52,17.7,17.45,17.64,122800
7/5/2018,17.89,18.05,17.89,17.95,505100
8/5/2018,17.99,18.05,17.93,18.03,206500
9/5/2018,18.03,18.09,17.88,17.94,273100
10/5/2018,17.85,17.9,17.76,17.87,180200
11/5/2018,17.94,17.95,17.85,17.85,109700
14/5/2018,18.2,18.28,18.12,18.15,292900
15/5/2018,18.2,18.2,18.03,18.06,182000
16/5/2018,17.88,17.88,17.64,17.86,296100
17/5/2018,17.66,17.73,17.37,17.43,353000
18/5/2018,17.45,17.55,17.43,17.52,133800
21/5/2018,17.34,17.44,17.09,17.16,315400
22/5/2018,16.75,17,16.45,16.49,1125800
23/5/2018,16.5,16.72,16.49,16.72,350700
24/5/2018,16.6,16.7,16.36,16.49,318800
25/5/2018,16.35,16.39,16.2,16.26,308000
29/5/2018,16.3,16.38,16,16.06,467800
30/5/2018,16.1,16.43,16.1,16.39,406100
31/5/2018,16.58,16.75,16.55,16.69,256200
1/6/2018,16.93,17.28,16.83,17.28,345900
4/6/2018,17.49,17.79,17.4,17.67,797100
5/6/2018,17.67,17.75,17.33,17.4,624100
6/6/2018,17.59,17.71,17.5,17.71,140500
7/6/2018,17.65,17.68,17.5,17.53,184100
8/6/2018,17.44,17.58,17.41,17.49,190200
11/6/2018,17.56,17.56,17.4,17.48,119200
12/6/2018,17.32,17.32,17.02,17.09,278600
13/6/2018,17.15,17.25,17.08,17.09,107200
14/6/2018,17.09,17.09,17,17.01,146000
15/6/2018,17,17.01,16.8,16.95,212000
18/6/2018,16.67,16.67,16.36,16.47,225500
19/6/2018,16,16.15,15.9,16.07,320600
20/6/2018,16.31,16.5,16.18,16.35,348300
21/6/2018,16.27,16.27,16.02,16.02,304300
22/6/2018,16.34,16.42,16.24,16.32,143600
25/6/2018,16.41,16.46,16.26,16.37,436400
26/6/2018,16.35,16.37,16.21,16.32,108300
27/6/2018,16.35,16.4,16.08,16.08,122100
28/6/2018,16,16.05,15.68,15.89,191300
29/6/2018,16.04,16.08,15.9,15.97,96900
2/7/2018,15.8,15.8,15.65,15.72,210300
3/7/2018,15.61,15.61,15.13,15.14,528600
5/7/2018,15.14,15.2,15.03,15.11,310500
6/7/2018,15.26,15.51,15.26,15.43,204800
9/7/2018,15.5,15.63,15.39,15.47,415100
10/7/2018,15.61,15.61,15.38,15.48,241300
11/7/2018,15.17,15.31,15.17,15.27,368400
12/7/2018,15.48,15.56,15.4,15.55,218700
13/7/2018,15.73,15.73,15.56,15.65,182800
16/7/2018,15.74,15.74,15.64,15.68,53400
17/7/2018,15.68,15.95,15.68,15.92,124500
18/7/2018,16.1,16.17,16.03,16.09,191500
19/7/2018,16.09,16.18,15.87,15.94,302400
20/7/2018,16,16.2,15.76,16,190900
23/7/2018,15.85,15.97,15.74,15.82,166000
24/7/2018,15.92,16.02,15.85,15.87,141500
25/7/2018,15.95,16.17,15.87,16.16,85400
26/7/2018,16.09,16.12,16.05,16.1,131500
27/7/2018,16.23,16.26,16.03,16.09,131400
30/7/2018,16.17,16.23,16.11,16.19,102000
31/7/2018,16.36,16.53,16.3,16.46,248000
1/8/2018,16.41,16.52,16.3,16.35,228700
2/8/2018,16.3,16.3,16.12,16.18,266200
3/8/2018,16.18,16.38,16.18,16.32,66300
6/8/2018,16.27,16.32,16.15,16.22,51300
7/8/2018,16.31,16.4,16.25,16.32,89800
8/8/2018,16.39,16.5,16.27,16.44,59500
9/8/2018,16.35,16.44,16.31,16.31,61200
10/8/2018,16.28,16.28,16.09,16.15,337400
13/8/2018,16.14,16.24,16.1,16.12,106300
14/8/2018,16.2,16.61,16.18,16.55,283400
15/8/2018,16.26,16.4,16,16.11,176600
16/8/2018,16.15,16.29,16.12,16.22,144500
17/8/2018,16.22,16.4,16.15,16.4,80100
20/8/2018,16.38,16.4,16.1,16.16,142400
21/8/2018,16.31,16.65,16.31,16.56,286900
22/8/2018,16.57,16.68,16.57,16.57,109700
23/8/2018,16.57,16.58,16.42,16.46,47700
24/8/2018,16.57,16.68,16.48,16.62,153300
27/8/2018,16.69,16.78,16.66,16.76,174500
28/8/2018,16.82,16.84,16.68,16.71,74900
29/8/2018,16.73,16.75,16.56,16.71,96500
30/8/2018,16.69,16.69,16.44,16.5,123300
31/8/2018,16.5,16.65,16.49,16.56,107600
4/9/2018,16.28,16.38,16.2,16.27,451500
5/9/2018,16.19,16.2,16.07,16.16,268200
6/9/2018,16.05,16.14,15.98,16.01,195300
7/9/2018,16,16.23,16,16.09,230500
10/9/2018,16.09,16.19,16.04,16.15,78100
11/9/2018,16.4,16.56,16.27,16.56,147200
12/9/2018,16.57,16.79,16.5,16.79,247000
13/9/2018,16.79,16.91,16.69,16.79,289900
14/9/2018,16.79,16.79,16.54,16.63,213400
17/9/2018,16.56,16.65,16.51,16.51,110900
18/9/2018,16.56,16.86,16.56,16.76,397600
19/9/2018,16.79,16.85,16.78,16.81,248900
20/9/2018,16.89,16.91,16.71,16.82,326300
21/9/2018,16.82,16.82,16.58,16.58,259300
24/9/2018,16.66,16.85,16.38,16.82,396400
25/9/2018,16.84,16.94,16.84,16.91,99800
26/9/2018,16.93,16.93,16.73,16.79,281900
27/9/2018,16.8,16.89,16.79,16.82,401300
28/9/2018,16.84,16.9,16.73,16.81,257300
1/10/2018,16.8,16.81,16.55,16.58,378400
2/10/2018,16.55,16.72,16.53,16.57,190000
3/10/2018,16.74,16.75,16.47,16.49,86900
4/10/2018,16.54,16.66,16.4,16.41,192500
5/10/2018,16.33,16.36,16.11,16.22,216300
8/10/2018,16.17,16.24,16.07,16.17,280600
9/10/2018,16.11,16.12,16.05,16.1,254200
10/10/2018,16.05,16.05,15.65,15.65,330900
11/10/2018,15.3,15.47,15.03,15.03,760600
12/10/2018,15.65,15.72,15.42,15.61,225100
15/10/2018,15.54,15.67,15.51,15.58,193800
16/10/2018,15.68,16,15.65,15.97,221200
17/10/2018,15.92,15.93,15.69,15.7,216200
18/10/2018,15.68,15.72,15.3,15.5,232800
19/10/2018,15.67,15.72,15.56,15.59,89100
22/10/2018,15.7,15.74,15.5,15.52,75400
23/10/2018,15.36,15.53,15.19,15.42,179900
24/10/2018,15.45,15.45,14.93,14.99,413400
25/10/2018,15.08,15.24,15,15.15,352900
26/10/2018,14.89,14.97,14.66,14.87,234300
29/10/2018,14.74,14.83,14.37,14.49,274300
30/10/2018,14.66,14.74,14.54,14.73,188500
31/10/2018,15.07,15.21,15.02,15.18,152100
1/11/2018,15.08,15.32,15.08,15.28,243000
2/11/2018,15.5,15.69,15.19,15.26,446500
5/11/2018,15.31,15.54,15.31,15.47,200100
6/11/2018,15.45,15.53,15.39,15.45,112000
7/11/2018,15.6,15.69,15.51,15.69,76000
8/11/2018,15.7,15.82,15.51,15.59,134700
9/11/2018,15.45,15.5,15.25,15.29,151500
12/11/2018,15.17,15.4,15.15,15.19,206800
13/11/2018,15.19,15.29,15.11,15.14,114700
14/11/2018,15.14,15.3,15.02,15.11,67500
15/11/2018,15.15,15.28,14.97,15.23,214600
16/11/2018,15.09,15.22,15.01,15.19,119300
19/11/2018,15.19,15.24,14.96,14.99,172900
20/11/2018,14.9,15.08,14.89,14.96,196700
21/11/2018,15.23,15.43,15.17,15.34,123300
23/11/2018,15.2,15.35,15.16,15.22,30200
26/11/2018,15.35,15.64,15.35,15.57,171700
27/11/2018,15.55,15.6,15.43,15.59,301900
28/11/2018,15.6,16.05,15.6,15.96,617100
29/11/2018,15.88,15.9,15.75,15.8,287000
30/11/2018,15.77,15.8,15.64,15.7,196400
3/12/2018,16.01,16.1,15.91,15.96,240600
4/12/2018,15.96,16.04,15.69,15.7,267100
6/12/2018,15.64,15.88,15.46,15.84,290400
7/12/2018,15.88,15.95,15.5,15.57,239900
10/12/2018,15.58,15.71,15.3,15.6,435400
11/12/2018,15.6,15.7,15.5,15.58,164500
12/12/2018,15.72,15.94,15.72,15.84,201800
13/12/2018,15.8,15.86,15.74,15.77,135700
14/12/2018,15.66,15.77,15.52,15.55,160400
17/12/2018,15.49,15.49,15.19,15.24,256800
18/12/2018,15.25,15.4,15.22,15.26,117800
19/12/2018,15.14,15.35,14.82,14.93,236300
20/12/2018,14.93,15.11,14.93,14.95,154700
21/12/2018,14.95,15.03,14.58,14.63,220500
24/12/2018,14.55,14.8,14.52,14.56,85000
26/12/2018,14.56,14.93,14.54,14.93,168900
27/12/2018,14.85,14.92,14.68,14.9,178800
28/12/2018,14.88,14.97,14.75,14.85,262800
31/12/2018,14.85,14.97,14.7,14.75,237500
2/1/2019,14.69,15.11,14.65,14.9,267900
3/1/2019,14.76,14.83,14.4,14.48,203300
4/1/2019,14.64,14.92,14.61,14.91,187600
7/1/2019,14.94,15.09,14.84,15.04,264400
8/1/2019,15.02,15.05,14.81,14.96,120900
9/1/2019,15.04,15.21,15.02,15.15,149100
10/1/2019,15.15,15.29,15.09,15.29,156800
11/1/2019,15.21,15.31,15.1,15.3,86100
14/1/2019,15.25,15.25,15.11,15.23,205900
15/1/2019,15.24,15.41,15.24,15.36,278000
16/1/2019,15.42,15.43,15.33,15.37,124000
17/1/2019,15.34,15.43,15.21,15.39,247800
18/1/2019,15.48,15.5,15.36,15.47,213900
22/1/2019,15.39,15.47,15.14,15.25,267400
23/1/2019,15.44,15.53,15.38,15.53,104500
24/1/2019,15.45,15.52,15.35,15.47,232800
25/1/2019,15.57,15.81,15.5,15.81,805200
28/1/2019,15.75,15.94,15.7,15.89,469700
29/1/2019,15.85,15.9,15.64,15.75,220000
30/1/2019,15.82,15.95,15.67,15.95,245200
31/1/2019,15.89,15.89,15.72,15.84,264000
1/2/2019,15.61,15.71,15.49,15.59,307500
4/2/2019,15.46,15.72,15.39,15.68,106300
5/2/2019,15.58,15.78,15.57,15.71,127400
6/2/2019,15.72,15.74,15.62,15.7,83200
7/2/2019,15.67,15.67,15.32,15.4,174800
8/2/2019,15.42,15.49,15.35,15.49,133600
11/2/2019,15.74,15.77,15.65,15.66,189600
12/2/2019,15.96,16.03,15.92,16.01,470400
13/2/2019,16.27,16.27,16.07,16.08,369800
14/2/2019,16.17,16.39,16.15,16.36,467900
15/2/2019,16.53,16.6,16.41,16.51,615300
19/2/2019,16.6,16.66,16.54,16.63,315800
20/2/2019,16.69,16.75,16.63,16.74,350400
21/2/2019,16.85,16.87,16.68,16.72,368700
22/2/2019,16.89,17.01,16.82,17,399800
25/2/2019,17.1,17.13,17.04,17.07,347500
26/2/2019,17.04,17.04,16.91,16.98,479200
27/2/2019,17.05,17.09,16.98,17.05,379800
28/2/2019,16.75,16.75,16.55,16.68,568900
1/3/2019,16.88,16.93,16.64,16.74,384300
4/3/2019,16.84,17,16.8,16.87,274800
5/3/2019,16.85,16.9,16.66,16.76,333900
6/3/2019,16.86,16.9,16.52,16.69,540100
7/3/2019,16.77,16.77,16.3,16.31,508900
8/3/2019,16.3,16.31,16.09,16.15,545000
11/3/2019,16.25,16.62,16.2,16.59,312000
12/3/2019,16.68,17.08,16.68,16.99,673100
13/3/2019,17.09,17.15,17.05,17.15,326900
14/3/2019,17.15,17.16,16.93,16.97,243800
15/3/2019,16.97,16.97,16.81,16.85,217300
18/3/2019,17,17.16,16.91,17.16,840100
19/3/2019,17.15,17.15,17.02,17.07,326500
20/3/2019,16.9,17.04,16.79,16.94,514600
21/3/2019,16.76,16.79,16.61,16.77,444700
22/3/2019,16.71,16.75,16.46,16.46,351400
25/3/2019,16.35,16.44,16.3,16.38,355200
26/3/2019,16.55,16.68,16.5,16.6,258300
27/3/2019,16.69,16.69,16.45,16.47,206100
28/3/2019,16.47,16.54,16.41,16.47,240900
29/3/2019,16.49,16.78,16.49,16.56,144000
1/4/2019,16.75,17.02,16.7,17.01,496400
2/4/2019,17.01,17.02,16.8,16.83,689200
3/4/2019,16.91,17.02,16.85,16.96,258900
4/4/2019,16.93,17.06,16.82,17.04,258800
5/4/2019,17.04,17.11,16.97,17.09,312500
8/4/2019,17.05,17.09,16.96,17.07,205300
9/4/2019,16.99,17.03,16.93,16.95,231300
10/4/2019,17,17.01,16.82,16.85,245900
11/4/2019,16.94,17.07,16.87,16.96,460400
12/4/2019,17.08,17.2,17.06,17.18,350100
15/4/2019,17.2,17.2,16.99,16.99,377200
16/4/2019,16.99,17.01,16.91,16.96,264200
17/4/2019,16.96,16.96,16.8,16.81,398300
18/4/2019,16.85,16.85,16.64,16.68,282000
22/4/2019,16.67,16.67,16.57,16.63,173400
23/4/2019,16.61,16.86,16.61,16.86,355700
24/4/2019,16.85,16.88,16.79,16.81,112400
25/4/2019,16.81,16.83,16.71,16.79,179600
26/4/2019,16.83,16.88,16.61,16.7,895600
29/4/2019,16.7,16.77,16.65,16.69,270000
30/4/2019,16.72,16.73,16.58,16.67,209300
1/5/2019,16.7,16.7,16.47,16.5,315600
2/5/2019,16.57,16.6,16.41,16.41,376300
3/5/2019,16.46,16.59,16.43,16.52,117600
6/5/2019,16.17,16.41,16.03,16.38,393800
7/5/2019,16.33,16.33,16.12,16.17,313700
8/5/2019,16.24,16.29,16.17,16.22,243300
9/5/2019,16.06,16.13,15.88,16.07,359100
10/5/2019,16.1,16.31,16.01,16.29,472300
13/5/2019,16.09,16.22,15.98,16.14,617000
14/5/2019,16.31,16.51,16.31,16.4,524200
15/5/2019,16.51,16.71,16.4,16.63,588500
16/5/2019,16.63,16.76,16.53,16.75,736800
17/5/2019,16.59,16.59,16.36,16.42,613600
20/5/2019,16.34,16.54,16.32,16.49,554100
21/5/2019,16.51,16.66,16.5,16.64,269700
22/5/2019,16.61,16.61,16.4,16.46,314500
23/5/2019,16.46,16.46,16.3,16.42,426000
24/5/2019,16.35,16.35,16.15,16.23,471400
28/5/2019,16.3,16.32,16.16,16.19,361000
29/5/2019,16.18,16.44,16.11,16.41,534600
30/5/2019,16.41,16.41,16.15,16.17,330100
31/5/2019,16.12,16.23,16.08,16.19,779400
3/6/2019,16.18,16.18,15.95,16.07,429800
4/6/2019,16.1,16.24,16.1,16.24,611800
5/6/2019,16.29,16.35,16.16,16.22,357900
6/6/2019,16.22,16.24,16.09,16.21,341500
7/6/2019,16.25,16.42,16.25,16.37,380900
10/6/2019,16.37,16.43,16.32,16.33,303300
11/6/2019,16.41,16.48,16.36,16.37,199600
12/6/2019,16.35,16.36,16.2,16.26,245300
13/6/2019,16.26,16.27,16.18,16.22,209900
14/6/2019,16.28,16.35,16.22,16.28,162000
17/6/2019,16.2,16.2,16.06,16.08,298200
18/6/2019,16.12,16.17,16.05,16.13,329100
19/6/2019,16.17,16.31,16.15,16.31,585100
20/6/2019,16.4,16.47,16.37,16.44,304900
21/6/2019,16.41,16.41,16.33,16.37,257600
24/6/2019,16.41,16.49,16.4,16.46,666100
25/6/2019,16.44,16.44,16.31,16.32,791800
26/6/2019,16.4,16.4,16.22,16.28,332300
27/6/2019,16.26,16.27,15.99,16.03,744800
28/6/2019,16.04,16.21,15.99,16.02,484900
1/7/2019,16.25,16.31,16.16,16.27,565200
2/7/2019,16.34,16.37,16.24,16.31,320800
3/7/2019,16.27,16.28,16.19,16.26,296000
5/7/2019,16.36,16.37,16.24,16.28,414700
8/7/2019,16.19,16.22,16.07,16.11,513100
9/7/2019,16.06,16.09,16,16.08,348200
10/7/2019,16.15,16.33,16.15,16.29,328900
11/7/2019,16.33,16.37,16.2,16.23,255800
12/7/2019,16.23,16.44,16.23,16.43,263200
15/7/2019,16.4,16.4,16.22,16.27,271100
16/7/2019,16.34,16.47,16.32,16.46,334400
17/7/2019,16.46,16.46,16.21,16.32,541700
18/7/2019,16.31,16.34,16.13,16.28,227000
19/7/2019,16.29,16.44,16.29,16.37,326100
22/7/2019,16.4,16.42,16.28,16.38,137500
23/7/2019,16.42,16.53,16.39,16.45,356900
24/7/2019,16.5,16.55,16.32,16.41,489100
25/7/2019,16.46,16.5,16.33,16.39,210200
26/7/2019,16.4,16.52,16.4,16.51,171900
29/7/2019,16.5,16.5,16.37,16.41,156400
30/7/2019,16.31,16.31,16.1,16.12,421800
31/7/2019,16.34,16.34,16.11,16.18,199900
1/8/2019,16.2,16.36,15.96,15.96,673300
2/8/2019,16.09,16.16,15.95,16.07,446400
5/8/2019,15.65,15.7,15.12,15.28,969100
6/8/2019,15.3,15.38,15.2,15.26,301000
7/8/2019,15.24,15.62,15.21,15.58,329500
8/8/2019,15.67,15.86,15.65,15.83,327400
9/8/2019,15.7,15.83,15.62,15.65,320200
12/8/2019,15.5,15.54,15.35,15.4,445300
13/8/2019,15.36,15.7,15.36,15.53,435200
14/8/2019,15.32,15.42,15.24,15.24,529200
15/8/2019,15.3,15.49,15.3,15.43,381600
16/8/2019,15.49,15.64,15.46,15.58,202600
19/8/2019,15.69,15.72,15.62,15.63,253400
20/8/2019,15.75,15.8,15.64,15.68,145100
21/8/2019,15.78,15.87,15.76,15.85,180400
22/8/2019,15.87,15.94,15.82,15.91,174100
23/8/2019,15.84,15.84,15.56,15.59,297800
26/8/2019,15.69,15.72,15.53,15.57,266500
27/8/2019,15.58,15.64,15.46,15.49,258100
28/8/2019,15.5,15.6,15.45,15.57,196000
29/8/2019,15.56,15.63,15.44,15.56,309100
30/8/2019,15.62,15.72,15.57,15.68,175800
3/9/2019,15.62,15.67,15.56,15.65,138600
4/9/2019,15.71,15.74,15.66,15.73,181300
5/9/2019,15.83,15.88,15.78,15.84,171200
6/9/2019,15.88,15.88,15.76,15.81,151400
9/9/2019,15.88,15.88,15.68,15.74,112000
10/9/2019,15.65,15.73,15.63,15.65,108900
11/9/2019,15.61,15.69,15.58,15.66,112300
12/9/2019,15.72,15.8,15.66,15.73,74800
13/9/2019,15.82,15.88,15.79,15.85,116400
16/9/2019,15.88,16.05,15.88,16,611900
17/9/2019,16,16.15,15.98,16.02,490000
18/9/2019,16.02,16.08,15.9,16,236000
19/9/2019,16.15,16.15,16.08,16.08,163000
20/9/2019,16.13,16.15,16.02,16.04,70800
23/9/2019,16,16.04,15.95,16,64500
24/9/2019,16.11,16.15,15.98,15.99,128700
25/9/2019,16.01,16.07,15.95,16.06,123300
26/9/2019,16.07,16.2,16.07,16.2,321200
27/9/2019,16.24,16.32,16.13,16.15,242200
30/9/2019,16.25,16.34,16.25,16.31,148000
1/10/2019,16.33,16.35,16.11,16.17,222600
2/10/2019,16.19,16.19,15.97,15.98,868600
3/10/2019,15.96,16.14,15.95,16.1,87800
4/10/2019,16.16,16.25,16.13,16.24,79200
7/10/2019,16.12,16.15,16.03,16.08,114500
8/10/2019,16.03,16.03,15.91,15.93,83900
9/10/2019,15.99,16.07,15.96,16,224100
10/10/2019,16,16.16,16,16.08,45200
11/10/2019,16.16,16.2,16.11,16.17,156000
14/10/2019,16.18,16.2,16.06,16.07,90900
15/10/2019,16.07,16.28,16.07,16.25,225300
16/10/2019,16.27,16.3,16.22,16.26,174500
17/10/2019,16.28,16.32,16.16,16.2,92100
18/10/2019,16.25,16.25,16.07,16.14,92900
21/10/2019,16.16,16.22,16.14,16.2,126100
22/10/2019,16.24,16.26,16.19,16.21,124000
23/10/2019,16.21,16.29,16.21,16.21,99000
24/10/2019,16.29,16.3,16.16,16.17,606000
25/10/2019,16.17,16.29,16.17,16.29,117100
28/10/2019,16.3,16.3,16.22,16.26,79800
29/10/2019,16.28,16.28,16.2,16.22,257500
30/10/2019,16.3,16.3,16.21,16.27,120900
31/10/2019,16.25,16.27,16.2,16.22,171100
1/11/2019,16.52,16.67,16.4,16.62,322300
4/11/2019,16.69,16.73,16.63,16.69,274100
5/11/2019,16.72,16.75,16.61,16.67,458800
6/11/2019,16.71,16.72,16.57,16.66,159700
7/11/2019,16.69,16.75,16.58,16.61,133700
8/11/2019,16.63,16.64,16.58,16.61,87600
11/11/2019,16.52,16.57,16.5,16.54,119900
12/11/2019,16.51,16.61,16.51,16.54,102700
13/11/2019,16.41,16.44,16.31,16.38,202600
14/11/2019,16.33,16.38,16.3,16.35,201100
15/11/2019,16.31,16.49,16.31,16.45,100500
18/11/2019,16.4,16.44,16.32,16.39,86600
19/11/2019,16.34,16.38,16.34,16.35,105300
20/11/2019,16.34,16.35,16.22,16.3,151100
21/11/2019,16.2,16.25,16.09,16.09,172100
22/11/2019,16.13,16.14,15.97,16.03,446100
25/11/2019,16.01,16.09,16.01,16.08,97500
26/11/2019,16.12,16.2,16.1,16.18,107400
27/11/2019,16.2,16.2,16.1,16.14,137600
29/11/2019,15.99,16,15.92,15.94,104800
2/12/2019,15.91,15.92,15.76,15.79,133900
3/12/2019,15.65,15.75,15.6,15.75,243400
4/12/2019,15.83,15.98,15.83,15.92,198800
5/12/2019,15.85,15.9,15.79,15.85,66400
6/12/2019,15.89,16,15.85,15.93,206200
9/12/2019,15.95,15.97,15.8,15.81,267000
10/12/2019,15.73,15.83,15.71,15.83,223200
11/12/2019,15.76,15.92,15.75,15.91,203900
12/12/2019,15.98,16.21,15.95,16.18,177000
13/12/2019,16.16,16.16,15.93,16.09,263900
16/12/2019,16,16.06,15.97,15.99,143600
17/12/2019,15.9,15.95,15.85,15.88,141900
18/12/2019,15.88,15.88,15.78,15.86,157400
19/12/2019,15.75,15.8,15.75,15.78,256600
20/12/2019,15.8,15.92,15.8,15.88,119200
23/12/2019,15.79,15.8,15.75,15.79,96200
24/12/2019,15.75,15.85,15.74,15.85,64900
26/12/2019,15.85,15.89,15.8,15.87,118300
27/12/2019,15.88,15.96,15.83,15.87,146400
30/12/2019,15.9,15.93,15.86,15.91,214100
31/12/2019,15.93,15.99,15.88,15.99,94800
2/1/2020,16,16.27,15.99,16.26,615400
3/1/2020,16.2,16.2,16,16.09,402400
6/1/2020,16,16.07,15.9,16.04,157600
7/1/2020,16.04,16.09,16.01,16.01,108500
8/1/2020,15.85,15.92,15.77,15.86,193300
9/1/2020,15.86,15.92,15.8,15.85,220100
10/1/2020,15.89,15.95,15.86,15.91,75800
13/1/2020,15.93,16.12,15.91,16.1,353600
14/1/2020,16.12,16.13,16.06,16.07,153800
15/1/2020,16.02,16.03,15.93,15.98,146200
16/1/2020,15.98,16.08,15.98,16.01,195800
17/1/2020,16.01,16.08,16.01,16.05,121500
21/1/2020,16,16.05,15.97,15.99,312200
22/1/2020,15.99,16.13,15.99,16.04,177400
23/1/2020,16.08,16.1,15.96,16.08,218700
24/1/2020,15.94,16.08,15.91,16.01,82100
27/1/2020,15.74,15.83,15.5,15.7,402800
28/1/2020,15.52,15.69,15.5,15.59,496200
29/1/2020,15.59,15.68,15.53,15.63,161500
30/1/2020,15.5,15.6,15.45,15.52,344700
31/1/2020,15.28,15.36,14.89,14.89,745800
3/2/2020,14.85,14.96,14.85,14.96,343500
4/2/2020,15.08,15.18,14.97,15.1,266200
5/2/2020,15.18,15.2,15.01,15.06,351700
6/2/2020,15.22,15.22,15.1,15.13,245100
7/2/2020,14.93,15.13,14.93,15.05,461800
10/2/2020,15,15.06,14.94,15,254400
11/2/2020,15.1,15.2,15.1,15.17,233600
12/2/2020,15.26,15.34,15.26,15.3,146600
13/2/2020,15.3,15.3,15.23,15.28,301300
14/2/2020,15.3,15.37,15.27,15.27,167100
18/2/2020,15.2,15.2,15.05,15.07,294400
19/2/2020,15.1,15.13,15,15.02,218500
20/2/2020,15.11,15.11,14.96,15,169100
21/2/2020,14.92,15,14.91,14.96,126000
24/2/2020,14.28,14.28,14.01,14.2,689800
25/2/2020,14.33,14.49,14.06,14.08,528900
26/2/2020,14.17,14.29,14.11,14.11,193700
27/2/2020,14.05,14.05,13.69,13.7,609000
28/2/2020,13.48,13.8,13.31,13.74,723900
2/3/2020,13.61,13.87,13.58,13.87,581100
3/3/2020,13.8,13.96,13.63,13.73,233400
4/3/2020,13.77,13.98,13.77,13.98,103500
5/3/2020,13.95,13.97,13.65,13.69,224600
6/3/2020,13.5,13.75,13.5,13.59,354300
9/3/2020,12.7,12.98,12.33,12.69,601100
10/3/2020,12.89,13.17,12.75,12.83,606200
11/3/2020,12.69,12.69,12.33,12.42,470900
12/3/2020,10.91,11.6,10.48,11.09,722400
13/3/2020,11.36,11.88,10.94,11.2,685000
16/3/2020,9.3,10.74,9.3,10.27,406200
17/3/2020,10.68,11.18,10.55,10.7,509300
18/3/2020,10.48,10.78,9.88,10.04,478900
19/3/2020,10,10.7,9.93,10.53,917000
20/3/2020,10.33,10.75,10.23,10.5,757700
23/3/2020,10.19,10.19,9.7,9.7,403700
24/3/2020,10.45,10.5,10.1,10.49,385800
25/3/2020,10.58,11,10.4,10.85,450600
26/3/2020,10.82,11.08,10.82,11.04,401300
27/3/2020,10.9,10.9,10.36,10.52,308500
30/3/2020,10.51,10.57,10.11,10.46,338600
31/3/2020,10.59,10.75,10.44,10.44,136100
1/4/2020,10.44,10.7,10.3,10.33,250500
2/4/2020,10.54,10.75,10.5,10.65,97900
3/4/2020,10.77,10.89,10.66,10.74,117400
6/4/2020,11.28,11.74,11.14,11.6,284600
7/4/2020,12.04,12.15,11.62,11.67,382500
8/4/2020,11.63,12.07,11.63,11.87,401200
9/4/2020,12,12.25,11.88,11.97,285300
13/4/2020,11.98,11.98,11.74,11.91,250900
14/4/2020,12,12.16,12,12.06,237900
15/4/2020,11.89,11.97,11.8,11.94,311200
16/4/2020,11.95,12.12,11.95,12.1,342400
17/4/2020,12.49,12.49,12.21,12.25,202400
20/4/2020,12.46,12.5,12.16,12.16,180700
21/4/2020,11.95,11.99,11.68,11.69,210200
22/4/2020,12.03,12.15,11.93,12.15,130600
23/4/2020,12.14,12.31,12.01,12.01,187500
24/4/2020,12.12,12.35,12.08,12.35,113500
27/4/2020,12.35,12.44,12.21,12.25,114700
28/4/2020,12.5,12.6,12.23,12.38,120400
29/4/2020,12.6,12.6,12.41,12.45,157000
30/4/2020,12.39,12.45,12.3,12.45,221700
1/5/2020,12.2,12.24,11.85,11.92,96700
4/5/2020,11.9,12.25,11.9,11.96,127300
5/5/2020,12.19,12.4,12.19,12.34,242100
6/5/2020,12.3,12.45,12.3,12.41,183400
7/5/2020,12.5,12.78,12.34,12.78,375800
8/5/2020,12.95,13.25,12.88,13.22,385800
11/5/2020,13.35,13.4,12.85,12.87,845500
12/5/2020,12.95,13.23,12.88,13.03,222600
13/5/2020,13.02,13.04,12.65,12.72,275600
14/5/2020,12.72,12.9,12.61,12.9,130200
15/5/2020,12.8,12.9,12.65,12.89,221700
18/5/2020,12.95,13.39,12.95,13.31,240300
19/5/2020,13.31,13.39,13.04,13.04,310800
20/5/2020,13.49,13.75,13.35,13.69,257400
21/5/2020,13.69,13.76,13.5,13.57,258200
22/5/2020,13.49,13.66,13.41,13.52,286700
26/5/2020,13.7,13.99,13.7,13.96,455800
27/5/2020,13.88,13.93,13.56,13.76,367200
28/5/2020,13.85,13.95,13.75,13.75,233500
29/5/2020,13.63,13.82,13.6,13.7,203300
1/6/2020,13.98,14.05,13.75,14.05,280800
2/6/2020,14.17,14.18,14.02,14.09,259800
3/6/2020,14.13,14.2,14.03,14.2,291500
4/6/2020,14.3,14.3,13.83,14.01,533800
5/6/2020,14.1,14.32,14.1,14.15,235600
8/6/2020,14.43,14.55,14.41,14.54,664300
9/6/2020,14.47,14.47,14.22,14.41,262500
10/6/2020,14.41,14.57,14.41,14.5,160600
11/6/2020,14.17,14.19,13.61,13.66,528700
12/6/2020,13.92,14.03,13.68,13.75,220900
15/6/2020,13.38,13.54,13.25,13.4,349300
16/6/2020,13.91,13.98,13.55,13.57,288800
17/6/2020,13.6,13.8,13.6,13.65,306000
18/6/2020,13.65,13.86,13.65,13.75,158300
19/6/2020,13.85,13.98,13.72,13.76,199400
22/6/2020,13.76,13.94,13.7,13.82,318400
23/6/2020,13.97,13.97,13.75,13.89,236200
24/6/2020,13.8,13.88,13.51,13.56,301500
25/6/2020,13.49,13.73,13.49,13.59,460400
26/6/2020,13.68,13.68,13.46,13.49,315700
29/6/2020,13.54,13.63,13.4,13.54,252000
30/6/2020,13.56,13.58,13.42,13.44,179000
1/7/2020,13.6,13.82,13.52,13.76,292500
2/7/2020,13.84,13.93,13.8,13.82,272900
6/7/2020,13.98,14.15,13.97,14.15,376500
7/7/2020,14.14,14.23,13.97,14.08,370400
8/7/2020,14.28,14.28,14.11,14.19,270200
9/7/2020,14.3,14.37,14.11,14.21,280200
10/7/2020,14.2,14.34,14.14,14.23,138100
13/7/2020,14.23,14.4,14.11,14.15,192100
14/7/2020,14.15,14.39,14.13,14.38,92000
15/7/2020,14.4,14.7,14.39,14.66,519700
16/7/2020,14.51,14.62,14.51,14.52,113400
17/7/2020,14.56,14.6,14.45,14.5,81600
20/7/2020,14.57,14.67,14.4,14.58,398800
21/7/2020,14.74,14.74,14.41,14.46,261700
22/7/2020,14.44,14.49,14.35,14.49,370400
23/7/2020,14.47,14.47,14.16,14.24,286000
24/7/2020,14.11,14.14,13.88,14.08,391400
27/7/2020,13.7,13.76,13.63,13.7,379400
28/7/2020,13.97,13.98,13.82,13.89,225500
29/7/2020,13.91,13.93,13.8,13.84,318200
30/7/2020,13.87,13.95,13.8,13.87,249500
31/7/2020,13.9,13.92,13.66,13.7,234000
3/8/2020,14.09,14.24,14,14.17,407100
4/8/2020,14.33,14.43,14.21,14.36,217200
5/8/2020,14.62,14.76,14.5,14.71,180100
6/8/2020,14.71,14.71,14.56,14.64,226000
7/8/2020,14.64,14.64,14.45,14.63,266700
10/8/2020,14.56,14.79,14.56,14.76,183700
11/8/2020,14.79,14.79,14.52,14.54,369200
12/8/2020,14.59,14.73,14.56,14.73,113300
13/8/2020,14.73,14.76,14.62,14.67,109500
14/8/2020,14.65,14.7,14.6,14.7,81900
17/8/2020,14.7,14.8,14.7,14.8,300200
18/8/2020,14.59,14.71,14.38,14.38,311500
19/8/2020,14.5,14.5,14.22,14.25,230300
20/8/2020,14.13,14.15,14.01,14.1,157800
21/8/2020,14.28,14.28,14.1,14.13,85400
24/8/2020,14.45,14.49,14.41,14.47,144600
25/8/2020,14.59,14.71,14.55,14.71,142200
26/8/2020,14.71,14.8,14.67,14.77,261000
27/8/2020,14.7,14.7,14.53,14.55,161400
28/8/2020,14.68,14.8,14.53,14.74,253200
31/8/2020,14.75,14.8,14.62,14.7,192300
1/9/2020,14.76,14.85,14.73,14.85,247000
2/9/2020,14.85,15,14.85,15,180200
3/9/2020,15,15,14.7,14.86,294300
4/9/2020,14.88,15.07,14.77,15.01,291200
8/9/2020,14.95,14.95,14.74,14.8,190200
9/9/2020,14.94,15.17,14.94,15.16,283600
10/9/2020,15.16,15.16,14.76,14.76,278200
11/9/2020,14.8,14.92,14.73,14.79,221400
14/9/2020,15.05,15.18,15,15.13,167200
15/9/2020,15.2,15.2,15.16,15.2,182800
16/9/2020,15.18,15.18,14.98,14.98,144100
17/9/2020,14.9,15.02,14.85,14.94,122100
18/9/2020,15,15,14.82,14.82,166100
21/9/2020,14.82,14.82,14.57,14.7,261500
22/9/2020,14.8,14.8,14.67,14.72,60300
23/9/2020,14.68,14.77,14.5,14.5,152100
24/9/2020,14.47,14.58,14.3,14.45,305100
25/9/2020,14.4,14.54,14.33,14.54,310300
28/9/2020,14.69,14.8,14.61,14.8,126300
29/9/2020,14.77,14.77,14.63,14.66,178900
30/9/2020,14.65,14.88,14.65,14.85,96000
1/10/2020,14.87,14.99,14.85,14.95,159700
2/10/2020,14.69,14.94,14.68,14.85,214700
5/10/2020,14.85,14.98,14.85,14.98,181000
6/10/2020,14.99,15,14.74,14.82,122000
7/10/2020,15,15.1,14.97,15.1,134600
8/10/2020,15.06,15.1,15.02,15.08,51500
9/10/2020,15.1,15.2,15.08,15.15,232200
12/10/2020,15.15,15.2,15.13,15.2,70000
13/10/2020,15.18,15.28,15.15,15.23,332900
14/10/2020,15.23,15.3,15.16,15.23,118800
15/10/2020,15.15,15.25,15.1,15.24,145100
16/10/2020,15.24,15.27,15.15,15.19,59400
19/10/2020,15.19,15.19,14.91,14.91,311400
20/10/2020,15.02,15.25,15.02,15.14,140200
21/10/2020,15.14,15.24,15.05,15.06,363500
22/10/2020,15.14,15.2,15.13,15.16,263600
23/10/2020,15.22,15.45,15.22,15.44,98100
26/10/2020,15.3,15.33,15.1,15.11,257900
27/10/2020,15.1,15.11,15.03,15.04,116400
28/10/2020,14.9,14.9,14.57,14.58,213100
29/10/2020,14.77,14.82,14.61,14.82,169200
30/10/2020,14.74,14.83,14.64,14.74,121700
2/11/2020,14.97,14.98,14.8,14.9,104600
3/11/2020,15,15.14,14.9,15.07,82400
4/11/2020,15.2,15.54,15.2,15.46,165900
5/11/2020,15.41,15.46,15.33,15.33,160300
6/11/2020,15.33,15.39,15.21,15.36,141300
9/11/2020,15.67,15.75,15.44,15.54,289100
10/11/2020,15.6,15.67,15.5,15.54,228600
11/11/2020,15.55,15.61,15.51,15.61,146200
12/11/2020,15.64,15.64,15.4,15.54,161300
13/11/2020,15.62,15.64,15.54,15.59,82400
16/11/2020,15.54,15.59,15.4,15.5,198500
17/11/2020,15.54,15.64,15.5,15.59,111800
18/11/2020,15.64,15.64,15.47,15.47,153000
19/11/2020,15.6,15.69,15.52,15.68,181100
20/11/2020,15.71,16.04,15.71,16.04,323300
23/11/2020,16.04,16.12,16.01,16.1,305400
24/11/2020,16.16,16.28,16.11,16.26,225200
25/11/2020,16.18,16.2,16.02,16.04,205200
27/11/2020,16.2,16.34,16.15,16.27,131600
30/11/2020,16.35,16.36,15.96,15.96,327900
1/12/2020,16.15,16.23,16.05,16.15,203600
2/12/2020,16.15,16.36,16.15,16.34,276200
3/12/2020,16.35,16.55,16.35,16.43,203200
4/12/2020,16.4,16.49,16.36,16.42,156600
7/12/2020,16.46,16.5,16.42,16.46,170400
8/12/2020,16.46,16.5,16.45,16.49,127100
9/12/2020,16.51,16.65,16.43,16.53,260600
10/12/2020,16.45,16.67,16.41,16.67,297100
11/12/2020,16.66,16.77,16.63,16.77,199400
14/12/2020,16.91,17.03,16.91,16.95,425200
15/12/2020,17.06,17.09,16.88,16.99,299000
16/12/2020,17.1,17.1,17.01,17.06,266200
17/12/2020,17,17,16.82,16.88,306200
18/12/2020,16.96,17.03,16.84,16.86,199400
21/12/2020,16.73,16.86,16.62,16.83,326800
22/12/2020,16.7,16.8,16.58,16.62,260400
23/12/2020,16.8,16.87,16.73,16.76,165500
24/12/2020,16.75,16.76,16.69,16.73,90000
28/12/2020,16.96,17.1,16.96,17.1,341100
29/12/2020,17.29,17.49,17.28,17.49,420100
30/12/2020,17.5,17.53,17.4,17.5,203000
31/12/2020,17.59,17.59,17.42,17.49,151800
4/1/2021,17.6,17.79,17.53,17.55,580500
5/1/2021,17.75,17.99,17.73,17.96,502900
6/1/2021,17.96,18.05,17.83,18,641100
7/1/2021,18.07,18.22,18.01,18.21,813100
8/1/2021,18.25,18.46,18.21,18.42,499900
11/1/2021,18.48,18.58,18.42,18.51,410600
12/1/2021,18.7,18.75,18.57,18.6,381600
13/1/2021,18.6,18.64,18.52,18.59,223800
14/1/2021,18.61,18.64,18.5,18.5,269200
15/1/2021,18.43,18.5,18.34,18.44,483200
19/1/2021,18,18.2,17.8,17.85,623200
20/1/2021,17.94,18.16,17.94,18.11,422000
21/1/2021,18.15,18.38,18.15,18.37,536800
22/1/2021,18.28,18.37,18.26,18.35,228800
25/1/2021,18.25,18.35,18.08,18.22,479200
26/1/2021,18.18,18.24,18.1,18.16,306600
27/1/2021,17.61,17.7,17.3,17.35,774700
28/1/2021,16.81,16.95,16.6,16.83,753900
29/1/2021,17.24,17.24,16.83,16.92,641600
1/2/2021,17,17.05,16.81,17.05,629300
2/2/2021,17.44,17.48,17.24,17.39,505200
3/2/2021,17.81,17.95,17.66,17.9,394000
4/2/2021,17.84,17.88,17.77,17.85,304500
5/2/2021,17.9,18.03,17.85,17.92,266100
8/2/2021,17.5,17.68,17.27,17.47,394000
9/2/2021,17.57,17.75,17.55,17.75,253500
10/2/2021,17.91,17.91,17.74,17.8,255500
11/2/2021,17.97,17.97,17.8,17.93,234400
12/2/2021,17.95,18.02,17.85,18.01,326200
16/2/2021,18.11,18.11,17.83,17.83,568600
17/2/2021,17.95,18.12,17.88,18.08,432300
18/2/2021,18.22,18.23,18.09,18.2,505900
19/2/2021,18.44,18.45,18.2,18.39,428100
22/2/2021,18.24,18.29,18.1,18.19,203800
23/2/2021,18,18.14,17.8,18.06,268200
24/2/2021,17.94,18.06,17.77,18,279200
25/2/2021,18.06,18.06,17.4,17.4,263100
26/2/2021,17.48,17.66,17.4,17.6,331800
1/3/2021,17.87,18.08,17.81,18.05,183000
2/3/2021,18,18.05,17.9,17.9,310600
3/3/2021,17.85,17.9,17.6,17.6,209000
4/3/2021,17.57,17.6,17.29,17.37,427100
5/3/2021,17.8,17.8,17.42,17.7,345500
8/3/2021,17.65,17.7,17.5,17.5,244900
9/3/2021,17.54,17.76,17.54,17.55,187700
10/3/2021,17.6,17.7,17.53,17.6,172500
11/3/2021,17.9,17.99,17.73,17.99,172100
12/3/2021,17.82,17.9,17.75,17.78,262300
15/3/2021,17.94,17.94,17.76,17.86,107100
16/3/2021,17.93,17.96,17.84,17.91,109400
17/3/2021,17.85,17.98,17.75,17.94,110100
18/3/2021,17.94,17.98,17.75,17.81,232800
19/3/2021,17.88,18,17.82,17.89,133800
22/3/2021,17.93,18,17.88,17.94,164500
23/3/2021,17.8,17.87,17.56,17.56,422100
24/3/2021,17.61,17.61,17.4,17.4,267000
25/3/2021,17.37,17.57,17.31,17.55,257800
26/3/2021,17.66,17.84,17.6,17.84,85100
29/3/2021,17.88,17.91,17.84,17.89,244200
30/3/2021,17.89,17.94,17.83,17.87,76100
31/3/2021,17.83,18.15,17.8,18.1,201300
1/4/2021,18.27,18.56,18.27,18.55,326100
5/4/2021,18.6,18.72,18.59,18.64,268400
6/4/2021,18.64,18.7,18.5,18.5,317300
7/4/2021,18.41,18.45,18.08,18.09,306300
8/4/2021,18.3,18.65,18.3,18.59,167100
9/4/2021,18.5,18.69,18.4,18.6,196500
12/4/2021,18.75,18.95,18.68,18.92,276400
13/4/2021,18.92,19.05,18.9,19.01,569000
14/4/2021,19.16,19.17,19.01,19.01,565200
15/4/2021,19.01,19.24,19.01,19.18,391300
16/4/2021,19.24,19.29,19.21,19.29,386200
19/4/2021,19.35,19.55,19.35,19.54,425000
20/4/2021,19.52,19.68,19.51,19.6,301300
21/4/2021,19.58,19.6,19.42,19.6,279100
22/4/2021,19.3,19.34,19.13,19.27,321300
23/4/2021,19.5,19.52,19.32,19.44,326900
26/4/2021,19.15,19.2,19.05,19.1,361900
27/4/2021,19.13,19.21,19.1,19.14,157400
28/4/2021,19.05,19.15,19,19.01,891300
29/4/2021,19.11,19.14,19.01,19.1,260100
30/4/2021,19,19.05,18.78,18.85,291300
3/5/2021,18.71,18.75,18.51,18.61,254600
4/5/2021,18.7,18.8,18.57,18.71,247000
5/5/2021,18.93,19,18.8,18.92,282300
6/5/2021,18.96,18.98,18.8,18.86,164200
7/5/2021,18.9,19.07,18.9,19.05,125800
10/5/2021,19.28,19.4,19.15,19.21,311600
11/5/2021,19,19.14,18.81,19.02,384800
12/5/2021,18.99,19,18.61,18.68,276000
13/5/2021,18.61,18.78,18.54,18.54,276800
14/5/2021,18.75,18.96,18.74,18.95,254300
17/5/2021,18.7,18.83,18.6,18.76,176400
18/5/2021,18.64,18.82,18.62,18.75,340000
19/5/2021,18.54,18.93,18.54,18.85,214800
20/5/2021,19.11,19.2,19.03,19.13,202300
21/5/2021,19.13,19.2,19,19.1,182300
24/5/2021,19.26,19.4,19.2,19.39,174400
25/5/2021,19.4,19.44,19.26,19.31,188200
26/5/2021,19.39,19.6,19.36,19.55,486000
27/5/2021,19.46,19.53,19.4,19.46,158700
28/5/2021,19.53,19.68,19.5,19.68,217900
1/6/2021,19.7,19.79,19.69,19.7,310500
2/6/2021,19.7,19.86,19.7,19.81,271600
3/6/2021,19.85,20,19.81,19.88,229300
4/6/2021,19.91,20.2,19.91,20.13,296200
7/6/2021,20.14,20.19,19.96,19.98,191900
8/6/2021,19.9,19.9,19.6,19.7,296300
9/6/2021,19.87,19.92,19.81,19.88,171500
10/6/2021,19.88,19.93,19.8,19.86,144300
11/6/2021,19.96,20.06,19.95,20,158100
14/6/2021,20.1,20.23,20.05,20.18,276300
15/6/2021,20.2,20.23,20.1,20.16,203100
16/6/2021,20.01,20.15,19.73,19.82,325300
17/6/2021,19.99,20.12,19.84,20.06,200500
18/6/2021,20.15,20.24,20,20.01,206200
21/6/2021,20.01,20.17,20,20.16,121000
22/6/2021,20.14,20.15,20.02,20.15,103800
23/6/2021,20.14,20.14,20,20.07,227900
24/6/2021,20.14,20.14,20.01,20.11,181500
25/6/2021,20.32,20.5,20.16,20.5,227700
28/6/2021,20.51,20.64,20.51,20.6,253400
29/6/2021,20.65,20.65,20.55,20.63,202900
30/6/2021,20.77,20.81,20.7,20.79,321100
1/7/2021,20.88,20.88,20.75,20.87,172500
2/7/2021,20.83,20.95,20.82,20.89,113400
6/7/2021,20.5,20.5,20.2,20.37,426500
7/7/2021,20.45,20.48,20.3,20.4,309200
8/7/2021,20.29,20.29,19.91,20.03,377900
9/7/2021,19.9,19.97,19.82,19.93,204200
12/7/2021,19.53,19.58,19.33,19.44,531600
13/7/2021,19.34,19.4,19.15,19.21,487300
14/7/2021,19.2,19.32,19.15,19.25,210300
15/7/2021,19.43,19.47,19.35,19.37,138300
16/7/2021,19.48,19.55,19.37,19.38,242900
19/7/2021,18.88,18.89,18.6,18.73,659700
20/7/2021,18.86,19.21,18.82,19.15,435100
21/7/2021,19.19,19.25,19.04,19.24,222000
22/7/2021,19.41,19.5,19.3,19.31,187200
23/7/2021,19.16,19.22,19,19.07,311500
26/7/2021,19,19.18,18.93,19.18,218000
27/7/2021,19.23,19.27,19.02,19.27,129900
28/7/2021,19.28,19.36,19.16,19.32,136300
29/7/2021,19.48,19.49,19.31,19.36,124700
30/7/2021,19.35,19.55,19.3,19.55,153700
2/8/2021,19.42,19.66,19.4,19.51,267500
3/8/2021,19.67,19.92,19.67,19.9,269500
4/8/2021,19.9,19.96,19.81,19.85,162500
5/8/2021,19.97,20.07,19.95,20.02,270800
6/8/2021,19.88,20.03,19.75,19.81,136500
9/8/2021,19.98,20.25,19.89,20.21,228700
10/8/2021,20.11,20.11,19.93,19.99,213800
11/8/2021,19.85,19.99,19.85,19.95,199400
12/8/2021,19.8,19.86,19.71,19.8,116500
13/8/2021,19.76,19.84,19.76,19.84,145800
16/8/2021,19.84,19.88,19.66,19.72,194200
17/8/2021,19.59,19.65,19.37,19.43,180300
18/8/2021,19.44,19.58,19.4,19.4,184900
19/8/2021,19.37,19.54,19.26,19.47,282500
20/8/2021,19.1,19.3,19.03,19.16,361000
23/8/2021,19.06,19.37,19.06,19.37,307300
24/8/2021,19.26,19.34,19.21,19.28,187000
25/8/2021,19.38,19.47,19.3,19.41,199300
26/8/2021,19.33,19.41,19.17,19.23,192700
27/8/2021,19.37,19.84,19.36,19.76,337100
30/8/2021,19.84,19.93,19.72,19.86,207000
31/8/2021,19.86,19.86,19.7,19.75,165800
1/9/2021,19.74,19.98,19.74,19.92,236000
2/9/2021,19.99,20.02,19.92,20,195200
3/9/2021,20.11,20.22,20.06,20.2,273100
7/9/2021,20.16,20.18,19.93,20.03,183000
8/9/2021,19.95,19.95,19.73,19.77,330700
9/9/2021,19.87,20.07,19.82,20.03,159800
10/9/2021,20.03,20.16,19.99,20.03,151700
13/9/2021,20.03,20.03,19.7,19.83,140800
14/9/2021,19.82,19.88,19.71,19.75,183100
15/9/2021,19.82,19.97,19.75,19.82,161100
16/9/2021,19.83,19.9,19.74,19.87,100400
17/9/2021,19.94,19.96,19.76,19.84,143700
20/9/2021,19.5,19.56,19.31,19.38,264100
21/9/2021,19.36,19.58,19.36,19.51,124100
22/9/2021,19.68,19.98,19.62,19.85,204900
23/9/2021,19.93,19.93,19.61,19.73,748600
24/9/2021,19.68,19.68,19.55,19.58,138200
27/9/2021,19.38,19.4,19.18,19.21,315800
28/9/2021,19.28,19.34,19.11,19.2,214600
29/9/2021,19.18,19.31,19.04,19.07,379800
30/9/2021,19.17,19.4,19.17,19.27,178900
1/10/2021,19.13,19.21,19.07,19.14,153100
4/10/2021,19.18,19.29,19.1,19.1,134200
5/10/2021,19.2,19.4,19.2,19.3,159800
6/10/2021,19.18,19.24,19.14,19.21,125400
7/10/2021,19.31,19.54,19.31,19.47,240000
8/10/2021,19.58,19.63,19.53,19.6,209100
11/10/2021,19.84,19.85,19.61,19.64,99600
12/10/2021,19.7,19.75,19.56,19.61,115800
13/10/2021,19.56,19.67,19.54,19.6,90200
14/10/2021,19.56,19.66,19.56,19.63,87400
15/10/2021,19.68,19.7,19.45,19.5,344600
18/10/2021,19.46,19.66,19.46,19.63,200400
19/10/2021,19.8,19.82,19.67,19.71,76100
20/10/2021,19.66,19.72,19.61,19.71,195500
21/10/2021,19.59,19.62,19.54,19.57,32300
22/10/2021,19.58,19.7,19.57,19.64,98500
25/10/2021,19.6,19.72,19.6,19.71,249700
26/10/2021,19.8,19.88,19.72,19.72,190300
27/10/2021,20.08,20.15,20,20.1,324200
28/10/2021,20.21,20.33,20.2,20.24,296800
29/10/2021,20.25,20.32,20.19,20.3,269400
1/11/2021,20.28,20.4,20.25,20.37,177900
2/11/2021,20.4,20.4,20.32,20.33,164800
3/11/2021,20.18,20.22,20.02,20.19,161300
4/11/2021,20.2,20.28,20.13,20.2,243400
5/11/2021,20.35,20.44,20.35,20.42,123600
8/11/2021,20.51,20.68,20.47,20.67,351500
9/11/2021,20.65,20.65,20.5,20.56,167100
10/11/2021,20.5,20.75,20.5,20.59,310200
11/11/2021,20.68,20.68,20.56,20.6,169000
12/11/2021,20.68,20.77,20.6,20.71,141600
15/11/2021,20.72,20.84,20.71,20.75,193800
16/11/2021,20.77,20.78,20.68,20.74,207300
17/11/2021,20.79,20.91,20.77,20.85,205200
18/11/2021,20.85,20.88,20.8,20.85,196700
19/11/2021,20.68,20.68,20.51,20.54,159600
22/11/2021,20.49,20.5,20.28,20.28,192600
23/11/2021,20.48,20.57,20.48,20.56,205400
24/11/2021,20.65,20.75,20.65,20.72,142300
26/11/2021,20.51,20.8,20.51,20.68,236400
29/11/2021,20.68,20.92,20.61,20.67,304300
30/11/2021,20.67,20.83,20.67,20.75,322300
1/12/2021,20.88,20.98,20.75,20.8,195600
2/12/2021,20.8,20.85,20.68,20.72,296800
3/12/2021,20.5,20.55,20.28,20.37,251000
6/12/2021,20,20.05,19.87,20.01,502800
7/12/2021,20.38,20.56,20.32,20.51,339700
8/12/2021,20.55,20.7,20.55,20.7,204800
9/12/2021,20.79,20.88,20.78,20.85,293600
10/12/2021,20.77,20.78,20.63,20.68,133400
13/12/2021,20.84,20.84,20.62,20.68,275600
14/12/2021,20.63,20.78,20.6,20.69,56800
15/12/2021,20.68,20.8,20.65,20.74,117000
16/12/2021,20.79,20.8,20.61,20.71,168500
17/12/2021,20.72,20.85,20.72,20.77,160600
20/12/2021,20.51,20.64,20.51,20.6,178300
21/12/2021,20.76,20.94,20.76,20.88,217000
22/12/2021,20.88,20.99,20.85,20.99,169200
23/12/2021,20.73,20.73,20.64,20.66,165400
27/12/2021,20.77,21.05,20.68,21.01,350500
28/12/2021,21.01,21.1,21,21.05,107700
29/12/2021,21.02,21.02,20.95,21.01,100800
30/12/2021,21.01,21.31,21.01,21.26,305400
31/12/2021,21.27,21.37,21.19,21.24,126000
3/1/2022,21.28,21.35,21.25,21.27,360600
4/1/2022,21.54,21.66,21.52,21.53,422200
5/1/2022,21.55,21.6,21.45,21.49,315600
6/1/2022,21.49,21.5,21.22,21.39,227800
7/1/2022,21.4,21.48,21.39,21.4,160300
10/1/2022,21.26,21.26,21.03,21.2,427500
11/1/2022,21.03,21.07,20.91,21.06,226800
12/1/2022,21.26,21.26,21.05,21.09,140200
13/1/2022,20.89,20.89,20.67,20.73,297800
14/1/2022,20.73,20.79,20.65,20.74,164700
18/1/2022,20,20.02,19.68,19.68,569000
19/1/2022,19.72,19.88,19.72,19.75,495700
20/1/2022,19.93,20.08,19.89,19.91,336700
21/1/2022,19.84,19.92,19.78,19.84,497500
24/1/2022,19.32,19.32,18.85,19.12,682200
25/1/2022,19.33,19.56,19.3,19.48,435000
26/1/2022,19.56,19.56,19.3,19.33,187800
27/1/2022,19.33,19.45,19.31,19.37,238800
28/1/2022,19.4,19.62,19.37,19.6,202000
31/1/2022,19.53,19.81,19.53,19.77,123000
1/2/2022,19.82,19.86,19.64,19.83,123900
2/2/2022,19.9,19.98,19.79,19.89,112100
3/2/2022,19.81,19.82,19.71,19.76,243900
4/2/2022,19.79,19.79,19.67,19.72,108100
7/2/2022,19.79,19.79,19.69,19.74,165100
8/2/2022,19.67,19.68,19.55,19.65,208100
9/2/2022,19.98,20.03,19.87,20.03,420200
10/2/2022,19.86,19.98,19.77,19.87,168400
11/2/2022,19.8,19.85,19.6,19.62,283300
14/2/2022,19.5,19.52,19.33,19.4,252500
15/2/2022,19.62,19.73,19.59,19.65,102200
16/2/2022,19.65,19.85,19.62,19.81,59800
17/2/2022,19.84,19.95,19.76,19.82,281700
18/2/2022,19.8,19.9,19.79,19.79,114800
22/2/2022,19.59,19.7,19.46,19.64,286900
23/2/2022,19.88,19.88,19.64,19.68,222600
24/2/2022,19.11,19.52,19.03,19.5,423100
25/2/2022,19.56,19.62,19.51,19.59,219100
28/2/2022,19.48,19.54,19.41,19.51,193900
1/3/2022,19.56,19.6,19.41,19.43,142500
2/3/2022,19.41,19.59,19.4,19.55,176800
3/3/2022,19.88,19.88,19.72,19.74,134200
4/3/2022,19.54,19.68,19.54,19.64,134400
7/3/2022,19.5,19.5,19.22,19.24,221100
8/3/2022,19.09,19.11,18.94,18.97,232500
9/3/2022,19,19.17,19,19.12,170200
10/3/2022,19.2,19.2,18.93,18.97,184500
11/3/2022,18.9,18.9,18.53,18.53,258500
14/3/2022,18.38,18.38,18.14,18.2,292200
15/3/2022,18.25,18.45,18.2,18.4,293000
16/3/2022,18.45,18.79,18.45,18.76,331100
17/3/2022,18.69,18.69,18.56,18.62,252600
18/3/2022,18.72,18.86,18.6,18.85,151400
21/3/2022,19.2,19.24,18.98,19.19,183500
22/3/2022,19.23,19.32,19.13,19.27,148600
23/3/2022,19.3,19.35,19.21,19.22,104700
24/3/2022,19.28,19.28,19.15,19.2,112500
25/3/2022,19.2,19.2,19.09,19.15,102300
28/3/2022,18.95,19.01,18.78,18.92,225600
29/3/2022,19.07,19.14,19,19.11,115100
30/3/2022,19.01,19.04,18.89,19,222800
31/3/2022,19.06,19.06,18.83,18.87,82800
1/4/2022,19.15,19.23,19.08,19.19,135800
4/4/2022,19.35,19.47,19.29,19.45,203700
5/4/2022,19.43,19.44,19.22,19.27,150700
6/4/2022,19.13,19.27,19.02,19.06,189000
7/4/2022,18.96,19.11,18.92,18.99,101700
8/4/2022,18.88,18.88,18.76,18.77,146000
11/4/2022,18.64,18.78,18.64,18.69,253300
12/4/2022,18.62,18.68,18.55,18.56,92300
13/4/2022,18.74,18.77,18.47,18.75,115300
14/4/2022,18.72,18.72,18.54,18.54,100500
18/4/2022,18.32,18.4,18,18,197200
19/4/2022,17.8,17.8,17.68,17.7,326700
20/4/2022,17.67,17.67,17.5,17.51,229700
21/4/2022,17.5,17.53,17.35,17.36,315600
22/4/2022,17.47,17.49,17.26,17.26,184800
25/4/2022,16.6,16.62,16.46,16.6,487300
26/4/2022,16.85,16.9,16.7,16.72,232600
27/4/2022,16.91,17.05,16.91,16.96,237300
28/4/2022,16.95,16.96,16.82,16.9,340100
29/4/2022,17.06,17.18,17.02,17.04,282200
2/5/2022,17.05,17.12,17.02,17.1,222400
3/5/2022,17.14,17.23,17.13,17.22,237700
4/5/2022,17.03,17.1,16.89,17.06,314200
5/5/2022,17,17.05,16.82,16.86,269700
6/5/2022,16.7,16.73,16.58,16.62,233800
9/5/2022,15.99,16.04,15.73,15.74,517700
10/5/2022,16.15,16.19,16.01,16.14,327400
11/5/2022,16.06,16.22,16.06,16.09,243800
12/5/2022,15.46,15.46,15.25,15.28,694000
13/5/2022,15.05,15.25,15.05,15.23,492000
16/5/2022,15.04,15.06,14.94,14.96,347400
17/5/2022,15.56,15.67,15.56,15.65,442600
18/5/2022,15.63,15.72,15.4,15.42,141100
19/5/2022,15.52,15.64,15.51,15.6,170400
20/5/2022,15.7,15.7,15.39,15.48,140600
23/5/2022,15.39,15.42,15.29,15.31,224800
24/5/2022,15.39,15.48,15.37,15.4,244700
25/5/2022,15.73,15.73,15.61,15.71,323800
26/5/2022,15.76,15.76,15.69,15.74,279900
27/5/2022,15.91,15.91,15.87,15.9,149400
31/5/2022,16.13,16.16,15.96,16.04,317300
1/6/2022,16.2,16.2,16.02,16.06,159900
2/6/2022,16.01,16.02,15.92,16.02,225600
3/6/2022,15.94,15.94,15.8,15.81,174500
6/6/2022,15.98,15.98,15.8,15.8,146200
7/6/2022,15.84,15.9,15.8,15.9,172300
8/6/2022,16.04,16.05,15.94,15.96,222900
9/6/2022,16.07,16.07,15.92,15.93,138700
10/6/2022,15.8,15.8,15.63,15.65,217000
13/6/2022,15.22,15.22,14.93,14.95,468200
14/6/2022,15.1,15.2,15.01,15.05,115300
15/6/2022,14.9,15.04,14.79,14.98,275100
16/6/2022,14.95,14.95,14.76,14.89,403600
17/6/2022,14.8,14.85,14.72,14.82,117400
21/6/2022,14.64,14.69,14.51,14.54,351000
22/6/2022,14.5,14.51,14.3,14.45,189300
23/6/2022,14.58,14.7,14.5,14.65,270400
24/6/2022,14.69,14.83,14.65,14.79,175700
27/6/2022,15,15,14.8,14.81,292100
28/6/2022,14.99,14.99,14.76,14.82,109800
29/6/2022,14.85,14.85,14.67,14.71,115100
30/6/2022,14.52,14.52,14.34,14.4,238700
1/7/2022,14.39,14.5,14.34,14.48,325200
5/7/2022,14.18,14.28,14,14.09,986600
6/7/2022,13.97,13.97,13.76,13.8,375900
7/7/2022,14.08,14.17,14.08,14.16,219900
8/7/2022,14.16,14.33,14.09,14.28,203000
11/7/2022,14.28,14.28,14.16,14.18,95800
12/7/2022,14.31,14.38,14.26,14.34,112600
13/7/2022,14.23,14.33,14.16,14.21,209900
14/7/2022,14.26,14.34,14.25,14.34,204700
15/7/2022,14.27,14.44,14.27,14.43,179200
18/7/2022,14.4,14.42,14.25,14.27,316200
19/7/2022,14.42,14.52,14.42,14.52,78800
20/7/2022,14.63,14.64,14.55,14.61,177600
21/7/2022,14.69,14.7,14.58,14.66,74500
22/7/2022,14.6,14.61,14.47,14.5,135000
25/7/2022,14.59,14.62,14.53,14.57,98100
26/7/2022,14.47,14.47,14.33,14.34,133400
27/7/2022,14.41,14.63,14.41,14.61,56700
28/7/2022,14.72,14.82,14.64,14.8,134900
29/7/2022,14.71,14.75,14.64,14.73,107000
1/8/2022,14.94,15.04,14.84,15.03,503300
2/8/2022,15.08,15.14,15.02,15.06,147000
3/8/2022,15.15,15.23,15.05,15.22,183300
4/8/2022,15.2,15.27,15.11,15.26,304600
5/8/2022,15.21,15.3,15.2,15.29,139700
8/8/2022,15.38,15.39,15.29,15.36,462900
9/8/2022,15.45,15.45,15.36,15.42,118600
10/8/2022,15.53,15.53,15.43,15.51,137300
11/8/2022,15.44,15.52,15.37,15.43,249600
12/8/2022,15.56,15.7,15.53,15.67,78000
15/8/2022,15.7,15.76,15.67,15.71,115200
16/8/2022,15.71,15.72,15.62,15.68,84100
17/8/2022,15.75,15.8,15.68,15.74,131800
18/8/2022,15.62,15.68,15.58,15.64,293600
19/8/2022,15.52,15.52,15.37,15.45,151100
22/8/2022,15.3,15.31,15.25,15.28,76400
23/8/2022,15.43,15.52,15.36,15.47,222800
24/8/2022,15.57,15.63,15.51,15.6,73700
25/8/2022,15.64,15.8,15.64,15.78,389700
26/8/2022,15.67,15.67,15.3,15.34,452300
29/8/2022,15.26,15.34,15.22,15.24,359700
30/8/2022,15.21,15.26,15.13,15.17,89600
31/8/2022,15.36,15.38,15.27,15.33,259000
1/9/2022,15.25,15.25,15.14,15.24,101800
2/9/2022,15.3,15.31,15.17,15.17,41900
6/9/2022,15.16,15.16,15.02,15.05,401700
7/9/2022,14.86,14.93,14.75,14.88,135900
8/9/2022,14.85,14.93,14.83,14.86,88900
9/9/2022,15,15.11,14.96,15.05,506800
12/9/2022,15.11,15.18,15.06,15.15,122800
13/9/2022,14.96,14.96,14.61,14.66,514200
14/9/2022,14.85,14.85,14.7,14.78,442700
15/9/2022,14.75,14.83,14.62,14.65,358300
16/9/2022,14.58,14.6,14.5,14.51,212900
19/9/2022,14.4,14.41,14.31,14.37,150900
20/9/2022,14.4,14.4,14.32,14.4,291100
21/9/2022,14.37,14.4,14.25,14.35,206400
22/9/2022,14.27,14.39,14.19,14.2,186800
23/9/2022,14.1,14.11,14,14.05,125600
26/9/2022,13.8,13.85,13.57,13.59,393400
27/9/2022,13.58,13.68,13.52,13.55,207700
28/9/2022,13.41,13.54,13.38,13.5,225900
29/9/2022,13.25,13.39,13.05,13.08,188300
30/9/2022,13.05,13.47,13.05,13.3,1644200
3/10/2022,12.97,13,12.72,12.86,287900
4/10/2022,12.89,12.96,12.81,12.86,418400
5/10/2022,12.97,13.06,12.86,13.02,652900
6/10/2022,12.7,12.74,12.62,12.67,214200
7/10/2022,12.48,12.48,12.21,12.41,717100
10/10/2022,12.56,12.56,12.32,12.42,342700
11/10/2022,12.1,12.14,11.89,12.03,633600
12/10/2022,12.2,12.36,12.2,12.33,257200
13/10/2022,12.19,12.53,12.02,12.52,635200
14/10/2022,12.5,12.64,12.25,12.28,123000
17/10/2022,12.29,12.38,12.29,12.33,173100
18/10/2022,12.49,12.49,12.35,12.41,407100
19/10/2022,12.33,12.35,12.17,12.22,308200
20/10/2022,12.27,12.27,12.1,12.13,149600
21/10/2022,11.85,11.88,11.58,11.87,891100
24/10/2022,11.43,11.43,11.27,11.36,689800
25/10/2022,11.35,11.41,11.29,11.35,471600
26/10/2022,11.26,11.55,11.26,11.47,695200
27/10/2022,11.79,11.82,11.71,11.77,496900
28/10/2022,11.75,11.78,11.65,11.75,232500
31/10/2022,11.67,11.72,11.64,11.68,192500
1/11/2022,11.8,11.85,11.54,11.54,348000
2/11/2022,11.56,11.74,11.47,11.48,324300
3/11/2022,11.48,11.48,11.35,11.37,372200
4/11/2022,11.36,11.42,11.18,11.34,731200
7/11/2022,11.21,11.21,11.01,11.05,532200
8/11/2022,11.1,11.27,11.1,11.25,601200
9/11/2022,11.18,11.18,11,11.01,330300
10/11/2022,11.24,11.25,10.9,10.96,906800
11/11/2022,11.05,11.3,10.98,11.21,1643200
14/11/2022,11.08,11.2,10.92,10.94,1630000
15/11/2022,11,11.02,10.73,10.9,1137000
16/11/2022,11.15,11.34,11.14,11.26,1303300
17/11/2022,11.49,11.52,11.3,11.48,1383700
18/11/2022,11.6,11.62,11.34,11.38,591500
21/11/2022,11.25,11.28,11.13,11.17,538000
22/11/2022,11.15,11.18,11.08,11.15,542700
23/11/2022,11.11,11.16,11.06,11.12,450500
25/11/2022,11.45,11.6,11.37,11.57,528600
28/11/2022,11.82,12,11.77,11.8,1242400
29/11/2022,12.18,12.22,12.09,12.2,1546400
30/11/2022,12.39,12.78,12.38,12.78,1618300
1/12/2022,12.51,12.55,12.31,12.39,1223600
2/12/2022,12.76,12.91,12.73,12.84,1142200
5/12/2022,13.08,13.13,12.97,13.04,1811200
6/12/2022,12.71,12.74,12.47,12.51,1242600
7/12/2022,12.52,12.71,12.52,12.7,764700
8/12/2022,12.8,12.84,12.7,12.82,640700
9/12/2022,12.94,12.97,12.82,12.85,763100
12/12/2022,12.6,12.61,12.51,12.57,861700
13/12/2022,12.84,12.9,12.71,12.78,535400
14/12/2022,12.88,12.92,12.56,12.68,756600
15/12/2022,12.65,12.75,12.56,12.61,1598500
16/12/2022,12.51,12.6,12.48,12.51,468000
19/12/2022,12.32,12.36,12.1,12.15,496000
20/12/2022,12.03,12.07,11.93,11.98,547000
21/12/2022,12,12.11,11.86,12.06,927800
22/12/2022,12.03,12.07,11.86,11.95,720300
23/12/2022,11.97,12.15,11.96,12.14,641700
27/12/2022,11.96,12,11.85,11.92,755600
28/12/2022,11.96,12.04,11.76,11.85,942600
29/12/2022,11.88,11.9,11.78,11.89,444400
30/12/2022,11.85,11.9,11.78,11.84,571300
3/1/2023,12.11,12.31,12.11,12.31,1271800
4/1/2023,12.32,12.45,12.26,12.39,1443000
5/1/2023,12.39,12.4,12.29,12.33,808400
6/1/2023,12.35,12.45,12.23,12.43,920600
9/1/2023,12.5,12.51,12.35,12.37,1037100
10/1/2023,12.39,12.45,12.35,12.45,615700
11/1/2023,12.52,12.62,12.48,12.61,781300
12/1/2023,12.64,12.65,12.35,12.53,802100
13/1/2023,12.52,12.53,12.43,12.49,480700
17/1/2023,12.77,12.8,12.73,12.79,948200
18/1/2023,12.9,12.97,12.67,12.71,1427500
19/1/2023,12.71,12.96,12.71,12.89,807500
20/1/2023,12.98,13.08,12.89,13.03,1017600
23/1/2023,13.11,13.17,13.01,13.13,1289900
24/1/2023,13.1,13.12,12.92,12.96,791500
25/1/2023,12.98,13.06,12.72,12.78,1138000
26/1/2023,12.95,13.12,12.81,12.93,941600
27/1/2023,12.98,13.08,12.93,13,929800
30/1/2023,12.87,12.99,12.64,12.65,842400
31/1/2023,12.73,12.93,12.71,12.89,466000
1/2/2023,12.65,12.72,12.51,12.69,1574800
2/2/2023,12.67,12.68,12.27,12.54,2698500
3/2/2023,12.48,12.53,12.15,12.27,1686100
6/2/2023,12.4,12.43,12.3,12.36,1173400
7/2/2023,12.18,12.27,12.07,12.27,1152100
8/2/2023,12.27,12.29,12.09,12.09,1284600
9/2/2023,12.15,12.16,11.9,11.96,1317900
10/2/2023,11.95,11.97,11.9,11.95,434600
13/2/2023,11.82,12,11.78,11.86,1013300
14/2/2023,11.83,11.89,11.68,11.83,659400
15/2/2023,11.88,11.95,11.8,11.86,1074300
16/2/2023,11.91,12.06,11.85,12,1614100
17/2/2023,11.94,11.95,11.85,11.88,330400
21/2/2023,12.12,12.16,12,12.05,1147200
22/2/2023,11.9,11.9,11.71,11.76,1155500
23/2/2023,11.8,11.8,11.52,11.7,1730900
24/2/2023,11.52,11.52,11.38,11.48,1181400
27/2/2023,11.36,11.4,11.16,11.24,1586600
28/2/2023,11.3,11.3,11.21,11.26,919700
1/3/2023,11.42,11.62,11.42,11.59,1586100
2/3/2023,11.53,11.58,11.47,11.57,476500
3/3/2023,11.47,11.61,11.36,11.57,1017400
6/3/2023,11.6,11.61,11.44,11.48,1372700
7/3/2023,11.62,11.64,11.52,11.52,1056000
8/3/2023,11.66,11.76,11.65,11.74,783600
9/3/2023,11.77,11.82,11.61,11.64,1452900
10/3/2023,11.81,11.87,11.63,11.66,835600
13/3/2023,11.65,11.75,11.59,11.69,1094100
14/3/2023,11.65,11.66,11.57,11.61,1072100
15/3/2023,11.73,11.8,11.61,11.69,1213600
16/3/2023,11.65,11.86,11.62,11.86,1217400
17/3/2023,11.71,11.85,11.62,11.63,1538200
20/3/2023,11.51,11.53,11.42,11.48,575400
21/3/2023,11.6,11.78,11.6,11.76,808200
22/3/2023,11.8,11.87,11.7,11.75,694900
23/3/2023,11.79,11.94,11.77,11.79,977800
24/3/2023,11.77,11.84,11.63,11.83,697500
27/3/2023,11.89,12.1,11.89,12.08,1069500
28/3/2023,12.06,12.09,12.01,12.09,443900
29/3/2023,12.15,12.21,12.06,12.15,376200
30/3/2023,12.16,12.2,12.09,12.15,475400
31/3/2023,12.2,12.22,12.15,12.18,384400
3/4/2023,12.3,12.46,12.29,12.46,456800
4/4/2023,12.44,12.46,12.38,12.42,366800
5/4/2023,12.41,12.49,12.37,12.39,430000
6/4/2023,12.32,12.32,12.19,12.29,1042100
10/4/2023,12.27,12.39,12.19,12.3,338200
11/4/2023,12.39,12.39,12.24,12.29,789400
12/4/2023,12.29,12.36,12.26,12.28,347100
13/4/2023,12.22,12.24,12.17,12.24,268600
14/4/2023,12.14,12.15,12.01,12.08,734700
17/4/2023,12.05,12.11,12.05,12.11,222800
18/4/2023,12.19,12.2,12.11,12.13,802000
19/4/2023,12.02,12.07,11.95,11.96,716100
20/4/2023,11.92,12.01,11.91,11.98,553400
21/4/2023,11.9,11.9,11.85,11.9,859000
24/4/2023,11.88,11.88,11.82,11.86,694300
25/4/2023,11.8,11.81,11.66,11.67,1074200
26/4/2023,11.76,11.82,11.76,11.79,341100
27/4/2023,11.8,11.97,11.8,11.95,821400
28/4/2023,12.02,12.15,11.97,12.15,512600
1/5/2023,12.17,12.18,12.04,12.05,613500
2/5/2023,12,12.09,11.92,11.95,517100
3/5/2023,11.91,11.97,11.89,11.92,465800
4/5/2023,11.89,11.92,11.83,11.89,755200
5/5/2023,11.84,12,11.83,12,196200
8/5/2023,12.04,12.15,12.04,12.08,230800
9/5/2023,12.08,12.12,12.04,12.05,546800
10/5/2023,12.14,12.28,12.14,12.26,810500
11/5/2023,12.28,12.39,12.26,12.38,1098500
12/5/2023,12.44,12.57,12.4,12.49,480900
15/5/2023,12.51,12.51,12.42,12.47,370700
16/5/2023,12.44,12.47,12.41,12.44,215500
17/5/2023,12.34,12.4,12.32,12.34,867100
18/5/2023,12.34,12.42,12.34,12.4,265000
19/5/2023,12.4,12.42,12.37,12.37,299600
22/5/2023,12.44,12.48,12.4,12.46,357000
23/5/2023,12.34,12.38,12.33,12.34,268400
24/5/2023,12.29,12.38,12.25,12.25,207000
25/5/2023,12.27,12.34,12.27,12.34,309000
26/5/2023,12.27,12.33,12.26,12.3,719800
30/5/2023,12.4,12.49,12.38,12.44,724600
31/5/2023,12.4,12.54,12.28,12.43,2147900
1/6/2023,12.54,12.83,12.46,12.81,1586400
2/6/2023,12.89,12.92,12.86,12.86,545900
5/6/2023,12.77,12.86,12.75,12.83,205100
6/6/2023,12.91,13.1,12.91,13.1,1068200
7/6/2023,13.23,13.23,13.13,13.14,303300
8/6/2023,13.07,13.08,12.99,13,486700
9/6/2023,13.1,13.17,13.05,13.15,317400
12/6/2023,13.22,13.32,13.22,13.32,575200
13/6/2023,13.4,13.43,13.34,13.35,431200
14/6/2023,13.23,13.27,13.18,13.24,890600
15/6/2023,13.24,13.27,13.15,13.17,654900
16/6/2023,13.17,13.19,13.11,13.13,321500
20/6/2023,13.06,13.13,13.06,13.11,395600
21/6/2023,13.18,13.38,13.18,13.34,445800
22/6/2023,13.4,13.58,13.37,13.55,1233900
23/6/2023,13.57,13.57,13.4,13.54,543600
26/6/2023,13.55,13.61,13.51,13.54,318200
27/6/2023,13.56,13.64,13.56,13.63,434400
28/6/2023,13.63,13.65,13.56,13.58,315500
29/6/2023,13.42,13.43,13.27,13.31,1632800
30/6/2023,13.31,13.36,13.29,13.3,407000
3/7/2023,13.3,13.34,13.27,13.29,227800
5/7/2023,13.37,13.47,13.33,13.46,910700
6/7/2023,13.27,13.33,13.21,13.22,605500
7/7/2023,13.39,13.5,13.38,13.45,289100
10/7/2023,13.56,13.74,13.55,13.73,1194300
11/7/2023,13.73,13.73,13.66,13.71,599700
12/7/2023,13.8,13.85,13.77,13.82,283600
13/7/2023,13.96,14.01,13.92,14,514000
14/7/2023,14.11,14.11,14.04,14.05,490200
17/7/2023,14.11,14.15,14.07,14.09,322400
18/7/2023,14.14,14.15,14.09,14.1,353600
19/7/2023,14.1,14.11,13.93,13.96,1123700
20/7/2023,13.94,14.02,13.93,14,461600
21/7/2023,14.15,14.35,14.15,14.33,1011800
24/7/2023,14.4,14.52,14.37,14.5,766200
25/7/2023,14.4,14.5,14.38,14.42,418300
26/7/2023,14.48,14.57,14.46,14.57,655300
27/7/2023,14.62,14.62,14.43,14.44,333100
28/7/2023,14.68,14.82,14.61,14.81,505800
31/7/2023,15,15.09,14.98,15.05,864800
1/8/2023,14.9,14.92,14.76,14.8,1939500
2/8/2023,14.76,14.79,14.6,14.62,1602300
3/8/2023,14.5,14.65,14.49,14.65,335400
4/8/2023,14.89,15.2,14.89,15.08,826700
7/8/2023,15.28,15.34,15.23,15.33,762100
8/8/2023,15.33,15.34,15.22,15.27,403100
9/8/2023,15.2,15.25,15.04,15.06,506000
10/8/2023,15.03,15.04,14.92,14.92,485500
11/8/2023,14.98,15.18,14.98,15.18,649100
14/8/2023,15.3,15.49,15.25,15.49,1006300
15/8/2023,15.39,15.39,15.17,15.2,427100
16/8/2023,15.26,15.4,15.25,15.29,761600
17/8/2023,15.3,15.3,15.05,15.11,912100
18/8/2023,14.3,14.33,14.1,14.18,2023300
21/8/2023,14.27,14.36,14.24,14.34,520300
22/8/2023,14.4,14.43,14.34,14.38,385700
23/8/2023,14.36,14.47,14.22,14.32,390800
24/8/2023,14.48,14.6,14.47,14.5,424600
25/8/2023,14.58,14.66,14.52,14.58,468500
28/8/2023,14.78,14.94,14.78,14.91,584400
29/8/2023,14.9,14.93,14.84,14.92,606700
30/8/2023,14.95,15.07,14.94,14.99,391900
31/8/2023,15.15,15.24,15.14,15.16,469000
1/9/2023,15.24,15.27,15.13,15.13,375200
5/9/2023,15.24,15.31,15.22,15.24,426000
6/9/2023,15.38,15.5,15.38,15.49,755700
7/9/2023,15.38,15.44,15.3,15.43,451900
8/9/2023,15.46,15.48,15.35,15.46,401700
11/9/2023,15.3,15.34,15.2,15.26,909400
12/9/2023,15.52,15.65,15.48,15.61,520200
13/9/2023,15.46,15.48,15.33,15.33,868000
14/9/2023,15.14,15.2,15.04,15.06,648600
15/9/2023,15,15.03,14.94,14.95,709900
18/9/2023,14.86,14.86,14.69,14.81,734700
19/9/2023,14.81,14.86,14.66,14.71,1097900
20/9/2023,14.95,15.05,14.91,14.92,1037700
21/9/2023,14.72,14.76,14.67,14.68,610900
22/9/2023,14.34,14.4,14.15,14.18,1043100
25/9/2023,13.58,13.58,13.44,13.47,1168800
26/9/2023,13.34,13.34,13.21,13.23,1041100
27/9/2023,13.51,13.61,13.51,13.59,844700
28/9/2023,13.5,13.59,13.42,13.52,554400
29/9/2023,13.65,13.67,13.53,13.54,374000
2/10/2023,13.61,13.69,13.55,13.66,572400
3/10/2023,13.05,13.08,12.91,12.91,1064200
4/10/2023,13.13,13.25,13.12,13.18,1071200
5/10/2023,13.03,13.06,12.97,13.03,462700
6/10/2023,13.14,13.41,13.14,13.37,560300
9/10/2023,13.46,13.5,13.4,13.5,425200
10/10/2023,13.52,13.58,13.49,13.55,729100
11/10/2023,13.67,13.75,13.64,13.65,373400
12/10/2023,13.72,13.73,13.6,13.68,374200
13/10/2023,13.75,13.8,13.66,13.7,585300
16/10/2023,13.54,13.57,13.46,13.5,489700
17/10/2023,13.18,13.28,13.04,13.14,959700
18/10/2023,12.93,12.93,12.78,12.78,944600
19/10/2023,12.6,12.64,12.35,12.36,1777600
20/10/2023,12.72,12.82,12.72,12.76,780800
23/10/2023,12.61,12.73,12.61,12.67,280200
24/10/2023,12.82,12.99,12.81,12.95,853400
25/10/2023,12.87,12.89,12.7,12.7,452100
26/10/2023,12.19,12.2,12.01,12.04,917300
27/10/2023,12.08,12.15,12.03,12.05,380300
30/10/2023,11.91,11.91,11.8,11.83,373400
31/10/2023,11.59,11.6,11.51,11.56,688300
1/11/2023,11.8,11.83,11.74,11.83,461600
2/11/2023,12.29,12.49,12.28,12.46,918200
3/11/2023,12.53,12.55,12.47,12.53,455000
6/11/2023,12.71,12.75,12.67,12.75,284600
7/11/2023,12.64,12.66,12.55,12.58,182200
8/11/2023,13.03,13.12,13.03,13.1,348800
9/11/2023,13.15,13.22,13.13,13.17,572300
10/11/2023,13.14,13.18,13.12,13.18,224000
13/11/2023,13.13,13.14,13.04,13.11,207800
14/11/2023,13.32,13.4,13.29,13.37,456000
15/11/2023,13.41,13.44,13.36,13.41,319900
16/11/2023,13.46,13.49,13.44,13.48,560900
17/11/2023,13.2,13.26,13.07,13.11,293500
20/11/2023,13.23,13.29,13.19,13.28,498300
21/11/2023,13.33,13.44,13.32,13.37,300600
22/11/2023,13.48,13.56,13.47,13.55,402000
24/11/2023,13.28,13.41,13.14,13.14,378500
27/11/2023,13.08,13.11,13.01,13.06,379300
28/11/2023,13.13,13.21,13.13,13.16,162800
29/11/2023,13.28,13.32,13.25,13.26,388500
30/11/2023,13.18,13.18,13.03,13.1,563900
1/12/2023,13.16,13.33,13.15,13.31,243000
4/12/2023,13.5,13.61,13.5,13.59,783900
5/12/2023,13.55,13.6,13.53,13.56,346100
6/12/2023,13.65,13.73,13.62,13.68,471100
7/12/2023,13.6,13.65,13.5,13.54,549600
8/12/2023,13.46,13.52,13.46,13.48,330300
11/12/2023,13.53,13.64,13.53,13.63,300400
12/12/2023,13.6,13.61,13.51,13.55,246100
13/12/2023,13.4,13.43,13.29,13.4,672000
14/12/2023,13.34,13.36,13.24,13.3,715800
15/12/2023,13.15,13.17,13.09,13.14,341200
18/12/2023,12.46,12.5,12.35,12.39,817600
19/12/2023,12.44,12.51,12.43,12.51,427100
20/12/2023,12.52,12.61,12.46,12.5,455500
21/12/2023,12.55,12.63,12.54,12.59,316700
22/12/2023,12.65,12.68,12.6,12.62,293500
26/12/2023,12.8,12.95,12.7,12.88,465200
27/12/2023,12.87,12.89,12.77,12.82,621800
28/12/2023,12.91,12.94,12.89,12.91,260400
29/12/2023,12.95,12.95,12.88,12.92,301500
2/1/2024,12.82,12.83,12.7,12.72,841800
3/1/2024,12.82,12.89,12.82,12.85,567100
4/1/2024,12.93,12.96,12.9,12.93,407700
5/1/2024,12.98,13.12,12.98,13.12,1354500
8/1/2024,13.17,13.19,13.1,13.16,587500
9/1/2024,13.03,13.08,13,13.05,443100
10/1/2024,13,13,12.89,12.93,464000
11/1/2024,12.96,12.96,12.84,12.91,338300
12/1/2024,12.82,12.82,12.69,12.73,342100
16/1/2024,12.75,12.81,12.71,12.75,446400
17/1/2024,12.72,12.72,12.61,12.63,1056700
18/1/2024,12.78,12.91,12.7,12.91,649500
19/1/2024,12.94,12.95,12.86,12.93,270700
22/1/2024,12.94,12.99,12.88,12.92,358200
23/1/2024,12.89,12.9,12.78,12.82,354200
24/1/2024,12.78,12.93,12.78,12.84,1217000
25/1/2024,12.83,12.85,12.77,12.81,441300
26/1/2024,12.85,12.88,12.84,12.87,282700
29/1/2024,12.81,12.85,12.77,12.8,300900
30/1/2024,12.88,12.96,12.87,12.94,411700
31/1/2024,12.8,12.83,12.7,12.7,825500
1/2/2024,12.88,12.94,12.81,12.89,353300
2/2/2024,12.88,12.95,12.87,12.94,363500
5/2/2024,12.95,12.96,12.87,12.9,292400
6/2/2024,12.94,12.97,12.83,12.95,284700
7/2/2024,13.01,13.09,12.99,13.05,318300
8/2/2024,13.08,13.12,13.04,13.08,345300
9/2/2024,13.06,13.08,13.05,13.07,268700
12/2/2024,13.1,13.16,13.08,13.15,515400
13/2/2024,13.01,13.04,12.95,12.99,437900
14/2/2024,13.05,13.06,12.98,13.03,282600
15/2/2024,13.07,13.1,13.02,13.08,183200
16/2/2024,13.1,13.22,13.08,13.17,523400
20/2/2024,13.36,13.54,13.36,13.54,940600
21/2/2024,13.44,13.44,13.37,13.42,749900
22/2/2024,13.42,13.42,13.31,13.37,629000
23/2/2024,13.13,13.13,13.03,13.06,777300
26/2/2024,13.07,13.1,13.05,13.06,379700
27/2/2024,13.24,13.3,13.22,13.3,379000
28/2/2024,13.37,13.53,13.29,13.52,488200
29/2/2024,13.47,13.52,13.44,13.51,384400
1/3/2024,13.53,13.61,13.52,13.6,438500
4/3/2024,13.58,13.64,13.57,13.58,470700
5/3/2024,13.65,13.68,13.57,13.59,301100
6/3/2024,13.51,13.55,13.49,13.52,364800
7/3/2024,13.65,13.79,13.65,13.78,271100
8/3/2024,13.52,13.55,13.44,13.46,802400
11/3/2024,13.38,13.38,13.3,13.3,398500
12/3/2024,13.3,13.35,13.27,13.35,459100
13/3/2024,13.56,13.64,13.49,13.61,577100
14/3/2024,13.58,13.67,13.54,13.56,361900
15/3/2024,13.53,13.57,13.48,13.52,239100
18/3/2024,13.49,13.51,13.34,13.34,442600
19/3/2024,13.33,13.42,13.3,13.4,204700
20/3/2024,13.51,13.59,13.49,13.57,356500
21/3/2024,13.65,13.7,13.63,13.67,488100
22/3/2024,13.71,13.74,13.7,13.73,189200
25/3/2024,13.65,13.7,13.56,13.62,200900
26/3/2024,13.69,13.74,13.66,13.72,223300
27/3/2024,13.74,13.84,13.72,13.83,593600
28/3/2024,13.82,13.91,13.81,13.9,411800
1/4/2024,13.74,13.79,13.62,13.65,581000
2/4/2024,13.66,13.69,13.58,13.64,1099000
3/4/2024,13.58,13.61,13.45,13.56,605600
4/4/2024,13.6,13.63,13.4,13.43,276300
5/4/2024,13.37,13.42,13.3,13.37,319900
8/4/2024,13.34,13.35,13.23,13.25,487200
9/4/2024,13.38,13.44,13.34,13.38,331500
10/4/2024,13.24,13.33,13.18,13.32,647600
11/4/2024,13.38,13.4,13.31,13.37,209100
12/4/2024,13.35,13.41,13.24,13.26,623800
15/4/2024,12.75,12.75,12.55,12.55,1331100
16/4/2024,12.49,12.5,12.41,12.41,478400
17/4/2024,12.24,12.28,12.09,12.12,1155400
18/4/2024,12.17,12.21,12.11,12.14,932400
19/4/2024,11.97,12.05,11.84,11.85,697000
22/4/2024,12.06,12.19,11.98,12.17,631900
23/4/2024,11.99,12.02,11.91,12.01,972300
24/4/2024,12.22,12.28,12.18,12.21,581800
25/4/2024,12.16,12.29,12.15,12.25,379700
26/4/2024,12.33,12.34,12.26,12.3,305600
29/4/2024,12.36,12.4,12.3,12.36,384400
30/4/2024,12.31,12.34,12.19,12.2,311500
1/5/2024,12.2,12.25,12.17,12.18,224800
2/5/2024,12.31,12.31,12.2,12.3,219900
3/5/2024,12.34,12.45,12.34,12.4,374500
6/5/2024,12.58,12.66,12.56,12.65,280000
7/5/2024,12.69,12.72,12.65,12.67,410800
8/5/2024,12.71,12.72,12.66,12.69,308400
9/5/2024,12.65,12.69,12.61,12.68,194800
10/5/2024,12.63,12.68,12.55,12.56,819500
13/5/2024,12.54,12.59,12.52,12.55,1048000
14/5/2024,12.59,12.63,12.56,12.57,661900
15/5/2024,12.7,12.82,12.7,12.82,1068100
16/5/2024,12.83,12.89,12.81,12.85,503700
17/5/2024,12.89,12.98,12.87,12.95,604000
20/5/2024,12.98,12.99,12.93,12.97,461000
21/5/2024,12.92,13,12.9,12.9,810300
22/5/2024,12.85,12.9,12.73,12.73,869200
23/5/2024,12.88,12.94,12.8,12.84,757500
24/5/2024,12.69,12.7,12.59,12.6,386100
28/5/2024,12.76,12.84,12.76,12.82,440300
29/5/2024,12.7,12.76,12.67,12.67,531800
30/5/2024,12.66,12.68,12.59,12.61,310000
31/5/2024,12.59,12.64,12.56,12.61,320900
3/6/2024,12.77,12.82,12.72,12.79,695900
4/6/2024,12.83,12.85,12.78,12.83,597300
5/6/2024,12.86,12.95,12.86,12.91,696900
6/6/2024,12.84,12.9,12.78,12.81,379500
7/6/2024,12.78,12.85,12.77,12.81,307600
10/6/2024,12.88,12.89,12.79,12.84,292300
11/6/2024,12.75,12.8,12.64,12.65,440800
12/6/2024,12.86,12.96,12.86,12.95,596200
13/6/2024,12.91,12.95,12.87,12.92,483300
14/6/2024,12.66,12.75,12.62,12.7,1332700
17/6/2024,12.67,12.69,12.58,12.65,372300
18/6/2024,12.65,12.75,12.63,12.71,537500
20/6/2024,12.62,12.7,12.42,12.43,962200
21/6/2024,12.44,12.47,12.42,12.45,456100
24/6/2024,12.26,12.29,12.23,12.23,424000
25/6/2024,12.29,12.31,12.24,12.3,618800
26/6/2024,12.27,12.4,12.26,12.28,606300
27/6/2024,12.3,12.39,12.26,12.29,152600
28/6/2024,12.2,12.26,12.15,12.17,737500
1/7/2024,12.3,12.35,12.22,12.3,203900
2/7/2024,12.43,12.44,12.36,12.4,403300
3/7/2024,12.4,12.46,12.4,12.46,154900
5/7/2024,12.43,12.48,12.41,12.45,361000
8/7/2024,12.38,12.44,12.38,12.38,265300
9/7/2024,12.47,12.53,12.44,12.49,341000
10/7/2024,12.43,12.49,12.39,12.48,200300
11/7/2024,12.44,12.5,12.43,12.44,174000
12/7/2024,12.43,12.5,12.42,12.45,187300
15/7/2024,12.45,12.45,12.34,12.35,680600
16/7/2024,12.34,12.39,12.32,12.34,332200
17/7/2024,12.16,12.16,12.06,12.07,969400
18/7/2024,12.25,12.29,12.13,12.16,369500
19/7/2024,12.11,12.12,12.04,12.05,299600
22/7/2024,12.05,12.1,12.04,12.07,312500
23/7/2024,11.95,11.98,11.86,11.87,737200
24/7/2024,11.96,11.98,11.87,11.9,384100
25/7/2024,11.91,11.98,11.89,11.92,308500
26/7/2024,11.99,12.07,11.97,12.05,215700
29/7/2024,12.08,12.09,11.98,12.01,309400
30/7/2024,11.99,12.03,11.95,11.96,229500
31/7/2024,12.12,12.13,12.07,12.07,260000
1/8/2024,11.82,11.86,11.69,11.71,693600
2/8/2024,11.8,11.83,11.72,11.77,543300
5/8/2024,11.3,11.46,11.25,11.4,884500
6/8/2024,11.59,11.72,11.56,11.66,335900
7/8/2024,11.79,11.83,11.71,11.71,298800
8/8/2024,11.78,11.85,11.73,11.82,118200
9/8/2024,11.83,11.91,11.81,11.84,198900
12/8/2024,11.87,11.89,11.84,11.87,214400
13/8/2024,11.84,11.89,11.78,11.87,234300
14/8/2024,11.84,11.88,11.81,11.86,98600
15/8/2024,11.81,11.86,11.81,11.84,189800
16/8/2024,12.04,12.15,12.04,12.15,371600
19/8/2024,12.23,12.35,12.2,12.34,279900
20/8/2024,12.4,12.48,12.36,12.47,205600
21/8/2024,12.5,12.55,12.49,12.54,263400
22/8/2024,12.49,12.51,12.41,12.41,180200
23/8/2024,12.49,12.57,12.49,12.56,282800
26/8/2024,12.52,12.58,12.51,12.55,161300
27/8/2024,12.6,12.67,12.59,12.66,232800
28/8/2024,12.59,12.6,12.47,12.5,500600
29/8/2024,12.5,12.58,12.5,12.57,198300
30/8/2024,12.57,12.63,12.52,12.55,148500
3/9/2024,12.52,12.55,12.36,12.38,373400
4/9/2024,12.5,12.57,12.47,12.5,230500
5/9/2024,12.5,12.55,12.49,12.51,89800
6/9/2024,12.65,12.69,12.55,12.57,206300
9/9/2024,12.54,12.63,12.47,12.6,237100
10/9/2024,12.44,12.57,12.29,12.45,227900
11/9/2024,12.4,12.45,12.31,12.43,326500
12/9/2024,12.38,12.42,12.37,12.4,170900
13/9/2024,12.36,12.44,12.33,12.38,324000
16/9/2024,12.26,12.26,12.19,12.21,206900
17/9/2024,12.43,12.48,12.42,12.48,257900
18/9/2024,12.5,12.5,12.41,12.47,133500
19/9/2024,12.57,12.62,12.54,12.61,174800
20/9/2024,12.53,12.58,12.53,12.54,129300
23/9/2024,12.57,12.6,12.55,12.57,106200
24/9/2024,12.66,12.68,12.62,12.67,276100
25/9/2024,12.74,12.83,12.71,12.72,534500
26/9/2024,12.83,12.85,12.74,12.76,1236800
27/9/2024,12.8,12.86,12.77,12.8,230800
30/9/2024,12.84,12.84,12.73,12.78,488400
1/10/2024,12.83,12.89,12.74,12.84,260300
2/10/2024,12.75,12.76,12.69,12.7,229300
3/10/2024,12.54,12.64,12.48,12.52,232000
4/10/2024,12.5,12.51,12.45,12.48,234900
7/10/2024,12.48,12.49,12.39,12.39,409800
8/10/2024,12.44,12.48,12.41,12.45,249500
9/10/2024,12.49,12.6,12.49,12.6,202100
10/10/2024,12.52,12.56,12.47,12.5,183300
11/10/2024,12.57,12.67,12.51,12.65,246700
14/10/2024,12.62,12.64,12.54,12.62,174300
15/10/2024,12.46,12.46,12.35,12.35,366000
16/10/2024,12.37,12.42,12.32,12.34,152300
17/10/2024,12.37,12.4,12.29,12.33,180600
18/10/2024,12.29,12.33,12.24,12.25,334100
21/10/2024,12.24,12.26,12.21,12.22,240300
22/10/2024,12.11,12.16,12.09,12.12,202700
23/10/2024,12.1,12.17,12.03,12.05,1231700
24/10/2024,12,12.05,11.94,11.95,574600
25/10/2024,11.96,11.99,11.89,11.91,306400
28/10/2024,11.95,11.96,11.89,11.91,436400
29/10/2024,11.96,12.02,11.94,11.98,378300
30/10/2024,11.93,11.96,11.87,11.9,194500
31/10/2024,11.92,11.96,11.87,11.91,514200
1/11/2024,11.88,11.93,11.79,11.81,587600
4/11/2024,11.8,11.8,11.71,11.74,409700
5/11/2024,11.74,11.81,11.74,11.77,250800
6/11/2024,12.01,12.04,11.91,12,779000
7/11/2024,12,12.03,11.99,12.01,561700
8/11/2024,11.96,11.96,11.9,11.92,232500
11/11/2024,11.96,11.99,11.91,11.92,454600
12/11/2024,11.9,11.9,11.8,11.8,348800
13/11/2024,11.8,11.84,11.76,11.78,305500
14/11/2024,11.69,11.7,11.59,11.6,405500
15/11/2024,11.5,11.52,11.4,11.4,401600
18/11/2024,11.47,11.54,11.47,11.5,237000
19/11/2024,11.38,11.41,11.36,11.39,216400
20/11/2024,11.47,11.5,11.43,11.5,271300
21/11/2024,11.6,11.65,11.58,11.63,255500
22/11/2024,11.58,11.7,11.52,11.59,1517000
25/11/2024,11.69,11.72,11.64,11.72,404900
26/11/2024,11.77,11.78,11.7,11.75,544800
27/11/2024,11.71,11.73,11.65,11.66,170500
29/11/2024,11.73,11.78,11.7,11.76,351300
2/12/2024,11.76,11.76,11.7,11.72,531300
3/12/2024,11.64,11.68,11.61,11.62,308300
4/12/2024,11.58,11.58,11.51,11.53,408800
5/12/2024,11.89,11.97,11.87,11.94,670400
6/12/2024,11.94,11.99,11.94,11.97,221400
9/12/2024,11.99,12.03,11.97,11.98,304500
10/12/2024,11.99,11.99,11.92,11.93,359900
11/12/2024,11.94,11.97,11.9,11.91,163100
12/12/2024,11.88,11.88,11.82,11.84,229100
13/12/2024,11.8,11.82,11.73,11.73,944000
16/12/2024,11.77,11.84,11.76,11.83,306100
17/12/2024,11.74,11.79,11.71,11.74,396200
18/12/2024,11.76,11.81,11.64,11.64,326000
19/12/2024,11.66,11.75,11.59,11.63,606000
20/12/2024,11.62,11.74,11.61,11.65,501000
23/12/2024,11.65,11.69,11.61,11.66,301800
24/12/2024,11.65,11.68,11.63,11.66,171500
26/12/2024,11.66,11.74,11.65,11.71,144000
27/12/2024,11.63,11.63,11.53,11.54,528100
30/12/2024,11.5,11.57,11.49,11.55,347500
