{
    "train_loss": [
        0.11711519601253363,
        0.046715234449276555,
        0.0371629498898983,
        0.034214686946227,
        0.030095843211389504,
        0.03227517258089322,
        0.02525324777055245,
        0.02692979575636295,
        0.025809752009809016,
        0.027843304723501206,
        0.024463608875297582,
        0.025253069658692066,
        0.024702430444841203,
        0.022702847507137518,
        0.028056066755491955,
        0.025910503145020743,
        0.022530824203903857,
        0.022341756522655486,
        0.027649048192856403,
        0.02416088652725403,
        0.02316889609568394,
        0.022719150566710877,
        0.022436376145252814,
        0.019556744797871662,
        0.01869911226229026,
        0.018959842507655804,
        0.017885542531999258,
        0.019215687084943055,
        0.020660474265997226,
        0.02024807151980125,
        0.018064979707392362
    ],
    "val_loss": [
        0.030918336172095117,
        0.015925502021084812,
        0.018562348641674307,
        0.04622850304140764,
        0.032764774938935745,
        0.016740085831021562,
        0.025894680854809636,
        0.024468981277416733,
        0.014638753388734424,
        0.014440262553227298,
        0.012446500854018857,
        0.03843829276807168,
        0.015434543485753238,
        0.01349245326127857,
        0.014670048901975593,
        0.028935581253951088,
        0.017037287868066308,
        0.018768598736428162,
        0.01897152325631503,
        0.017485179671305504,
        0.020039350835277754,
        0.03095488261212321,
        0.014104259200394154,
        0.02737719056141727,
        0.016157462850541753,
        0.017777681350708008,
        0.01560761027640718,
        0.021126790958292344,
        0.022711325792924446,
        0.026382379754282096,
        0.017288850360166502
    ],
    "val_r2": [
        0.1743570964773511,
        0.5711632559052107,
        0.5115117262553537,
        -0.24320112584187425,
        0.1298965751480734,
        0.5584178087115046,
        0.31472872204417324,
        0.3519460271432392,
        0.6170597215595071,
        0.6061895531421242,
        0.6670631168759436,
        -0.021203483618643215,
        0.5879132095178284,
        0.642747406038261,
        0.6153709332031243,
        0.241449140900991,
        0.55422945281609,
        0.4820528373514713,
        0.4927915223453694,
        0.5256631357569015,
        0.46671753330380317,
        0.17993473138020688,
        0.6244785273108976,
        0.2882800879115325,
        0.5846107021402696,
        0.5393455127588744,
        0.592107131338486,
        0.43189195613404374,
        0.416122418987218,
        0.3228326450223864,
        0.5482618475339953
    ]
}