{
    "train_loss": [
        0.060478948790114374,
        0.020350482541834934,
        0.016928064782405272,
        0.016594037262257187,
        0.014638610725523905,
        0.014637564140139147,
        0.013151554542127996,
        0.013704498129663989,
        0.014106571715092286,
        0.012286769138881937,
        0.012413482356350869,
        0.013136661233147606,
        0.014417273219441995,
        0.011981742113130167,
        0.011421177256852388,
        0.011067928746342659,
        0.011401474644662813,
        0.011193593899952248,
        0.011742514558136463,
        0.011417496018111706,
        0.01127279720385559,
        0.01078904773457907,
        0.012734138977248222,
        0.011287030414678156,
        0.012050495442235843,
        0.009923078617430293,
        0.010279829066712409,
        0.010288351439521648,
        0.009355983464047313,
        0.010156437038676813,
        0.010034998407354579,
        0.009798799525015056,
        0.01077012971509248,
        0.009144967180327512,
        0.00898091563140042,
        0.009125320467865095,
        0.009201366198249161,
        0.008727601656573825,
        0.008480641635833308,
        0.008644427894614637,
        0.00905618692340795,
        0.008423661976121367
    ],
    "val_loss": [
        0.12839820445515215,
        0.16086379392072558,
        0.05917442599311471,
        0.0853274536319077,
        0.06261973651126027,
        0.08381998017430306,
        0.06856906479224563,
        0.0578768752515316,
        0.04056626460514963,
        0.03588602850213647,
        0.03312418619170785,
        0.026931471703574062,
        0.04475789954885841,
        0.025907887169159947,
        0.04376996988430619,
        0.09586163712665438,
        0.053983183298259976,
        0.08896588627249002,
        0.05323194125667215,
        0.035422619944438336,
        0.02449054257012904,
        0.022446894133463503,
        0.04895416921935976,
        0.026470016222447157,
        0.03625518726184964,
        0.1362470367923379,
        0.03465026905760169,
        0.028416350297629834,
        0.07550897421315313,
        0.10104321455582976,
        0.14835460353642702,
        0.0471628101542592,
        0.027343775564804673,
        0.03474264438264072,
        0.06887221587821842,
        0.0875813071615994,
        0.03896894317585975,
        0.04679895085282624,
        0.03757481786888093,
        0.038235033536329864,
        0.058682254049926996,
        0.0335873662494123
    ],
    "val_r2": [
        -0.3532496561481999,
        -0.6919814353694509,
        0.3762004876078958,
        0.10091394180674162,
        0.34000314326823367,
        0.11607041629838444,
        0.2776332829626156,
        0.39046547548639166,
        0.5727948329866535,
        0.6221185706828717,
        0.6510272219304267,
        0.7164280890132634,
        0.5285882796973767,
        0.726962493041455,
        0.5390233001786867,
        -0.009563915602313733,
        0.4312381969033735,
        0.06323969997369283,
        0.43936897900343197,
        0.6270672568808733,
        0.7419625900016533,
        0.7635498720370575,
        0.48456343906175625,
        0.7210833029450163,
        0.6182172793898262,
        -0.4338148642276314,
        0.6350645658930384,
        0.7006269128091633,
        0.20495773874960566,
        -0.064067658564261,
        -0.561262549381849,
        0.5030971391824838,
        0.7118053171247128,
        0.633897019484724,
        0.27483575161373164,
        0.07823319732043632,
        0.589424514899726,
        0.5068969705682728,
        0.6039649804249809,
        0.5970320498840362,
        0.3819395028387913,
        0.6460649153349425
    ]
}